Date,adj_close,close,high,low,open,volume,return_1d,ma_5,ma_20,vol_20,target
2020-01-02,53.503265380859375,60.040000915527344,60.119998931884766,59.599998474121094,59.599998474121094,8432600,,,,,0
2020-01-03,51.73883438110352,58.060001373291016,58.97999954223633,58.040000915527344,58.970001220703125,10546400,-0.0329780065297145,,,,0
2020-01-06,51.14178466796875,57.38999938964844,57.689998626708984,57.130001068115234,57.599998474121094,8897200,-0.011539820320272898,,,,1
2020-01-07,51.97053527832031,58.31999969482422,58.599998474121094,56.7400016784668,57.45000076293945,7444300,0.016204919237959192,,,,1
2020-01-08,52.35370635986328,58.75,58.97999954223633,58.11000061035156,58.189998626708984,5381500,0.007373119125958061,58.512000274658206,,,1
2020-01-09,52.78145980834961,59.22999954223633,59.709999084472656,58.70000076293945,59.689998626708984,5112700,0.008170204974235373,58.35,,,0
2020-01-10,52.45174789428711,58.86000061035156,59.70000076293945,58.77000045776367,59.70000076293945,4807700,-0.006246816389402832,58.50999984741211,,,1
2020-01-13,53.52109909057617,60.060001373291016,60.15999984741211,59.45000076293945,60.150001525878906,6613700,0.02038737258742751,59.044000244140626,,,1
2020-01-14,53.7527961730957,60.31999969482422,60.63999938964844,59.91999816894531,60.15999984741211,6715200,0.004328976283520802,59.444000244140625,,,0
2020-01-15,52.03290557861328,58.38999938964844,59.70000076293945,58.2599983215332,59.66999816894531,10075100,-0.03199602644131616,59.37200012207031,,,1
2020-01-16,52.35370635986328,58.75,59.689998626708984,58.29999923706055,59.20000076293945,11215700,0.006165449805012102,59.27600021362305,,,0
2020-01-17,52.20223617553711,58.58000183105469,58.75,58.0099983215332,58.63999938964844,8125700,-0.0028935858543882587,59.220000457763675,,,0
2020-01-21,51.89925384521485,58.2400016784668,59.0,57.470001220703125,57.9900016784668,9873700,-0.005804031102089269,58.85600051879883,,,1
2020-01-22,51.99726104736328,58.349998474121094,58.939998626708984,58.31999969482422,58.900001525878906,8124500,0.0018886811896325906,58.4620002746582,,,0
2020-01-23,51.22197341918945,57.47999954223633,58.06999969482422,56.619998931884766,57.86000061035156,9999200,-0.014910007791527513,58.28000030517578,,,1
2020-01-24,51.44475936889648,57.72999954223633,58.13999938964844,57.459999084472656,58.09000015258789,10402200,0.004349338935124791,58.07600021362305,,,0
2020-01-27,49.243690490722656,55.2599983215332,55.9900016784668,55.060001373291016,55.619998931884766,9675500,-0.042785401702558956,57.41199951171875,,,1
2020-01-28,50.87444305419922,57.09000015258789,57.119998931884766,55.47999954223633,55.72999954223633,8124400,0.03311621220845362,57.18199920654297,,,1
2020-01-29,50.96356201171875,57.189998626708984,57.52000045776367,56.849998474121094,57.52000045776367,7693400,0.001751593516444494,56.949999237060545,,,0
2020-01-30,49.724910736083984,55.79999923706055,56.040000915527344,55.060001373291016,55.08000183105469,10295700,-0.024304938328837067,56.61399917602539,58.19449996948242,1.2922913241557694,0
2020-01-31,48.06739044189453,53.939998626708984,55.47999954223633,53.599998474121094,55.43000030517578,13467200,-0.03333334472729188,55.85599899291992,57.88949985504151,1.5315064307459192,1
2020-02-03,48.807029724121094,54.77000045776367,54.939998626708984,54.13999938964844,54.349998474121094,9594300,0.015387501894442046,55.757999420166016,57.724999809265135,1.6815676805570898,1
2020-02-04,51.25763320922851,57.52000045776367,57.63999938964844,56.900001525878906,56.91999816894531,12746600,0.05020996854145876,55.84399948120117,57.7314998626709,1.6804554811854144,1
2020-02-05,51.61407852172851,57.91999816894531,58.150001525878906,57.16999816894531,58.099998474121094,6594400,0.006954063073684402,55.98999938964844,57.711499786376955,1.675455654577592,1
2020-02-06,51.70319366455078,58.02000045776367,58.279998779296875,57.279998779296875,58.27000045776367,4236300,0.0017265589084907162,56.433999633789064,57.67499980926514,1.6595168346085145,0
2020-02-07,50.08134841918945,56.20000076293945,57.13999938964844,56.060001373291016,57.13999938964844,6808400,-0.031368488115561255,56.886000061035155,57.52349987030029,1.6483561149094217,1
2020-02-10,50.812068939208984,57.02000045776367,57.04999923706055,56.34000015258789,56.439998626708984,4281200,0.01459074170271113,57.33600006103516,57.4314998626709,1.6209561368106387,1
2020-02-11,52.27351760864258,58.65999984741211,58.900001525878906,57.810001373291016,57.95000076293945,6523200,0.028761827016526187,57.56399993896484,57.36149978637695,1.529097927389167,1
2020-02-12,53.137908935546875,59.630001068115234,59.75,58.900001525878906,59.25,5962900,0.01653599084940871,57.90600051879883,57.32699985504151,1.4652867585542468,0
2020-02-13,52.87057113647461,59.33000183105469,59.70000076293945,58.7400016784668,59.130001068115234,6460100,-0.005031011767346105,58.16800079345703,57.373999977111815,1.5153965797933715,0
2020-02-14,51.854698181152344,58.189998626708984,59.16999816894531,57.869998931884766,59.02000045776367,6932400,-0.019214616031732468,58.566000366210936,57.34599990844727,1.4936515965066643,0
2020-02-18,50.06351089477539,56.18000030517578,56.560001373291016,55.630001068115234,56.099998474121094,10989000,-0.03454198949938836,58.39800033569336,57.22599983215332,1.4856807886021843,1
2020-02-19,51.36455154418945,57.63999938964844,57.939998626708984,57.0,57.25,7866300,0.025987879610925413,58.194000244140625,57.195999717712404,1.4701037639489438,0
2020-02-20,50.33085632324219,56.47999954223633,57.040000915527344,55.810001373291016,56.939998626708984,7192900,-0.020124910820530584,57.56399993896484,57.10249977111816,1.4522033129367795,0
2020-02-21,49.53774642944336,55.59000015258789,56.650001525878906,55.52000045776367,56.650001525878906,6816600,-0.015757779689479,56.815999603271486,57.00799980163574,1.4874127823028986,0
2020-02-24,48.2277946472168,54.119998931884766,54.689998626708984,53.18000030517578,53.54999923706055,9968800,-0.0264436268513788,56.00199966430664,56.82749977111816,1.6092364827706507,0
2020-02-25,47.99610900878906,53.86000061035156,55.470001220703125,53.83000183105469,55.33000183105469,12670700,-0.0048041080314956686,55.5379997253418,56.757499885559085,1.7084032231921755,1
2020-02-26,49.038719177246094,55.029998779296875,55.40999984741211,54.380001068115234,54.4900016784668,10969300,0.021722951275281677,55.01599960327148,56.65449981689453,1.7489201668295622,0
2020-02-27,47.488162994384766,53.290000915527344,54.599998474121094,53.27000045776367,54.20000076293945,11878900,-0.03161907872736758,54.37799987792969,56.45949993133545,1.8972044256795992,1
2020-02-28,47.97828674316406,53.84000015258789,54.04999923706055,51.0,51.349998474121094,13604500,0.010320871225586448,54.02799987792969,56.36149997711182,1.9817996357391356,1
2020-03-02,49.88529586791992,55.97999954223633,56.0099983215332,53.83000183105469,54.369998931884766,13797700,0.0397473882537791,54.4,56.463500022888184,1.9014794756928157,0
2020-03-03,48.905059814453125,54.880001068115234,56.369998931884766,54.040000915527344,56.29999923706055,14661800,-0.01964984785845092,54.604000091552734,56.469000053405765,1.8964757188160153,1
2020-03-04,50.865535736083984,57.08000183105469,57.09000015258789,55.54999923706055,55.970001220703125,9878200,0.04008747667859702,55.014000701904294,56.447000122070314,1.8861660399069924,0
2020-03-05,49.66250991821289,55.72999954223633,56.38999938964844,55.25,56.11000061035156,10004200,-0.023651055457462933,55.502000427246095,56.337500190734865,1.8595328524574948,0
2020-03-06,49.074363708496094,55.06999969482422,55.08000183105469,53.970001220703125,54.599998474121094,12971200,-0.01184281092469619,55.74800033569336,56.19000015258789,1.8358994825643369,0
2020-03-09,46.18711853027344,51.83000183105469,54.13999938964844,51.060001373291016,51.54999923706055,13781100,-0.05883417253902845,54.91800079345703,55.97150020599365,2.0786464739527943,1
2020-03-10,48.57533264160156,54.5099983215332,54.619998931884766,52.4900016784668,53.709999084472656,11698700,0.051707435766918275,54.844000244140624,55.84600009918213,2.087762357342336,0
2020-03-11,46.5524787902832,52.2400016784668,53.560001373291016,52.09000015258789,53.11000061035156,14498000,-0.041643674792954166,53.876000213623044,55.525000190734865,2.1255351370354885,0
2020-03-12,43.388973236083984,48.689998626708984,50.9900016784668,48.5099983215332,49.65999984741211,15942200,-0.0679556458211431,52.46800003051758,54.97800006866455,2.403091476703783,1
2020-03-13,46.54356384277344,52.22999954223633,52.459999084472656,49.290000915527344,51.900001525878906,14948700,0.07270488838308298,51.9,54.62299995422363,2.245618074466743,0
2020-03-16,40.01160430908203,44.900001525878906,48.349998474121094,44.900001525878906,46.34000015258789,16628200,-0.1403407635573487,50.513999938964844,53.95850009918213,2.9805971492139234,1
2020-03-17,43.25531005859375,48.540000915527344,48.560001373291016,45.029998779296875,45.75,13415700,0.08106902596763743,49.32000045776367,53.57650012969971,3.1647883329611033,0
2020-03-18,39.539310455322266,44.369998931884766,46.09000015258789,43.2599983215332,43.79999923706055,15018500,-0.08590856829400362,47.74599990844727,52.91300010681152,3.625529443142714,0
2020-03-19,39.48263168334961,43.88999938964844,45.18000030517578,42.70000076293945,43.7400016784668,11182600,-0.010818110295048866,46.78600006103515,52.28350009918213,4.0426050934898825,1
2020-03-20,40.0583610534668,44.529998779296875,48.279998779296875,44.47999954223633,48.02000045776367,14157700,0.014581895615140672,45.24599990844727,51.730500030517575,4.313858460282864,1
2020-03-23,40.71506118774414,45.2599983215332,45.61000061035156,43.52000045776367,45.119998931884766,10508600,0.01639343279245109,45.317999267578124,51.2875,4.5061994040800135,1
2020-03-24,43.96255111694336,48.869998931884766,48.91999816894531,47.5,48.0,12216200,0.07976139514424241,45.38399887084961,51.03799991607666,4.494396361926204,1
2020-03-25,44.07949447631836,49.0,50.04999923706055,48.04999923706055,49.29999923706055,9796600,0.0026601405966149017,46.30999908447266,50.73649997711182,4.4140428954458,1
2020-03-26,44.86214065551758,49.869998931884766,50.459999084472656,48.91999816894531,49.099998474121094,10577500,0.01775508024254613,47.50599899291992,50.56549987792969,4.3759952571077445,0
2020-03-27,42.199363708496094,46.90999984741211,48.09000015258789,46.5099983215332,47.22999954223633,12158500,-0.0593543041481831,47.981999206542966,50.2189998626709,4.37743278843019,1
2020-03-30,43.01798248291016,47.81999969482422,48.15999984741211,46.77000045776367,47.18000030517578,8428300,0.01939884566983885,48.49399948120117,49.81099987030029,4.188412858232489,0
2020-03-31,42.99100112915039,47.790000915527344,49.029998779296875,47.65999984741211,47.79999923706055,9595700,-0.0006273270491075067,48.27799987792969,49.456499862670896,4.0339969840078025,0
2020-04-01,41.83953475952149,46.5099983215332,47.560001373291016,46.29999923706055,46.83000183105469,8755200,-0.026783899758793694,47.779999542236325,48.92799968719483,3.657489374975446,1
2020-04-02,43.29686737060547,48.130001068115234,48.220001220703125,46.61000061035156,46.91999816894531,6174700,0.03483127940325037,47.43199996948242,48.54799976348877,3.289928354369817,0
2020-04-03,42.33430099487305,47.060001373291016,48.150001525878906,46.779998779296875,47.790000915527344,5486200,-0.02223144963803181,47.4620002746582,48.14749984741211,2.9210542023673076,1
2020-04-06,44.95208358764648,49.970001220703125,50.099998474121094,48.5099983215332,48.630001068115234,7370300,0.06183594905425749,47.89200057983398,48.054499816894534,2.825693260933148,0
2020-04-07,44.727195739746094,49.720001220703125,51.31999969482422,49.65999984741211,51.290000915527344,6568700,-0.005003001678863694,48.27800064086914,47.814999961853026,2.424214860029567,1
2020-04-08,45.22195816040039,50.27000045776367,50.599998474121094,49.540000915527344,50.209999084472656,6325900,0.011061931286347804,49.03000106811523,47.71649990081787,2.270078575808885,0
2020-04-09,43.476776123046875,48.33000183105469,50.65999984741211,47.720001220703125,50.279998779296875,12274000,-0.03859157766149124,49.070001220703126,47.698500061035155,2.2633706005242433,1
2020-04-13,43.8546028137207,48.75,49.09000015258789,47.959999084472656,48.7400016784668,9873200,0.008690216284565455,49.40800094604492,47.52450008392334,2.0170291828362745,1
2020-04-14,45.54581832885742,50.630001068115234,51.27000045776367,49.95000076293945,50.0,11068800,0.03856412447415858,49.540000915527344,47.81100006103516,2.0315177979943497,0
2020-04-15,44.6732177734375,49.65999984741211,49.970001220703125,49.040000915527344,49.7599983215332,9398100,-0.019158625325686462,49.52800064086914,47.86700000762939,2.0677837715469924,1
2020-04-16,47.138084411621094,52.400001525878906,53.13999938964844,51.68000030517578,51.810001373291016,18615900,0.05517522526955032,49.954000854492186,48.2685001373291,2.1316401388466963,1
2020-04-17,48.298526763916016,53.689998626708984,54.189998626708984,53.0,54.130001068115234,11288500,0.02461826456613725,51.02600021362305,48.75850009918213,2.1975259027261362,0
2020-04-20,47.30899429321289,52.59000015258789,53.81999969482422,52.560001373291016,53.0,9901700,-0.02048795869355602,51.794000244140626,49.16150016784668,2.1189032653461717,0
2020-04-21,46.21150970458984,51.369998931884766,51.810001373291016,50.52000045776367,51.599998474121094,13102500,-0.02319834982246316,51.94199981689453,49.46700019836426,1.9613960478115475,1
2020-04-22,47.63285446166992,52.95000076293945,53.11000061035156,52.40999984741211,52.47999954223633,8255500,0.030757287597956262,52.6,49.67100028991699,2.1030926643827113,0
2020-04-23,47.35396957397461,52.63999938964844,53.130001068115234,52.2599983215332,52.810001373291016,7619900,-0.0058546056435184735,52.6479995727539,49.853000259399415,2.1973573941146074,1
2020-04-24,47.434932708740234,52.72999954223633,52.88999938964844,52.0,52.599998474121094,5701800,0.0017097293622991838,52.455999755859374,49.99600028991699,2.289645646865011,1
2020-04-27,48.1366081237793,53.5099983215332,53.75,52.970001220703125,53.150001525878906,5812300,0.014792315305675263,52.63999938964844,50.32600021362305,2.2970673639744317,0
2020-04-28,47.461917877197266,52.7599983215332,53.72999954223633,52.68000030517578,53.5099983215332,8561100,-0.01401607220193446,52.917999267578125,50.5730001449585,2.2789422741077017,1
2020-04-29,49.00919723510742,54.47999954223633,54.689998626708984,53.43000030517578,53.75,8565500,0.032600479064100574,53.2239990234375,50.90750007629394,2.339137665934036,0
2020-04-30,47.79476547241211,53.130001068115234,54.40999984741211,52.959999084472656,54.20000076293945,6337900,-0.024779707882972568,53.32199935913086,51.23850021362305,2.144392964538973,0
2020-05-01,45.96862030029297,51.099998474121094,52.560001373291016,51.09000015258789,52.47999954223633,10238700,-0.038208216698350506,52.99599914550781,51.38700008392334,2.016841904739593,1
2020-05-04,46.91317367553711,52.150001525878906,52.18000030517578,51.279998779296875,51.790000915527344,7514000,0.020548005540343972,52.72399978637695,51.641500091552736,1.744905703778625,0
2020-05-05,46.517364501953125,51.709999084472656,52.58000183105469,51.58000183105469,52.209999084472656,7780700,-0.008437246951716881,52.513999938964844,51.72849998474121,1.6999787366315384,1
2020-05-06,46.89519119262695,52.130001068115234,52.619998931884766,52.0,52.11000061035156,8206700,0.008122258578200148,52.044000244140626,51.848999977111816,1.6342607739243684,1
2020-05-07,47.07509994506836,52.33000183105469,52.97999954223633,52.099998474121094,52.95000076293945,5493400,0.003836576996768537,51.88400039672852,51.952000045776366,1.5939243243785461,1
2020-05-08,47.59685134887695,52.90999984741211,53.34000015258789,52.470001220703125,52.619998931884766,6086000,0.01108347020949707,52.24600067138672,52.18099994659424,1.3576561409875298,0
2020-05-11,47.138084411621094,52.400001525878906,52.83000183105469,52.380001068115234,52.61000061035156,6459300,-0.009638977943753457,52.29600067138672,52.36350002288818,1.0913885228246876,0
2020-05-12,45.96862030029297,51.099998474121094,52.63999938964844,51.08000183105469,52.63999938964844,8584500,-0.024809217822556295,52.1740005493164,52.386999893188474,1.0566038421772537,0
2020-05-13,45.80668258666992,50.91999816894531,52.02000045776367,50.47999954223633,51.90999984741211,8611000,-0.0035225109696811474,51.93199996948242,52.44999980926514,0.9132938342967803,1
2020-05-14,46.868202209472656,52.099998474121094,52.150001525878906,49.790000915527344,50.43000030517578,13695600,0.023173612482481065,51.885999298095705,52.43499965667725,0.9166158565825769,0
2020-05-15,44.79915618896485,49.79999923706055,51.04999923706055,49.380001068115234,50.560001373291016,17777200,-0.04414585996970799,51.26399917602539,52.24049968719483,1.0406250140195266,1
2020-05-18,46.66128921508789,51.869998931884766,52.189998626708984,50.77000045776367,50.939998626708984,12726500,0.041566259569011166,51.157998657226564,52.20449962615967,1.0403518666586922,0
2020-05-19,45.707733154296875,50.810001373291016,51.459999084472656,50.79999923706055,51.349998474121094,12940300,-0.02043565799925562,51.099999237060544,52.17649974822998,1.0710757560305322,1
2020-05-20,46.634307861328125,51.84000015258789,52.09000015258789,50.5,51.58000183105469,8406200,0.020271575505965478,51.283999633789065,52.1209997177124,1.0575588901938462,0
2020-05-21,45.65376281738281,50.75,52.209999084472656,50.689998626708984,52.099998474121094,7842600,-0.02102623744945098,51.013999938964844,52.02649974822998,1.0926033613681558,0
2020-05-22,44.79915618896485,49.79999923706055,50.86000061035156,49.61000061035156,50.84000015258789,12462300,-0.018719226855949844,51.013999938964844,51.87999973297119,1.1857710677432198,1
2020-05-26,45.71674346923828,50.81999969482422,51.400001525878906,50.790000915527344,51.29999923706055,8872000,0.020481937216669577,50.80400009155274,51.745499801635745,1.1429395970689267,1
2020-05-27,46.54434967041016,51.7400016784668,51.7400016784668,50.75,51.029998779296875,11405700,0.018103148153624904,50.99000015258789,51.69449996948242,1.11776823822492,0
2020-05-28,45.230960845947266,50.279998779296875,51.619998931884766,50.099998474121094,51.459999084472656,8178700,-0.02821806826066542,50.677999877929686,51.48449993133545,0.9486421398391593,1
2020-05-29,45.27594375610352,50.33000183105469,50.72999954223633,49.86000061035156,50.34000015258789,10918500,0.0009944919047690792,50.594000244140624,51.34449996948242,0.8982939492558858,1
2020-06-01,45.905643463134766,51.029998779296875,51.279998779296875,50.540000915527344,50.90999984741211,6187300,0.013908144700488956,50.84000015258789,51.34099998474121,0.8994323761378736,1
2020-06-02,46.78723907470703,52.0099983215332,52.040000915527344,51.290000915527344,51.45000076293945,6063600,0.01920438106367195,51.077999877929685,51.33399982452393,0.8933287431040486,1
2020-06-03,47.73178482055664,53.060001373291016,53.25,52.41999816894531,52.63999938964844,8380200,0.02018848463071543,51.34199981689453,51.40149993896485,0.9708723482608996,1
2020-06-04,48.82928085327149,54.279998779296875,54.369998931884766,53.029998779296875,53.060001373291016,13269500,0.022992788813231524,52.14199981689453,51.508999824523926,1.1569739656455507,1
2020-06-05,49.65689468383789,55.20000076293945,56.34000015258789,55.060001373291016,55.5,9776100,0.016949189468174364,53.11599960327148,51.652499771118165,1.413669829048087,1
2020-06-08,49.98975372314453,55.56999969482422,55.779998779296875,54.709999084472656,55.7400016784668,6302100,0.006702879108168025,54.023999786376955,51.78549976348877,1.6444884755257356,1
2020-06-09,50.925315856933594,56.61000061035156,56.630001068115234,54.95000076293945,55.290000915527344,9355100,0.01871515064313045,54.944000244140625,51.9959997177124,1.9654180748157766,1
2020-06-10,51.77092742919922,57.54999923706055,58.040000915527344,56.81999969482422,56.81999969482422,9194300,0.016604815696417807,55.84199981689453,52.31849975585938,2.309687412294766,0
2020-06-11,49.512969970703125,55.040000915527344,56.40999984741211,55.0099983215332,55.849998474121094,9877100,-0.04361421989241032,55.99400024414062,52.52449989318848,2.361539458306425,1
2020-06-12,50.376564025878906,56.0,56.869998931884766,55.349998474121094,56.5,9838800,0.01744184354113676,56.15400009155273,52.71949996948242,2.4825591909219487,1
2020-06-15,50.394561767578125,56.02000045776367,56.119998931884766,54.52000045776367,54.709999084472656,7509700,0.0003571510314941406,56.24400024414062,53.03050003051758,2.487170245579729,0
2020-06-16,50.1966552734375,55.79999923706055,57.0,55.540000915527344,56.59000015258789,8827200,-0.003927190626658361,56.081999969482425,53.227000045776364,2.545226892115656,1
2020-06-17,50.91631317138672,56.599998474121094,56.81999969482422,55.88999938964844,56.150001525878906,8248700,0.014336904085998858,55.89199981689453,53.51649990081787,2.584818544054424,0
2020-06-18,50.88913345336914,56.150001525878906,56.540000915527344,55.790000915527344,56.040000915527344,6831500,-0.007950476331689993,56.113999938964845,53.73199996948242,2.6171531843786275,0
2020-06-19,50.12784576416016,55.310001373291016,56.5,55.27000045776367,56.47999954223633,6965100,-0.014959931073211918,55.976000213623045,53.96000003814697,2.541222343736105,1
2020-06-22,50.753177642822266,56.0,56.0,55.31999969482422,55.5,4480400,0.01247511498060061,55.97200012207031,54.27000007629395,2.3800973190194434,1
2020-06-23,51.44197845458984,56.7599983215332,57.15999984741211,56.529998779296875,56.63999938964844,7836500,0.013571398598807294,56.16399993896484,54.567000007629396,2.296058535345846,0
2020-06-24,51.278831481933594,56.58000183105469,57.060001373291016,56.15999984741211,56.709999084472656,7080200,-0.0031711856201769306,56.16000061035156,54.80900001525879,2.2367126709000145,1
2020-06-25,51.695743560791016,57.040000915527344,57.09000015258789,55.95000076293945,56.560001373291016,4509600,0.008130064856593622,56.33800048828125,55.14700012207031,2.0161899875062916,0
2020-06-26,51.05226516723633,56.33000183105469,57.2599983215332,56.209999084472656,57.0,6229300,-0.0124473890791853,56.54200057983398,55.447000122070314,1.6800914723923546,1
2020-06-29,51.10663986206055,56.38999938964844,56.40999984741211,55.65999984741211,56.34000015258789,5016600,0.0010651084083699303,56.62000045776367,55.71500015258789,1.3293113806135852,1
2020-06-30,51.45103073120117,56.77000045776367,56.9900016784668,56.189998626708984,56.25,7158700,0.0067388024867578444,56.62200088500977,55.95300025939942,1.0215419780359891,1
2020-07-01,51.49635696411133,56.81999969482422,57.470001220703125,56.7599983215332,56.970001220703125,6866500,0.0008807334271161427,56.67000045776367,56.14100017547607,0.7780805783603558,1
2020-07-02,53.127708435058594,58.619998931884766,59.06999969482422,57.95000076293945,57.95000076293945,10021200,0.03167897301527978,56.986000061035156,56.35800018310547,0.8348686286029573,1
2020-07-06,56.0822639465332,61.880001068115234,62.130001068115234,60.560001373291016,60.66999816894531,12725600,0.055612456424956935,58.09599990844727,56.692000198364255,1.4539151829777137,0
2020-07-07,55.02188491821289,60.709999084472656,61.5,60.68000030517578,61.2599983215332,6672300,-0.01890759475512427,58.95999984741211,56.94900016784668,1.6816027451764526,1
2020-07-08,56.725738525390625,62.59000015258789,62.7400016784668,61.5,61.63999938964844,8721900,0.030966909841315893,60.123999786376956,57.248000144958496,2.0981935646586725,1
2020-07-09,58.710548400878906,64.77999877929688,64.97000122070312,62.88999938964844,62.95000076293945,16903300,0.03498959292810344,61.715999603271484,57.609500122070315,2.6918205907969934,0
2020-07-10,57.86768341064453,63.849998474121094,64.55999755859375,63.189998626708984,64.47000122070312,10700000,-0.014356287784818567,62.76199951171875,58.05,2.956996648700892,1
2020-07-13,58.973384857177734,65.06999969482422,67.08000183105469,64.9800033569336,65.19999694824219,16667700,0.01910730226873225,63.39999923706055,58.50349998474121,3.3014941228437538,1
2020-07-14,60.686302185058594,66.95999908447266,67.02999877929688,65.33000183105469,66.0,10482700,0.029045633909827284,64.64999923706054,59.05049991607666,3.7448760364973324,0
2020-07-15,59.87063217163086,66.05999755859375,67.20999908447266,65.16000366210938,67.18000030517578,12432500,-0.013440883186744412,65.34399871826172,59.56349983215332,3.972018963649168,1
2020-07-16,60.35097885131836,66.58999633789062,66.62999725341797,64.31999969482422,65.37999725341797,15709400,0.008022991203213037,65.70599822998047,60.0629997253418,4.2012596374518445,0
2020-07-17,60.17876434326172,66.4000015258789,68.0,66.37000274658203,67.30999755859375,11716600,-0.0028532035209560824,66.21599884033203,60.5754997253418,4.32224344887412,1
2020-07-20,60.62285232543945,66.88999938964844,66.9800033569336,65.80000305175781,66.69999694824219,6357300,0.007379485730562241,66.57999877929687,61.15449962615967,4.355254513123127,1
2020-07-21,61.4566764831543,67.80999755859375,69.25,67.70999908447266,68.83999633789062,10619700,0.01375389710479924,66.7499984741211,61.74499950408936,4.419749813253685,1
2020-07-22,62.10921096801758,68.52999877929688,68.9000015258789,68.02999877929688,68.0999984741211,7366100,0.010617921348264003,67.24399871826172,62.33349952697754,4.503851642054231,0
2020-07-23,61.05790710449219,67.37000274658203,68.5,66.75,68.26000213623047,8559500,-0.0169268357416823,67.4,62.872999572753905,4.42392618915835,1
2020-07-24,66.97607421875,73.9000015258789,76.88999938964844,71.3499984741211,71.4000015258789,41226800,0.09692739369270953,68.9,63.715999603271484,4.840667925450751,1
2020-07-27,75.45004272460938,83.25,83.4000015258789,80.43000030517578,81.36000061035156,39899200,0.12652230420924737,72.17200012207032,65.06199951171875,6.223889233652211,0
2020-07-28,69.713134765625,76.91999816894531,79.58000183105469,76.48999786376953,79.3499984741211,31500100,-0.07603605803068691,73.99400024414062,66.0884994506836,6.408602976946287,1
2020-07-29,74.92436981201172,82.66999816894531,83.37000274658203,77.05999755859375,77.11000061035156,28304000,0.07475299189907458,76.8220001220703,67.38349933624268,7.014664460584205,0
2020-07-30,72.44111633300781,79.93000030517578,81.27999877929688,78.61000061035156,80.01000213623047,16820300,-0.0331437997394175,79.33399963378906,68.53899936676025,7.086044059594405,0
2020-07-31,71.49854278564453,78.88999938964844,79.7699966430664,77.51000213623047,79.62999725341797,12021200,-0.013011396366277794,80.33199920654297,69.55249938964843,7.0421339984658955,1
2020-08-03,71.55291748046875,78.94999694824219,79.1500015258789,77.41000366210938,77.7699966430664,10129800,0.0007605217271888787,79.47199859619141,70.40599918365479,7.097508331123957,1
2020-08-04,72.6767349243164,80.19000244140625,80.19000244140625,78.73999786376953,79.33000183105469,12569400,0.015706213313434025,80.1259994506836,71.37999935150147,7.033224314794638,1
2020-08-05,73.9818115234375,81.62999725341797,84.0,80.56999969482422,80.9800033569336,14436300,0.017957286047770138,79.91799926757812,72.33199920654297,7.069321926742649,0
2020-08-06,72.97582244873047,80.5199966430664,82.0999984741211,80.22000122070312,82.04000091552734,9838700,-0.013597949867688919,80.03599853515625,73.11899909973144,7.060468720478983,0
2020-08-07,72.53173065185547,80.02999877929688,80.79000091552734,79.41000366210938,80.48999786376953,8705800,-0.006085418333307002,80.26399841308594,73.92799911499023,6.866823658508527,0
2020-08-10,72.38673400878906,79.87000274658203,80.8499984741211,79.22000122070312,80.55000305175781,7421400,-0.001999200739163709,80.4479995727539,74.66799926757812,6.656233030213443,0
2020-08-11,70.63756561279297,77.94000244140625,79.19999694824219,77.94000244140625,79.08999633789062,7056300,-0.024164269923708903,79.99799957275391,75.21699943542481,6.436197141163319,1
2020-08-12,71.95169830322266,79.38999938964844,79.55000305175781,77.7300033569336,78.16000366210938,8354400,0.018604014662846113,79.55,75.88349952697754,6.120486895678734,0
2020-08-13,70.96382904052734,78.30000305175781,79.0999984741211,77.83000183105469,79.0,6551800,-0.013729642855152213,79.10600128173829,76.4689998626709,5.732460259283804,1
2020-08-14,71.06351470947266,78.41000366210938,79.2300033569336,78.05000305175781,78.41999816894531,5611200,0.0014048608692753817,78.78200225830078,77.06949996948242,5.229127292280572,1
2020-08-17,72.6767349243164,80.19000244140625,80.88999938964844,79.66000366210938,79.80000305175781,8663900,0.022701169444748315,78.84600219726562,77.73450012207032,4.683692156398135,0
2020-08-18,71.9698257446289,79.41000366210938,80.81999969482422,79.25,80.22000122070312,6804800,-0.009726883097014638,79.14000244140625,78.31450042724609,4.067755271337295,0
2020-08-19,71.18133544921875,78.54000091552734,79.2300033569336,78.25,79.01000213623047,7976800,-0.010955833099868695,78.97000274658203,78.81500053405762,3.353634296005037,0
2020-08-20,69.6134262084961,76.80999755859375,77.0999984741211,75.9800033569336,76.31999969482422,11457100,-0.022027035100168568,78.67200164794922,79.2870002746582,2.0808245368406135,1
2020-08-21,71.00006866455078,78.33999633789062,78.7300033569336,77.86000061035156,78.0199966430664,7942300,0.019919266084206466,78.65800018310547,79.50900001525879,1.6726620376169146,1
2020-08-24,71.5075912475586,78.9000015258789,79.91000366210938,78.48999786376953,79.7300033569336,6405600,0.007148394360052102,78.4,79.29150009155273,1.4251101801836896,1
2020-08-25,72.5407943725586,80.04000091552734,80.4800033569336,79.47000122070312,79.8499984741211,6113100,0.014448661186331258,78.5259994506836,79.44750022888184,1.3186387068573677,1
2020-08-26,74.090576171875,81.75,82.16999816894531,81.01000213623047,81.25,7821600,0.021364306158333957,79.16799926757812,79.40150032043456,1.212045794166331,0
2020-08-27,73.04830932617188,80.5999984741211,82.30999755859375,80.16999816894531,82.18000030517578,8018200,-0.01406729695264719,79.92599945068359,79.43500022888183,1.2364355783581806,0
2020-08-28,72.90331268310547,80.44000244140625,80.87999725341797,79.91000366210938,80.05999755859375,5699500,-0.0019850624782110637,80.34600067138672,79.51250038146972,1.2489904114199328,0
2020-08-31,71.82481384277344,79.25,79.76000213623047,78.69000244140625,79.0,9812900,-0.01479366490911116,80.41600036621094,79.52750053405762,1.2436694465823293,1
2020-09-01,73.9093246459961,81.55000305175781,81.5999984741211,79.98999786376953,80.12000274658203,10193300,0.029022120526912554,80.71800079345704,79.59550056457519,1.3168280815085625,1
2020-09-02,74.47123718261719,82.16999816894531,82.70999908447266,79.87999725341797,81.3499984741211,12567800,0.007602637571871185,80.8020004272461,79.62250061035157,1.365379623657786,0
2020-09-03,73.57398986816406,81.18000030517578,81.80999755859375,78.37999725341797,81.12000274658203,20090100,-0.012048167041869062,80.91800079345703,79.65550079345704,1.3958490105768016,0
2020-09-04,71.51666259765625,78.91000366210938,81.47000122070312,77.41000366210938,80.5,13638700,-0.02796251089594637,80.61200103759765,79.59950103759766,1.4024844970446235,0
2020-09-08,70.07566833496094,77.31999969482422,79.1500015258789,77.22000122070312,78.0199966430664,11553500,-0.020149586788685392,80.2260009765625,79.47200088500976,1.4897919661112564,1
2020-09-09,71.96075439453125,79.4000015258789,79.69999694824219,78.55000305175781,78.62000274658203,7867500,0.026901213648012012,79.79600067138672,79.5450008392334,1.4458963119569224,0
2020-09-10,71.5075912475586,78.9000015258789,81.2300033569336,78.76000213623047,80.73999786376953,11241800,-0.0062972290981258006,79.14200134277344,79.52050094604492,1.452795862126239,0
2020-09-11,71.43509674072266,78.81999969482422,80.30000305175781,78.5999984741211,80.01000213623047,7853500,-0.0010139648860265638,78.67000122070313,79.54650077819824,1.4343395250771775,1
2020-09-14,72.95769500732422,80.5,81.12000274658203,79.94999694824219,80.5,7091100,0.02131439116569922,78.98800048828124,79.65100059509277,1.4232727006381127,1
2020-09-15,77.80641174316406,85.8499984741211,86.79000091552734,81.37999725341797,81.55999755859375,21048400,0.06645960837417508,80.69400024414062,79.93400039672852,1.9871120592802605,0
2020-09-16,75.34125518798828,83.12999725341797,86.48999786376953,83.04000091552734,86.48999786376953,14492600,-0.031683183098984546,81.43999938964843,80.12000007629395,2.1060261669378595,0
2020-09-17,74.6188735961914,81.91000366210938,82.29000091552734,80.61000061035156,81.0,10090200,-0.014675732366374317,82.04199981689453,80.28850021362305,2.107773178453147,0
2020-09-18,73.08843231201172,80.2300033569336,82.83999633789062,80.11000061035156,82.37000274658203,10528300,-0.020510319009458544,82.32400054931641,80.45950050354004,1.943004548610302,1
2020-09-21,73.4163818359375,80.58999633789062,80.6500015258789,79.08000183105469,79.80000305175781,8417100,0.004487011914426464,82.34199981689453,80.57200050354004,1.8778721594437393,0
2020-09-22,73.31617736816406,80.4800033569336,80.88999938964844,79.4000015258789,80.83000183105469,6375200,-0.0013648465809064092,81.26800079345703,80.65100059509277,1.8366120941250423,0
2020-09-23,70.9840316772461,77.91999816894531,79.93000030517578,77.88999938964844,79.69999694824219,9094700,-0.03180920826549305,80.2260009765625,80.54500045776368,1.932411484489611,1
2020-09-24,71.4030990600586,78.37999725341797,79.0,76.16999816894531,76.81999969482422,9940900,0.005903479148899438,79.51999969482422,80.37650032043457,1.9684008713299581,1
2020-09-25,71.85858917236328,78.87999725341797,78.91999816894531,77.38999938964844,78.16999816894531,6057500,0.006379178585365297,79.2499984741211,80.29050025939941,1.9955092689880334,1
2020-09-28,72.66937255859375,79.7699966430664,80.37000274658203,79.47000122070312,80.30999755859375,5999300,0.011282954115593213,79.08599853515625,80.25699996948242,1.9984891047386983,1
2020-09-29,73.34349822998047,80.51000213623047,81.23999786376953,79.30999755859375,79.69999694824219,6114600,0.009276739680399437,79.09199829101563,80.32000007629395,1.984887590905774,1
2020-09-30,73.85365295410156,81.06999969482422,81.94000244140625,80.56999969482422,80.58999633789062,5878900,0.0069556271734558806,79.72199859619141,80.29599990844727,1.972093039455596,1
2020-10-01,75.26566314697266,82.62000274658203,82.72000122070312,81.73999786376953,82.05999755859375,6253800,0.01911931735034611,80.56999969482422,80.3185001373291,1.997009114630507,0
2020-10-02,73.6076431274414,80.80000305175781,82.19999694824219,80.61000061035156,80.70999908447266,6145900,-0.022028560086189475,80.9540008544922,80.2995002746582,1.990177263940422,1
2020-10-05,77.0147705078125,84.54000091552734,84.62999725341797,81.55000305175781,81.55000305175781,10129100,0.04628710052614493,81.90800170898437,80.5810001373291,2.173060014326813,0
2020-10-06,75.72117614746094,83.12000274658203,84.44999694824219,82.7699966430664,83.7699966430664,7795600,-0.01679676074718972,82.43000183105468,80.87100028991699,2.1007769901585336,1
2020-10-07,79.18291473388672,86.91999816894531,87.0,84.77999877929688,84.77999877929688,11446400,0.04571697902788552,83.60000152587891,81.24700012207032,2.465029473361887,1
2020-10-08,79.98458862304688,87.80000305175781,88.86000061035156,86.5199966430664,88.86000061035156,10920800,0.010124308575134133,84.63600158691406,81.69200019836425,2.7996614401918913,1
2020-10-09,80.87735748291016,88.77999877929688,88.80000305175781,87.63999938964844,88.33999633789062,7608800,0.011161682158044473,86.23200073242188,82.19000015258788,3.1284369505442666,1
2020-10-12,82.8177719116211,90.91000366210938,91.2699966430664,88.68000030517578,89.12000274658203,10022000,0.023991945394227887,87.50600128173828,82.71050033569335,3.654263473887275,0
2020-10-13,81.66079711914062,89.63999938964844,90.6500015258789,89.43000030517578,90.5,8247000,-0.013969906735250337,88.81000061035157,82.90000038146972,3.91463174597786,0
2020-10-14,80.71334838867188,88.5999984741211,89.87999725341797,88.2699966430664,89.6500015258789,8159000,-0.01160197370156879,89.14600067138672,83.17350044250489,4.11737989281338,0
2020-10-15,80.30343627929688,88.1500015258789,89.48999786376953,87.19000244140625,87.29000091552734,10327900,-0.005078972415260563,89.21600036621093,83.48550033569336,4.250856178186469,0
2020-10-16,78.98249816894531,86.69999694824219,88.58999633789062,86.44000244140625,88.55000305175781,7457200,-0.01644928590512873,88.8,83.80900001525879,4.236231404547971,1
2020-10-19,79.76593780517578,87.55999755859375,89.62000274658203,87.29000091552734,88.33999633789062,7994500,0.009919269211335235,88.12999877929687,84.15750007629394,4.244168914919786,1
2020-10-20,80.40362548828125,88.26000213623047,88.9800033569336,87.7699966430664,87.79000091552734,7357600,0.00799457054767827,87.85399932861328,84.54650001525879,4.2459054441317265,0
2020-10-21,79.83882904052734,87.63999938964844,88.87000274658203,87.56999969482422,88.0,7387600,-0.007024730699927373,87.66199951171875,85.03250007629394,3.9964578938122557,1
2020-10-22,80.35807800292969,88.20999908447266,88.94000244140625,87.87999725341797,88.44000244140625,5656200,0.006503876070217629,87.6739990234375,85.52400016784668,3.730888828641445,1
2020-10-23,80.44918060302734,88.30999755859375,88.44999694824219,87.43000030517578,88.25,4165400,0.0011336410288966814,87.99599914550781,85.99550018310546,3.430849664813609,0
2020-10-26,79.00980377197266,86.7300033569336,87.77999877929688,85.7699966430664,87.20999908447266,5568000,-0.01789145335002218,87.83000030517579,86.34350051879883,3.1035156206177805,0
2020-10-27,78.99163055419922,86.70999908447266,87.22000122070312,85.9800033569336,86.95999908447266,5315800,-0.0002306499675620577,87.51999969482422,86.65350036621093,2.7832865337701223,0
2020-10-28,76.38616943359375,83.8499984741211,85.41000366210938,83.83999633789062,85.1500015258789,8727300,-0.032983515633131955,86.76199951171876,86.79250030517578,2.5493520136774785,1
2020-10-29,77.33361053466797,84.88999938964844,85.33000183105469,84.0199966430664,84.2699966430664,5845600,0.012403111919534693,86.0979995727539,86.9060001373291,2.3999654353028763,0
2020-10-30,76.4044189453125,83.87000274658203,84.75,83.16000366210938,84.43000030517578,4963600,-0.012015510076570757,85.21000061035156,87.05950012207032,2.063462631031802,1
2020-11-02,78.08061218261719,85.70999908447266,85.95999908447266,84.52999877929688,84.5999984741211,6597100,0.021938670294912033,85.00599975585938,87.11800003051758,2.004002765211992,1
2020-11-03,79.88438415527344,87.69000244140625,88.23999786376953,86.05999755859375,86.19000244140625,6274700,0.02310119447069625,85.20200042724609,87.34650001525878,1.771164858916314,1
2020-11-04,81.4876937866211,89.44999694824219,89.7699966430664,88.45999908447266,88.72000122070312,7620800,0.02007064041322093,86.3220001220703,87.47299995422364,1.8285200374927972,1
2020-11-05,82.3804702758789,90.43000030517578,90.95999908447266,89.7699966430664,90.41999816894533,6670100,0.010955879154480597,87.43000030517578,87.60449981689453,1.9441856744070942,1
2020-11-06,83.27323913574219,91.41000366210938,91.5,89.05000305175781,89.80999755859375,6403000,0.010837148663345841,88.93800048828125,87.73600006103516,2.1097707061242565,0
2020-11-09,81.1050796508789,89.02999877929688,92.4800033569336,88.94000244140625,92.1999969482422,8978000,-0.026036591045439872,89.6020004272461,87.64199981689453,1.9999332767980778,0
2020-11-10,79.8570556640625,87.66000366210938,88.80000305175781,86.69999694824219,88.4000015258789,8350100,-0.015388016803006832,89.59600067138672,87.54300003051758,1.9440493795562215,1
2020-11-11,82.7904052734375,90.87999725341795,91.18000030517578,89.36000061035156,89.5,7707300,0.03673275675096055,89.88200073242187,87.65699996948243,2.0719380305594206,0
2020-11-12,81.82478332519531,89.81999969482422,91.88999938964844,89.77999877929688,90.87999725341795,7474600,-0.011663705882802189,89.76000061035157,87.7404998779297,2.1258025039486905,1
2020-11-13,84.922119140625,93.22000122070312,93.80999755859376,91.20999908447266,91.54000091552734,9170900,0.037853501864071326,90.12200012207032,88.06650009155274,2.435250503306303,1
2020-11-16,90.43360137939452,99.2699966430664,102.44000244140624,96.36000061035156,96.41999816894533,18436200,0.06490018604526315,92.16999969482421,88.65200004577636,3.4874515012601077,0
2020-11-17,87.19047546386719,95.70999908447266,98.08999633789062,95.69000244140624,97.9800033569336,10843700,-0.0358617676939591,93.77999877929688,89.02449989318848,3.824922474906793,1
2020-11-18,88.30189514160156,96.93000030517578,98.8000030517578,96.37000274658205,98.5199966430664,8526600,0.012746852286837473,94.98999938964843,89.48899993896484,4.194203369005716,0
2020-11-19,88.01036834716797,96.61000061035156,96.86000061035156,95.62000274658205,96.7699966430664,5542800,-0.003301348331958387,96.3479995727539,89.90900001525878,4.470842980711445,0
2020-11-20,86.84432220458984,95.33000183105467,97.1999969482422,95.3000030517578,96.66000366210938,5329800,-0.01324913333205946,96.76999969482422,90.26000022888184,4.612036489542349,1
2020-11-23,89.39506530761719,98.12999725341795,98.93000030517578,96.8499984741211,97.16000366210938,8802400,0.029371607768617025,96.54199981689452,90.82999992370605,4.851069948419849,0
2020-11-24,88.03770446777344,96.63999938964844,98.58999633789062,96.0199966430664,98.48999786376952,7022800,-0.015183918327457357,96.72799987792968,91.32649993896484,4.914940460209635,1
2020-11-25,88.8120346069336,97.48999786376952,97.98999786376952,96.13999938964844,96.1999969482422,5194900,0.008795514067564625,96.83999938964843,92.00849990844726,4.767015551896774,1
2020-11-27,89.95076751708984,98.73999786376952,99.2699966430664,98.0500030517578,98.54000091552734,4367100,0.012821828160738402,97.26599884033202,92.70099983215331,4.683752433838081,0
2020-11-30,88.38385772705078,97.0199966430664,97.9499969482422,96.1999969482422,97.55999755859376,13840500,-0.017419498257192356,97.60399780273437,93.35849952697754,4.284822094947336,1
2020-12-01,91.88204193115234,100.86000061035156,104.3000030517578,98.5199966430664,98.69000244140624,16157300,0.03957951041178043,98.14999847412109,94.11599960327149,4.199819165873858,0
2020-12-02,90.6795654296875,99.54000091552734,102.04000091552734,99.5199966430664,102.0,8676300,-0.013087444842715401,98.72999877929688,94.70849952697753,4.079708239142432,0
2020-12-03,90.6431121826172,99.5,101.19000244140624,99.43000030517578,101.05999755859376,7359000,-0.0004018576970005183,99.13199920654297,95.21099967956543,4.0163669519355265,1
2020-12-04,94.49659729003906,103.7300033569336,103.75,100.6999969482422,101.51000213623048,10824500,0.04251259655209649,100.13000030517578,95.87599983215333,4.275781436352385,1
2020-12-07,96.91980743408205,106.38999938964844,107.61000061035156,104.97000122070312,106.0199966430664,11793000,0.025643458465549607,102.00400085449219,96.62499961853027,4.739214248896694,0
2020-12-08,96.23657989501952,105.63999938964844,107.83999633789062,105.11000061035156,107.77999877929688,9876200,-0.007049534771150445,102.96000061035156,97.45549964904785,4.793276318000995,0
2020-12-09,95.12517547607422,104.41999816894533,106.5999984741211,103.51000213623048,106.01000213623048,8204100,-0.01154866743422811,103.93600006103516,98.29349937438965,4.442865875485647,0
2020-12-10,94.95206451416016,104.2300033569336,105.11000061035156,102.1999969482422,103.0,7135000,-0.0018195251421507797,104.88200073242187,98.96099967956543,4.269925546327693,0
2020-12-11,94.7698974609375,104.02999877929688,105.12000274658205,103.22000122070312,104.01000213623048,7492600,-0.0019188772061323744,104.94199981689454,99.67149963378907,3.828244662377803,0
2020-12-14,94.34172821044922,103.55999755859376,104.9000015258789,103.5,103.7699966430664,5878000,-0.004517939308066654,104.3759994506836,100.1884994506836,3.602678059657689,1
2020-12-15,95.73552703857422,105.08999633789062,106.37999725341795,104.41999816894533,105.68000030517578,7399900,0.01477403259333987,104.26599884033203,100.4794994354248,3.7563553117529023,1
2020-12-16,95.83574676513672,105.1999969482422,105.66999816894533,103.95999908447266,105.6500015258789,5986900,0.001046727701825123,104.4219985961914,100.95399932861328,3.7213881078281807,0
2020-12-17,95.05081939697266,103.9000015258789,105.31999969482422,103.8499984741211,104.9000015258789,7779300,-0.012357371293488573,104.35599822998047,101.30249938964843,3.650401380147355,1
2020-12-18,95.39844512939452,104.27999877929688,104.8000030517578,103.16000366210938,104.0,7417000,0.0036573363603207287,104.40599822998047,101.68599929809571,3.5324636453861777,1
2020-12-21,95.901611328125,104.83000183105467,104.95999908447266,103.31999969482422,103.55999755859376,6116400,0.00527429093015086,104.65999908447266,102.1609992980957,3.261104404788958,0
2020-12-22,95.08740234375,103.94000244140624,105.22000122070312,102.91000366210938,105.06999969482422,5597100,-0.008489930116406641,104.43000030517578,102.45149955749511,3.13963879522566,0
2020-12-23,94.92273712158205,103.76000213623048,104.87000274658205,103.5999984741211,104.66999816894533,3320800,-0.0017317712232807203,104.14200134277344,102.80749969482422,2.8348695910537387,1
2020-12-24,96.94451141357422,105.97000122070312,106.33999633789062,104.66999816894533,104.76000213623048,3172100,0.021299142626954204,104.55600128173828,103.2314998626709,2.6240115301674045,1
2020-12-28,97.10919189453124,106.1500015258789,108.16999816894533,105.9499969482422,107.5999984741211,5157000,0.001698596801946728,104.93000183105468,103.60200004577636,2.4753728877735908,0
2020-12-29,96.56944274902344,105.55999755859376,107.1500015258789,105.22000122070312,107.0,4602400,-0.0055582096919829516,105.0760009765625,104.02900009155273,1.9639695627132754,1
2020-12-30,99.6249771118164,108.9000015258789,109.6999969482422,107.4000015258789,107.6999969482422,9571800,0.03164081133510055,106.06800079345703,104.43100013732911,2.099352894625651,1
2020-12-31,99.75303649902344,109.04000091552734,109.66999816894533,108.44000244140624,109.66000366210938,4909500,0.0012855774810542897,107.1240005493164,104.9060001373291,2.0071829399362904,1
2021-01-04,102.1865005493164,111.6999969482422,114.0999984741211,110.4499969482422,111.47000122070312,11262100,0.024394680946266067,108.26999969482422,105.51599998474121,2.1279894469229377,1
2021-01-05,103.16535186767578,112.7699966430664,114.9499969482422,112.01000213623048,112.41000366210938,10583600,0.009579227610185148,109.59399871826172,105.96799964904785,2.6296192667368383,1
2021-01-06,105.76346588134766,115.61000061035156,116.38999938964844,112.5500030517578,113.8499984741211,10609300,0.025184038767635863,111.60399932861328,106.428999710083,3.40218760817448,1
2021-01-07,111.0877914428711,121.43000030517578,122.94000244140624,117.58999633789062,119.33999633789062,13556100,0.050341663040378126,114.10999908447266,107.21849975585937,4.76756597285964,0
2021-01-08,108.5811538696289,118.69000244140624,126.29000091552734,116.9800033569336,125.91000366210938,18976800,-0.022564422769360326,116.03999938964844,107.93199996948242,5.3579558771171865,1
2021-01-11,112.15812683105467,122.5999984741211,123.5999984741211,118.8000030517578,119.73999786376952,12006800,0.0329429265505754,118.21999969482422,108.85049972534179,6.198551178868718,1
2021-01-12,112.52408599853516,123.0,125.1999969482422,121.68000030517578,125.16000366210938,14163200,0.003262655227221245,120.26600036621093,109.79899978637695,6.840270766263176,0
2021-01-13,109.07516479492188,119.2300033569336,124.8000030517578,118.0,124.4000015258789,20650500,-0.03065037921192204,120.99000091552735,110.58250007629394,6.983959080876031,1
2021-01-14,115.68021392822266,126.4499969482422,134.64999389648438,121.66999816894533,123.4499969482422,37125400,0.06055517393297749,121.99400024414062,111.65050010681152,7.696668393343849,0
2021-01-15,114.56414031982422,125.2300033569336,128.5399932861328,123.20999908447266,128.47000122070312,17343100,-0.009648031797169332,123.3020004272461,112.6520004272461,8.10545379251596,1
2021-01-19,120.11715698242188,131.3000030517578,134.0500030517578,128.44000244140625,130.58999633789062,20443800,0.048470809966548956,125.04200134277343,114.02200050354004,8.831408528663829,0
2021-01-20,119.51335906982422,130.63999938964844,136.1300048828125,130.10000610351562,135.19000244140625,17360700,-0.005026684286132177,126.57000122070312,115.34000053405762,9.257686886206118,1
2021-01-21,122.73355102539062,134.16000366210938,135.39999389648438,132.33999633789062,133.25,15460100,0.02694430717166596,129.55600128173828,116.80650062561035,9.811675531061773,0
2021-01-22,118.14112091064452,129.13999938964844,131.25,128.80999755859375,130.0399932861328,19163200,-0.03741803917286812,130.09400177001953,118.06650047302246,9.689731357252482,1
2021-01-25,119.4035873413086,130.52000427246094,132.1699981689453,127.3499984741211,131.8300018310547,20469300,0.010686114986331097,131.152001953125,119.40450057983398,9.454979078838388,0
2021-01-26,115.86321258544922,126.6500015258789,129.32000732421875,126.25,129.0500030517578,17084600,-0.029650648328997775,130.2220016479492,120.43850059509278,9.029671406685924,0
2021-01-27,111.37136840820312,121.73999786376952,125.0999984741211,121.5,124.9499969482422,16732700,-0.03876828742955929,128.44200134277344,121.2180004119873,8.380882502019201,1
2021-01-28,115.113037109375,125.83000183105467,127.58000183105467,123.58000183105467,124.5,14148100,0.03359622177636301,126.7760009765625,122.23150062561035,7.57453659799414,0
2021-01-29,111.1701202392578,121.5199966430664,124.36000061035156,120.5500030517578,124.0,15169200,-0.03425260371350136,125.25200042724609,122.86250038146973,6.9012304190738085,1
2021-02-01,115.87234497070312,126.66000366210938,126.8499984741211,123.37999725341795,124.54000091552734,10179900,0.04229762311581031,124.48000030517578,123.74350051879883,6.124794129673844,1
2021-02-02,117.50074005126952,128.44000244140625,130.25,127.4499969482422,129.47000122070312,9302400,0.014053361186104008,124.83800048828125,124.58050079345703,5.50477650173175,0
2021-02-03,116.64080047607422,127.5,129.13999938964844,126.05999755859376,129.0,9676600,-0.007318611207867809,125.99000091552735,125.3170009613037,4.778986568037586,1
2021-02-04,117.23542785644533,128.14999389648438,128.1999969482422,125.97000122070312,127.5,7445100,0.005097991344975572,126.45399932861328,125.94400062561036,4.229426745458382,0
2021-02-05,116.89696502685548,127.77999877929688,128.8800048828125,126.6999969482422,128.7899932861328,6226800,-0.0028872035490409287,127.70599975585938,126.26150054931641,4.109370086221852,1
2021-02-08,121.26068115234376,132.5500030517578,133.25,128.6999969482422,128.6999969482422,11160000,0.03732981936163382,128.88399963378907,126.95450057983399,3.9300745063537517,1
2021-02-09,121.3796157836914,132.67999267578125,134.41000366210938,131.75,133.97999572753906,7929100,0.0009806836743162517,129.73199768066405,127.458500289917,3.9881633015789646,1
2021-02-10,122.30358123779295,133.69000244140625,136.0,132.50999450683594,134.1199951171875,12196300,0.007612374294390323,130.96999816894532,127.99300041198731,4.074587938482568,1
2021-02-11,127.3077163696289,139.16000366210938,139.22999572753906,134.05999755859375,135.39999389648438,12347900,0.0409155592849999,133.1720001220703,128.9895004272461,4.251901550410407,0
2021-02-12,126.30139923095705,138.05999755859375,139.80999755859375,137.16000366210938,138.9199981689453,11114100,-0.007904613930497684,135.22799987792968,129.57000045776368,4.659906841595152,1
2021-02-16,128.12188720703125,140.0500030517578,142.1999969482422,139.4199981689453,141.61000061035156,11833600,0.014414062931729976,136.72799987792968,130.31100044250488,5.09175372363952,0
2021-02-17,124.66384887695312,136.27000427246094,139.63999938964844,136.10000610351562,139.2100067138672,12311200,-0.026990351281177105,137.4460021972656,130.55950050354005,5.261027108741637,0
2021-02-18,123.16354370117188,134.6300048828125,135.8800048828125,133.39999389648438,134.85000610351562,11614600,-0.012034925796064355,137.63400268554688,130.75900077819824,5.3393092258643895,1
2021-02-19,125.02068328857422,136.66000366210938,137.9499969482422,135.72000122070312,136.14999389648438,10771900,0.015078353306633652,137.13400268554688,130.88400077819824,5.451213054754379,0
2021-02-22,122.19383239746094,133.57000732421875,135.27999877929688,133.17999267578125,133.58999633789062,10363800,-0.022610831663158804,136.2360046386719,131.10550117492676,5.466599989241606,0
2021-02-23,118.10453033447266,129.10000610351562,131.74000549316406,125.37999725341795,129.10000610351562,18444700,-0.03346560586653968,134.04600524902344,131.03450126647948,5.483798997831882,1
2021-02-24,121.0320053100586,132.3000030517578,132.3800048828125,127.68000030517578,129.50999450683594,12782900,0.02478696202133679,133.25200500488282,131.31700134277344,5.390784087363757,0
2021-02-25,115.2685546875,126.0,131.5399932861328,125.72000122070312,131.52000427246094,13581200,-0.047619069587573226,131.5260040283203,131.53000144958497,5.066892721575178,0
2021-02-26,115.21367645263672,125.94000244140624,127.38999938964844,122.83000183105467,125.43000030517578,17281000,-0.00047617109995046203,129.3820037841797,131.53550148010254,5.060435405859016,1
2021-03-01,118.1319808959961,129.1300048828125,130.3000030517578,127.23999786376952,129.6300048828125,9714900,0.02532954088904682,128.49400329589844,131.91600189208984,4.525556603795521,0
2021-03-02,115.2685546875,126.0,128.52000427246094,126.0,128.42999267578125,8274500,-0.0242391757489131,127.8740020751953,131.88300170898438,4.568106654097231,0
2021-03-03,112.4234390258789,122.88999938964844,127.76000213623048,122.70999908447266,126.72000122070312,10660300,-0.02468254452659968,125.99200134277343,131.6055015563965,4.941574912633743,0
2021-03-04,105.74517822265624,115.58999633789062,123.1500015258789,113.48999786376952,121.9499969482422,24454200,-0.05940274300605719,123.91000061035156,131.010001373291,6.054632609737746,1
2021-03-05,110.5114517211914,120.8000030517578,121.3000030517578,115.37999725341795,120.9000015258789,17448700,0.045073162721083415,122.88200073242187,130.6425018310547,6.447668895061538,0
2021-03-08,104.2265625,113.93000030517578,121.0,113.6999969482422,120.54000091552734,17246900,-0.05687088222703529,119.84199981689453,129.95000190734862,7.438869856408444,1
2021-03-09,106.46790313720705,116.37999725341795,118.4000015258789,115.33000183105467,117.06999969482422,17717100,0.02150440570244494,117.91799926757812,129.14150161743163,7.99904756189568,0
2021-03-10,104.13507843017578,113.83000183105467,118.02999877929688,113.41000366210938,117.8000030517578,15240300,-0.021910942451825788,116.10599975585937,128.19900207519532,8.644637750919424,1
2021-03-11,110.31017303466795,120.58000183105467,120.8000030517578,117.06999969482422,118.23999786376952,15091600,0.059298953627517914,117.10400085449218,127.54350204467774,8.703205546615447,0
2021-03-12,108.22434997558594,118.3000030517578,119.0,117.27999877929688,119.0,8171000,-0.018908597982038478,116.60400085449217,126.50050201416016,8.485008859212094,1
2021-03-15,108.93791961669922,119.08000183105467,119.11000061035156,116.70999908447266,118.6500015258789,8935000,0.006593396104610516,117.63400115966795,125.5515022277832,8.180020606434171,1
2021-03-16,109.18494415283205,119.3499984741211,121.25,118.0999984741211,119.72000122070312,10793400,0.002267355046311481,118.22800140380858,124.51650199890136,7.53297878629364,0
2021-03-17,109.0545425415039,118.76000213623048,119.5199966430664,115.38999938964844,117.75,9890400,-0.004943413032540089,119.21400146484375,123.64100189208985,7.100155983216404,0
2021-03-18,105.1426773071289,114.5,118.33000183105467,114.0999984741211,118.0,10283800,-0.03587068086563183,117.99800109863281,122.63450164794922,6.883890266282065,0
2021-03-19,104.34375762939452,113.62999725341795,114.88999938964844,113.20999908447266,114.37999725341795,11536000,-0.007598277262725328,117.06399993896484,121.48300132751464,6.3171374748575815,1
2021-03-22,107.60364532470705,117.18000030517578,118.33000183105467,114.79000091552734,114.79000091552734,9376400,0.03124177715010057,116.68399963378906,120.6635009765625,5.699523428731034,0
2021-03-23,105.50082397460938,114.88999938964844,116.75,114.62000274658205,116.0999984741211,8977400,-0.019542591820817745,115.79199981689453,119.95300064086913,5.4737135775642365,0
2021-03-24,100.0553970336914,108.95999908447266,114.69000244140624,108.8499984741211,112.47000122070312,24196100,-0.05161459079710007,113.83199920654297,118.78600044250489,5.18311576523036,1
2021-03-25,101.42366027832033,110.4499969482422,112.75,107.88999938964844,108.0,16772400,0.01367472353422472,113.02199859619141,118.008500289917,5.21024358747239,1
2021-03-26,107.03433227539062,116.55999755859376,116.6999969482422,111.1999969482422,112.0,12910900,0.0553191559906947,113.60799865722656,117.53950004577636,4.869758103679219,0
2021-03-29,105.04167175292967,114.38999938964844,116.76000213623048,112.38999938964844,116.5500030517578,10863600,-0.018617005957421107,113.0499984741211,116.80249977111816,4.073615358475264,1
2021-03-30,105.66610717773438,115.06999969482422,116.08999633789062,114.29000091552734,115.27999877929688,8206200,0.005944578274360124,113.08599853515625,116.25599975585938,3.4620255738651124,1
2021-03-31,108.61376953125,118.27999877929688,118.36000061035156,115.55999755859376,115.79000091552734,9806500,0.02789605538355655,114.94999847412109,116.0254997253418,3.135122057828854,1
2021-04-01,114.60092163085938,124.8000030517578,124.87999725341795,121.63999938964844,122.80999755859376,17904000,0.0551234726052614,117.81999969482422,116.48600006103516,3.6943188979377917,0
2021-04-05,114.325439453125,124.5,127.4000015258789,122.68000030517578,127.06999969482422,14113900,-0.002403870548251308,119.40800018310547,116.67099990844727,4.001584716481974,0
2021-04-06,112.43379974365234,122.44000244140624,124.01000213623048,121.54000091552734,124.0,13042300,-0.01654616512926721,121.01800079345703,117.09650001525878,4.144674637745723,0
2021-04-07,110.09219360351562,119.88999938964844,122.61000061035156,119.83999633789062,122.44000244140624,11193200,-0.020826551787910152,121.98200073242188,117.27200012207031,4.18683705514175,1
2021-04-08,113.34288024902344,123.43000030517578,123.81999969482422,121.37999725341795,121.37999725341795,10226700,0.02952707426431922,123.01200103759766,117.75200004577637,4.319649726811243,0
2021-04-09,112.76437377929688,122.8000030517578,123.44000244140624,121.6999969482422,122.75,8315200,-0.005104085326584573,122.61200103759765,117.86300010681153,4.423421047252981,0
2021-04-12,111.01964569091795,120.9000015258789,122.45999908447266,119.23999786376952,122.20999908447266,9868400,-0.015472324744797317,121.89200134277344,117.99300003051758,4.474846824232832,1
2021-04-13,111.35941314697266,121.2699966430664,122.9000015258789,120.3499984741211,122.4000015258789,8384800,0.0030603400539106485,121.65800018310547,118.10249977111816,4.529308986026108,0
2021-04-14,110.96454620361328,120.83999633789062,122.43000030517578,120.5,121.98999786376952,9521900,-0.0035458094918680017,121.8479995727539,118.17699966430663,4.563036775544361,0
2021-04-15,108.67805480957033,118.3499984741211,122.0,116.55999755859376,121.6999969482422,18709100,-0.02060574262851722,120.83199920654297,118.15649948120117,4.561200322400234,1
2021-04-16,109.12799072265624,118.83999633789062,120.5999984741211,117.8499984741211,119.19000244140624,9512100,0.004140243938208998,120.03999786376953,118.37349929809571,4.480612154644724,0
2021-04-19,105.96914672851562,115.4000015258789,118.87999725341795,115.1999969482422,118.0,12630300,-0.028946439902530652,118.93999786376953,118.46199951171874,4.398720220125876,0
2021-04-20,105.55592346191406,114.9499969482422,116.77999877929688,114.5500030517578,116.0500030517578,9299200,-0.0038995196853250924,117.67599792480469,118.35049934387207,4.4607531003044105,1
2021-04-21,107.8056869506836,117.4000015258789,117.48999786376952,113.7699966430664,114.5,8472200,0.021313655003747822,116.98799896240234,118.47599945068359,4.393065269911005,0
2021-04-22,105.89566802978516,115.31999969482422,117.5,114.41000366210938,117.5,7411800,-0.017717221499321534,116.38199920654297,118.79399948120117,3.866625197557473,1
2021-04-23,108.9443588256836,118.63999938964844,118.72000122070312,115.93000030517578,116.58000183105467,8380300,0.0287894528582211,116.34199981689453,119.20349960327148,3.333344682763147,1
2021-04-26,111.5889663696289,121.5199966430664,121.54000091552734,119.4000015258789,120.0,8444000,0.0242750949783741,117.56599884033203,119.45149955749511,3.310752217256172,0
2021-04-27,111.35941314697266,121.2699966430664,121.6500015258789,119.88999938964844,121.5,5491800,-0.002057274579543522,118.82999877929687,119.79549942016601,3.10840925832892,0
2021-04-28,109.88101196289062,119.66000366210938,120.41999816894533,118.7300033569336,120.0,6476500,-0.01327610312133276,119.28199920654296,120.02499961853027,2.903868190184071,0
2021-04-29,109.36675262451172,119.0999984741211,120.83000183105467,117.61000061035156,120.72000122070312,8831800,-0.004679969671149253,120.03799896240234,120.06599960327148,2.8836520892652477,0
2021-04-30,107.19961547851562,116.73999786376952,118.18000030517578,116.6500015258789,118.01000213623048,7950700,-0.019815286654805253,119.65799865722656,119.66299934387207,2.747217279222573,0
2021-05-03,106.46501922607422,115.94000244140624,117.5500030517578,115.7300033569336,117.47000122070312,10229500,-0.00685279627379165,118.54199981689453,119.23499946594238,2.617726067090269,0
2021-05-04,105.93238067626952,115.36000061035156,115.81999969482422,113.73999786376952,115.0,9638300,-0.005002603233062675,117.36000061035156,118.88099937438965,2.640121171918808,1
2021-05-05,105.95075988769533,115.37999725341795,116.48999786376952,114.8499984741211,116.0,7059000,0.0001733412184516947,116.50399932861328,118.65549926757812,2.740116066526347,1
2021-05-06,107.43838500976562,117.0,117.63999938964844,114.45999908447266,115.3000030517578,8581700,0.01404058576135947,116.08399963378906,118.33399925231933,2.5187095439967178,0
2021-05-07,107.28227996826172,116.83000183105467,119.41999816894533,116.0500030517578,118.4000015258789,9614300,-0.0014529758029515616,116.1020004272461,118.03549919128417,2.3063850747914536,0
2021-05-10,103.13162994384766,112.30999755859376,115.37999725341795,112.2300033569336,114.9800033569336,12281200,-0.03868872893622988,115.3759994506836,117.60599899291992,2.5335165602934064,1
2021-05-11,103.62752532958984,112.8499984741211,112.98999786376952,109.12999725341795,109.7300033569336,10007700,0.00480812863739577,114.8739990234375,117.18499908447265,2.591537450206377,0
2021-05-12,99.3667221069336,108.20999908447266,110.08999633789062,108.05999755859376,109.3499984741211,15058900,-0.04111652150985623,113.43999938964843,116.55349922180176,3.1357114470752867,1
2021-05-13,99.86257934570312,108.75,111.43000030517578,107.9000015258789,109.36000061035156,10552000,0.004990305148286689,111.78999938964844,116.0734992980957,3.5532063452974634,1
2021-05-14,103.26940155029295,112.45999908447266,112.83000183105467,110.23999786376952,110.61000061035156,8425200,0.034114934110093476,110.91599884033204,115.7544994354248,3.578068362942862,0
2021-05-17,100.8267822265625,109.8000030517578,110.02999877929688,107.87000274658205,109.06999969482422,10688600,-0.023652819263468405,110.41399993896485,115.47449951171875,3.818316315766212,1
2021-05-18,101.78179168701172,110.83999633789062,113.4800033569336,110.73999786376952,113.0,7476600,0.00947170543923015,110.01199951171876,115.26899948120118,3.9561422047239114,1
2021-05-19,103.2143096923828,112.4000015258789,112.48999786376952,108.0,108.5,7280500,0.014074388664112591,110.85,115.01899948120118,3.972339502167856,1
2021-05-20,104.02239990234376,113.27999877929688,113.72000122070312,112.0999984741211,112.38999938964844,6442500,0.007829156952594563,111.75599975585938,114.9169994354248,3.9903540498177077,0
2021-05-21,102.70923614501952,111.8499984741211,114.0,111.69000244140624,114.0,5979400,-0.01262359040064831,111.63399963378906,114.57749938964844,3.945524740172022,1
2021-05-24,104.34375762939452,113.62999725341795,114.54000091552734,112.12000274658205,112.26000213623048,6653600,0.0159141600677688,112.39999847412109,114.18299942016601,3.5935836950766427,1
2021-05-25,104.94065856933594,114.27999877929688,114.94000244140624,113.5999984741211,114.8499984741211,5331700,0.005720333904693176,113.08799896240234,113.83349952697753,3.1846995018814237,1
2021-05-26,106.52008819580078,116.0,116.0,114.0,114.0,6605100,0.015050763380080934,113.80799865722656,113.65049934387207,2.9270040363822116,0
2021-05-27,106.30887603759766,115.7699966430664,116.52999877929688,115.0,116.0,6513700,-0.0019827875597723255,114.30599822998047,113.48399925231934,2.685443042658768,1
2021-05-28,107.76895141601562,117.36000061035156,117.83999633789062,115.9499969482422,116.3000030517578,5386500,0.013734162679362782,115.40799865722656,113.51499938964844,2.728245259959489,1
2021-06-01,108.82496643066406,118.51000213623048,120.04000091552734,117.43000030517578,119.70999908447266,7596100,0.009798922289520506,116.38399963378906,113.64349937438965,2.903376342042364,1
2021-06-02,109.22901153564452,118.9499969482422,119.4499969482422,117.91999816894533,118.9000015258789,5383400,0.00371272301139558,117.31799926757813,113.82299919128418,3.118117058418729,0
2021-06-03,107.27308654785156,116.81999969482422,118.26000213623048,116.45999908447266,118.0500030517578,4912200,-0.017906660849640765,117.48199920654297,113.89499931335449,3.172119617702131,1
2021-06-04,109.74324798583984,119.51000213623048,119.8499984741211,118.0500030517578,118.2300033569336,5352100,0.023026899918109134,118.23000030517578,114.02049942016602,3.346299892275722,0
2021-06-07,108.55867004394533,118.22000122070312,118.75,117.56999969482422,118.13999938964844,6266000,-0.010794083277288147,118.4020004272461,114.08999938964844,3.421315867758991,0
2021-06-08,106.44664001464844,115.91999816894533,117.68000030517578,115.05999755859376,117.5500030517578,11564800,-0.019455278531624765,117.88399963378909,114.27049942016602,3.4176902547122205,1
2021-06-09,107.55775451660156,117.12999725341795,117.6500015258789,115.97000122070312,116.0,6401600,0.010438225531276712,117.51999969482422,114.48449935913087,3.457824934756572,1
2021-06-10,108.57703399658205,118.23999786376952,118.8499984741211,116.62999725341795,117.04000091552734,8566600,0.009476655309314186,117.80399932861329,114.9859992980957,3.219013283397354,1
2021-06-11,108.5862274169922,118.25,118.41999816894533,117.16000366210938,118.29000091552734,6036600,8.459181673869942e-05,117.55199890136718,115.4609992980957,2.9391405581552053,1
2021-06-14,111.10231018066406,120.98999786376952,121.0,118.45999908447266,118.5500030517578,7610300,0.023171229291919726,118.10599822998047,115.88749923706055,3.09548207358284,0
2021-06-15,109.68815612792967,119.4499969482422,122.0,119.2699966430664,120.3499984741211,8196900,-0.01272833244663163,118.81199798583984,116.36999893188477,2.838048227730596,0
2021-06-16,108.37499237060548,118.0199966430664,119.9000015258789,117.5,119.5500030517578,8059400,-0.011971539068313386,118.98999786376953,116.72899894714355,2.540200786239014,1
2021-06-17,109.80472564697266,119.12000274658205,120.23999786376952,117.58999633789062,117.68000030517578,7608100,0.009320506141365481,119.16599884033204,117.06499900817872,2.376624544989417,0
2021-06-18,106.73513793945312,115.79000091552734,117.88999938964844,115.20999908447266,117.51000213623048,12532800,-0.027955018084905525,118.6739990234375,117.19049911499023,2.227849189317518,0
2021-06-21,105.21417236328124,114.13999938964844,115.4000015258789,113.0199966430664,115.37999725341795,11116200,-0.014249948292880954,117.30399932861329,117.3049991607666,1.9844835529419147,1
2021-06-22,105.38928985595705,114.33000183105467,114.48999786376952,112.01000213623048,113.5,11792400,0.0016646437920295742,116.28000030517578,117.33999938964844,1.9214275701372,1
2021-06-23,106.97481536865234,116.0500030517578,117.41999816894533,115.80999755859376,116.1999969482422,8913700,0.015044180820050768,115.88600158691406,117.42849960327149,1.810635760670765,1
2021-06-24,108.07173919677734,117.23999786376952,117.66999816894533,116.2699966430664,116.72000122070312,6772200,0.010254155801107334,115.51000061035157,117.49049949645996,1.7801194127999407,0
2021-06-25,107.4172821044922,116.52999877929688,117.93000030517578,116.52999877929688,117.4499969482422,6712800,-0.006055945900797832,115.65800018310547,117.52849960327148,1.7493040533384236,1
2021-06-28,110.25641632080078,119.61000061035156,119.9499969482422,117.18000030517578,117.29000091552734,11026600,0.026430977974075898,116.75200042724609,117.64099960327148,1.8092213835814428,1
2021-06-29,110.82793426513672,120.2300033569336,120.29000091552734,118.41999816894533,119.4000015258789,7874900,0.005183536020552326,117.93200073242187,117.72699966430665,1.8917022841538478,0
2021-06-30,110.7634048461914,120.16000366210938,120.76000213623048,119.01000213623048,120.16000366210938,7936400,-0.0005822148620956424,118.75400085449219,117.7875,1.9512855868836134,0
2021-07-01,109.1594696044922,118.41999816894533,120.20999908447266,118.02999877929688,120.0999984741211,8295600,-0.014480737684204437,118.99000091552735,117.86749992370605,1.942309947721759,1
2021-07-02,109.61116027832033,118.91000366210938,119.18000030517578,118.41000366210938,118.75,5144300,0.0041378610094637835,119.46600189208985,117.8375,1.9201122684466718,1
2021-07-06,110.6620101928711,120.0500030517578,120.95999908447266,118.22000122070312,119.8499984741211,7181500,0.00958707723942065,119.55400238037109,117.92900009155274,1.9819077542459451,0
2021-07-07,109.00276184082033,118.25,121.0500030517578,118.20999908447266,120.63999938964844,7391800,-0.014993777642652417,119.15800170898437,118.04550018310547,1.9252712094664903,0
2021-07-08,108.65247344970705,117.87000274658205,118.27999877929688,115.37999725341795,115.87000274658205,7565400,-0.003213507428481699,118.7000015258789,118.08250045776367,1.9138276430600485,1
2021-07-09,111.1321258544922,120.55999755859376,120.79000091552734,117.62000274658205,118.0,8374200,0.022821708232205085,119.1280014038086,118.19850044250488,1.9925658573544431,1
2021-07-12,113.04024505615234,122.62999725341795,122.7300033569336,119.5199966430664,121.19000244140624,10668700,0.017169871738079046,119.87200012207032,118.41750030517578,2.2255968827510295,1
2021-07-13,114.21092224121094,123.9000015258789,125.4800033569336,122.12999725341795,123.19000244140624,13460200,0.010356391591826108,120.64199981689453,118.56300048828125,2.482878402665963,1
2021-07-14,114.6626205444336,124.38999938964844,125.77999877929688,124.06999969482422,125.1500015258789,10587700,0.003954784969612657,121.86999969482422,118.81000061035157,2.801089922799529,0
2021-07-15,108.3390655517578,117.52999877929688,120.6999969482422,116.87000274658205,120.12000274658205,23734500,-0.055149132920748634,121.80199890136718,118.78550071716309,2.810490534824505,0
2021-07-16,106.68904113769533,115.73999786376952,118.98999786376952,115.16999816894533,118.75,12110000,-0.015230161951151788,120.83799896240234,118.61650047302246,2.889821140453032,0
2021-07-19,106.32955932617188,115.3499984741211,115.62000274658205,113.2300033569336,114.0,9230200,-0.003369616354300109,119.38199920654297,118.59450035095215,2.914045060747403,1
2021-07-20,107.29740142822266,116.4000015258789,116.87000274658205,114.43000030517578,115.87999725341795,7108000,0.009102757396163952,117.88199920654297,118.70750045776367,2.7726045089833753,1
2021-07-21,108.65247344970705,117.87000274658205,117.87000274658205,115.93000030517578,116.2300033569336,5564700,0.01262887630097076,116.57799987792968,118.88450050354004,2.5850960214962813,0
2021-07-22,107.44491577148438,116.55999755859376,118.08999633789062,116.20999908447266,118.08999633789062,5746500,-0.011113982840950332,116.38399963378906,118.91000022888184,2.558038318957217,1
2021-07-23,107.65692901611328,116.79000091552734,117.6500015258789,115.33000183105467,117.6500015258789,5773900,0.0019732615112484364,116.59400024414063,118.88750038146972,2.575420304075958,0
2021-07-26,106.60607147216795,115.6500015258789,116.0999984741211,114.87000274658205,115.79000091552734,6440600,-0.009761104381469932,116.65400085449218,118.84350051879883,2.6248595991293717,0
2021-07-27,104.66109466552734,113.54000091552734,115.4000015258789,112.0500030517578,115.31999969482422,11127500,-0.018244708884672223,116.08200073242188,118.54000053405761,2.8709544646564322,1
2021-07-28,106.07144165039062,115.06999969482422,115.51000213623048,113.87999725341795,113.94000244140624,6819700,0.013475416302270338,115.52200012207031,118.28200035095215,2.942060910473495,1
2021-07-29,107.06697845458984,116.1500015258789,117.11000061035156,115.61000061035156,116.0,7162000,0.00938560731658078,115.44000091552735,118.08150024414063,2.943979068097734,1
2021-07-30,107.51866912841795,116.63999938964844,117.41999816894533,115.19000244140624,115.5,6482600,0.004218664290420726,115.41000061035156,117.99250030517578,2.960069046138551,1
2021-08-02,107.7214584350586,116.86000061035156,118.37999725341795,116.66000366210938,117.5,6028800,0.0018861558800955525,115.6520004272461,117.89000015258789,2.962118586803301,1
2021-08-03,109.15026092529295,118.41000366210938,118.63999938964844,116.83999633789062,117.30999755859376,5874700,0.013263760428395166,116.6260009765625,117.80800018310546,2.9215991939258577,1
2021-08-04,109.45443725585938,118.73999786376952,119.5500030517578,118.27999877929688,118.43000030517578,4254000,0.0027868777253128307,117.36000061035156,117.83250007629394,2.9275492363365494,1
2021-08-05,109.89691162109376,119.22000122070312,119.23999786376952,118.23999786376952,119.06999969482422,4452300,0.004042474023658871,117.9740005493164,117.9,2.943976672120204,0
2021-08-06,108.96588897705078,118.20999908447266,118.5999984741211,117.4499969482422,118.37000274658205,4338100,-0.008471750762363506,118.28800048828126,117.78250007629394,2.878389188170884,1
2021-08-09,108.97509765625,118.22000122070312,118.79000091552734,117.31999969482422,118.41999816894533,4280200,8.461328405329205e-05,118.56000061035157,117.5620002746582,2.6471249266814603,0
2021-08-10,107.26056671142578,116.36000061035156,119.0500030517578,114.08000183105467,118.5,5132800,-0.015733383447350424,118.15,117.18500022888183,2.1953311680871064,0
2021-08-11,106.91949462890624,115.98999786376952,117.29000091552734,115.1999969482422,116.5,4490400,-0.003179810455837484,117.6,116.76500015258789,1.4059669135539201,0
2021-08-12,106.65216827392578,115.6999969482422,115.9499969482422,114.44000244140624,115.5500030517578,6338400,-0.002500223475026875,116.89599914550782,116.67350006103516,1.413090675182657,0
2021-08-13,106.46781158447266,115.5,115.5199966430664,114.48999786376952,115.06999969482422,4593200,-0.0017285821393034917,116.35399932861328,116.66150016784668,1.4224233576928613,0
2021-08-16,105.66584014892578,114.62999725341795,115.4800033569336,114.0999984741211,115.0999984741211,5435900,-0.007532491312398637,115.63599853515625,116.62550010681153,1.4658125692003907,0
2021-08-17,102.42112731933594,111.11000061035156,113.8499984741211,110.75,113.7300033569336,13398800,-0.03070746512611855,114.58599853515625,116.36100006103516,1.9166061407111934,0
2021-08-18,101.81271362304688,110.4499969482422,113.0,110.37999725341795,111.73999786376952,9167300,-0.005940092327277657,113.47799835205078,115.98999977111816,2.2907623100953756,1
2021-08-19,101.87725067138672,110.5199966430664,110.97000122070312,107.68000030517578,109.0,12146900,0.0006337681915646876,112.44199829101562,115.6879997253418,2.5902266051641893,0
2021-08-20,99.66494750976562,108.12000274658205,109.70999908447266,107.7300033569336,109.13999938964844,13042000,-0.021715472035665595,110.96599884033203,115.25449981689454,3.0760358263157235,1
2021-08-23,102.28282928466795,110.95999908447266,111.33000183105467,109.2699966430664,110.08000183105467,9533500,0.026267076079781182,110.23199920654297,115.01999969482422,3.2197126423325297,1
2021-08-24,103.3429183959961,112.11000061035156,113.06999969482422,111.8000030517578,111.81999969482422,6719800,0.01036410900655671,110.43199920654297,114.94849967956543,3.2697971426373966,1
2021-08-25,107.87815856933594,117.02999877929688,119.18000030517578,115.61000061035156,115.70999908447266,22106800,0.0438854530564603,111.74799957275391,115.04649963378907,3.3028352266524617,1
2021-08-26,108.86449432373048,118.0999984741211,118.45999908447266,116.3499984741211,117.9800033569336,9892100,0.009142952285611017,113.26399993896484,115.14399948120118,3.3653161616631064,1
2021-08-27,109.22398376464844,118.48999786376952,119.3000030517578,117.69000244140624,118.33000183105467,6827700,0.003302281072712132,115.33799896240234,115.23649940490722,3.4333371001604878,1
2021-08-30,109.68489837646484,118.98999786376952,119.5,118.47000122070312,118.87999725341795,6434200,0.004219765457122104,116.94399871826172,115.34299926757812,3.518331088554208,1
2021-08-31,109.70333099365234,119.01000213623048,120.8000030517578,118.6999969482422,120.01000213623048,8424900,0.00016811726044285713,118.3239990234375,115.37299919128418,3.54828953232723,1
2021-09-01,111.03994750976562,120.45999908447266,121.36000061035156,119.55999755859376,120.22000122070312,8603900,0.012183824235061813,119.00999908447265,115.45899925231933,3.653475498481275,1
2021-09-02,111.34412384033205,120.79000091552734,121.38999938964844,120.45999908447266,120.94000244140624,6866400,0.002739513810084526,119.54799957275391,115.53749923706054,3.7540222577145532,1
2021-09-03,114.27545166015624,123.97000122070312,124.4800033569336,121.26000213623048,121.58000183105467,10361400,0.026326684999362415,120.64400024414063,115.82549934387207,4.167966386343883,1
2021-09-07,114.9483642578125,124.6999969482422,125.27999877929688,123.88999938964844,124.62000274658205,9739900,0.005888486894821243,121.78600006103515,116.14949913024903,4.593991977037042,0
2021-09-08,112.35811614990234,121.88999938964844,123.13999938964844,121.2300033569336,122.97000122070312,7983300,-0.02253406276954506,122.36199951171875,116.42599906921387,4.770360636519393,1
2021-09-09,113.08633422851562,122.68000030517578,123.48999786376952,121.87999725341795,122.19000244140624,5101300,0.006481261132850857,122.80599975585938,116.76049919128418,4.968612531214969,1
2021-09-10,113.3536605834961,122.97000122070312,124.33999633789062,122.88999938964844,123.0199966430664,5163900,0.002363880948858421,123.24199981689453,117.12399940490722,5.149582004300837,1
2021-09-13,113.95281982421876,123.62000274658205,124.0999984741211,122.1999969482422,122.94000244140624,6622800,0.0052858544313771905,123.17200012207032,117.52999954223633,5.33168120359722,0
2021-09-14,113.4642562866211,123.08999633789062,123.62999725341795,122.4000015258789,123.62999725341795,5110500,-0.004287383893510466,122.85,117.95299949645997,5.424285723271796,0
2021-09-15,111.99859619140624,121.5,122.5,120.87999725341795,122.41000366210938,5566500,-0.012917348161470166,122.77200012207031,118.47249946594238,5.22842237953235,0
2021-09-16,111.8014678955078,120.79000091552734,121.12999725341795,119.3499984741211,120.0,7301400,-0.005843613863972474,122.39400024414063,118.98949966430663,4.893906486197355,0
2021-09-17,108.98768615722656,117.75,120.47000122070312,117.69000244140624,120.19000244140624,10722700,-0.02516765371707652,121.35,119.35099983215332,4.4853347218944055,0
2021-09-20,106.1646499633789,114.6999969482422,116.01000213623048,113.5500030517578,115.1999969482422,8991000,-0.025902361373739247,119.56599884033203,119.67999954223633,3.80842583785606,1
2021-09-21,106.40528106689452,114.95999908447266,115.87000274658205,114.5500030517578,115.6500015258789,8182200,0.0022668015967584054,117.93999938964843,119.87999954223633,3.4106492376582134,1
2021-09-22,107.2476043701172,115.87000274658205,116.23999786376952,114.91000366210938,115.2300033569336,5345600,0.007915828717437012,116.81399993896484,120.06799964904785,3.04370226707088,1
2021-09-23,107.54376983642578,116.19000244140624,116.97000122070312,115.58999633789062,116.97000122070312,5484700,0.0027617130166472936,115.89400024414063,120.02599983215332,3.093222469634311,0
2021-09-24,107.0346908569336,115.63999938964844,116.55999755859376,115.52999877929688,116.0,4455900,-0.004733652123255272,115.47200012207031,119.90299987792969,3.2201456207844847,1
2021-09-27,107.50674438476562,116.1500015258789,116.56999969482422,115.01000213623048,115.6999969482422,5198800,0.004410257168127707,115.76200103759766,119.78600006103515,3.3152920118865854,0
2021-09-28,103.572998046875,111.9000015258789,115.04000091552734,111.8499984741211,114.33000183105467,9792300,-0.03659061510260142,115.1500015258789,119.43150024414062,3.7548145399036987,0
2021-09-29,103.31385040283205,111.62000274658205,112.8499984741211,111.0199966430664,112.3000030517578,6522400,-0.002502223194627118,114.30000152587891,119.0620002746582,4.142115149374112,1
2021-09-30,103.34161376953124,111.6500015258789,113.3499984741211,111.6500015258789,112.43000030517578,6433400,0.00026875809495341407,113.39200134277344,118.62150039672852,4.443136411385186,0
2021-10-01,103.25830841064452,111.55999755859376,112.3000030517578,110.3000030517578,112.0,5315200,-0.0008061259834759582,112.5760009765625,118.16000022888184,4.679128022499524,0
2021-10-04,100.90730285644533,109.0199966430664,111.43000030517578,108.5199966430664,111.0,8514500,-0.022768025915322343,111.15,117.4125,4.89144776839642,1
2021-10-05,101.12946319580078,109.26000213623048,110.3499984741211,109.22000122070312,109.8000030517578,8039600,0.0022014813846478187,110.62200012207032,116.64050025939942,4.899166963595035,1
2021-10-06,101.2035140991211,109.33999633789062,109.5199966430664,107.58000183105467,108.44000244140624,7553600,0.0007321453422670654,110.16599884033204,116.01300010681152,4.99420658766875,1
2021-10-07,102.58262634277344,110.83000183105467,111.70999908447266,110.48999786376952,111.0,7821900,0.013627268548277005,110.00199890136719,115.42050018310547,4.862819983548873,0
2021-10-08,101.85140991210938,110.04000091552734,111.06999969482422,109.51000213623048,110.9800033569336,5143400,-0.007128042068713314,109.6979995727539,114.77400016784668,4.661651541047011,1
2021-10-11,102.0550537109375,110.26000213623048,111.70999908447266,109.9000015258789,110.08000183105467,5318500,0.0019992840682727664,109.94600067138671,114.1060001373291,4.26792715929425,0
2021-10-12,101.0739288330078,109.1999969482422,111.02999877929688,108.55999755859376,110.47000122070312,9294600,-0.009613687352178713,109.93399963378906,113.41150016784668,3.8374807931026007,1
2021-10-13,101.79588317871094,109.9800033569336,110.0500030517578,108.9499969482422,109.31999969482422,7845100,0.007142916030126845,110.06200103759765,112.83550033569335,3.3990303772736143,1
2021-10-14,104.18389129638672,112.55999755859376,114.73999786376952,111.16000366210938,114.13999938964844,16930500,0.023458757255052642,110.40800018310547,112.42400016784669,2.8370659153224365,1
2021-10-15,106.31273651123048,114.86000061035156,114.9499969482422,112.95999908447266,114.77999877929688,11558800,0.020433574108426278,111.37200012207032,112.27950019836426,2.6165479092839026,1
2021-10-18,106.75701141357422,115.33999633789062,115.3499984741211,113.41999816894533,113.41999816894533,6773800,0.004178963303050898,112.38799896240235,112.31150016784667,2.651389788621588,1
2021-10-19,108.2564697265625,116.95999908447266,116.9800033569336,115.62999725341795,115.8000030517578,5406100,0.01404545515881761,113.93999938964843,112.41150016784668,2.7905996722024633,0
2021-10-20,106.9884262084961,115.58999633789062,117.02999877929688,115.5500030517578,116.87999725341795,8205800,-0.011713429867527325,115.06199798583984,112.3974998474121,2.7729820706222132,1
2021-10-21,107.63632202148438,116.29000091552734,116.3499984741211,114.61000061035156,115.01000213623048,4640300,0.0060559269816955474,115.80799865722656,112.40249977111816,2.7802607826466628,0
2021-10-22,105.72962188720705,114.2300033569336,117.1500015258789,114.2300033569336,116.23999786376952,6283000,-0.017714313718942387,115.68199920654297,112.33199996948242,2.7108564533868047,0
2021-10-25,105.18352508544922,113.63999938964844,114.5500030517578,113.11000061035156,114.4000015258789,6667700,-0.005165052525137215,115.34199981689453,112.2064998626709,2.579726959938363,1
2021-10-26,105.68333435058594,114.18000030517578,115.3000030517578,113.72000122070312,114.94000244140624,4852300,0.0047518560227706175,114.78600006103515,112.32049980163575,2.615597703788949,0
2021-10-27,105.28532409667967,113.75,115.05999755859376,113.70999908447266,114.02999877929688,5394500,-0.003765986197464488,114.41800079345703,112.42699966430663,2.628904173257671,1
2021-10-28,107.37716674804688,116.01000213623048,116.0199966430664,113.54000091552734,113.66000366210938,5714300,0.01986815064818015,114.36200103759765,112.64499969482422,2.7395284480116655,0
2021-10-29,105.23905181884766,113.6999969482422,114.19000244140624,113.22000122070312,114.06999969482422,7118900,-0.019912120898641472,114.25599975585938,112.75199966430664,2.7367106257382936,1
2021-11-01,105.62781524658205,114.12000274658205,114.33999633789062,113.3499984741211,113.58000183105467,4955700,0.003693982494397341,114.35200042724611,113.00699996948242,2.60510832890549,0
2021-11-02,105.61853790283205,114.11000061035156,114.8000030517578,113.54000091552734,113.58999633789062,4479700,-8.76457762859495e-05,114.33800048828127,113.24949989318847,2.459628684992664,0
2021-11-03,105.52599334716795,114.01000213623048,114.0999984741211,112.7300033569336,113.44000244140624,6073000,-0.0008763340074157133,114.39000091552737,113.48300018310547,2.2843793352346475,1
2021-11-04,109.02473449707033,117.79000091552734,117.8499984741211,112.41000366210938,113.37000274658205,14682800,0.033154975076486126,114.74600067138672,113.8310001373291,2.386796638615287,1
2021-11-05,109.03396606445312,117.8000030517578,119.52999877929688,116.25,118.16999816894533,8668100,8.491498559060062e-05,115.56600189208984,114.21900024414063,2.3687615359010947,1
2021-11-08,111.91252899169922,120.91000366210938,122.25,117.0500030517578,118.38999938964844,15776300,0.026400683614457465,116.92400207519532,114.75150032043457,2.616087146072781,1
2021-11-09,112.71778869628906,121.77999877929688,123.2699966430664,120.16999816894533,121.25,10874100,0.007195394018999046,118.45800170898437,115.3805004119873,2.7212816809305527,0
2021-11-10,109.40420532226562,118.1999969482422,120.8000030517578,117.68000030517578,119.5999984741211,9046100,-0.029397289102808588,119.29600067138672,115.79150009155273,2.472031801199032,0
2021-11-11,109.39494323730467,118.19000244140624,120.47000122070312,117.8000030517578,119.26000213623048,6994000,-8.455589758049609e-05,119.3760009765625,116.07300033569337,2.404307980637154,1
2021-11-12,109.85773468017578,118.69000244140624,118.81999969482422,117.2699966430664,118.38999938964844,6947200,0.004230476264249772,119.55400085449219,116.26450042724609,2.454610339273367,0
2021-11-15,109.33014678955078,118.12000274658205,119.63999938964844,117.51000213623048,119.31999969482422,5157000,-0.004802423819188828,118.99600067138672,116.40350074768067,2.478102900245458,0
2021-11-16,109.2931137084961,118.08000183105467,118.37999725341795,117.16000366210938,117.69000244140624,5555100,-0.00033864641548642105,118.25600128173828,116.45950088500976,2.5038615532179627,1
2021-11-17,110.20018768310548,119.05999755859376,119.5500030517578,117.51000213623048,118.0,6391400,0.008299421683116481,118.4280014038086,116.63300094604492,2.560033205420487,1
2021-11-18,114.20797729492188,123.38999938964844,123.55999755859376,119.8000030517578,119.97000122070312,13229700,0.03636823383037391,119.46800079345704,116.98800086975098,2.969498542404909,1
2021-11-19,115.01324462890624,124.26000213623048,124.8000030517578,122.0199966430664,122.02999877929688,9071800,0.007050836784873393,120.58200073242188,117.48950080871582,3.3069776202582486,1
2021-11-22,115.46678161621094,124.75,128.08999633789062,123.20999908447266,123.5,16076100,0.0039433273406217495,121.90800018310547,118.0450008392334,3.5504669840371825,0
2021-11-23,112.32903289794922,121.36000061035156,123.1999969482422,119.5199966430664,122.72000122070312,10984000,-0.027174343804797108,122.56399993896484,118.40400085449218,3.501758012808892,0
2021-11-24,111.72740936279295,120.70999908447266,120.87000274658205,118.4000015258789,120.0,6992600,-0.005355978268044459,122.89400024414063,118.75200080871582,3.3577851326622046,0
2021-11-26,108.37680053710938,117.08999633789062,119.04000091552734,116.5199966430664,117.5,6766900,-0.029989253367890045,121.63399963378906,118.80600051879883,3.319837358990013,1
2021-11-29,110.4038314819336,119.27999877929688,119.87999725341795,117.9000015258789,118.36000061035156,7634000,0.018703582798708762,120.63799896240235,119.08500061035156,3.0950015949273895,0
2021-11-30,108.4323272705078,117.1500015258789,120.16999816894533,115.76000213623048,118.0999984741211,10561800,-0.017857120013549777,119.11799926757813,119.2365005493164,2.907663518676531,1
2021-12-01,111.65335845947266,120.62999725341795,123.51000213623048,119.22000122070312,119.22000122070312,12924400,0.02970546890492609,118.97199859619141,119.56250038146973,2.6573725572042237,1
2021-12-02,112.64373779296876,121.6999969482422,123.4000015258789,120.0199966430664,120.3499984741211,8425500,0.008870096320871212,119.16999816894531,119.9470001220703,2.3502833317104144,0
2021-12-03,110.45011138916016,119.33000183105467,121.8499984741211,117.9800033569336,121.0,7809000,-0.019474077046981897,119.61799926757813,120.02400016784668,2.300597911071428,0
2021-12-06,110.27423858642578,119.13999938964844,119.5,116.58000183105467,118.88999938964844,5681200,-0.0015922436813102792,119.58999938964844,120.09099998474122,2.251406331423509,1
2021-12-07,113.21760559082033,122.31999969482422,122.58000183105467,120.26000213623048,120.54000091552734,7459200,0.02669129025908057,120.6239990234375,120.16149978637695,2.299954772526684,0
2021-12-08,112.73629760742188,121.8000030517578,122.22000122070312,120.11000061035156,121.62999725341795,5795700,-0.004251117105655289,120.85800018310547,120.1625,2.300699906203971,0
2021-12-09,110.60747528076172,119.5,122.08999633789062,119.48999786376952,121.18000030517578,6103900,-0.01888344001748865,120.41800079345703,120.2275001525879,2.2603466051732255,0
2021-12-10,110.26496887207033,119.12999725341795,120.79000091552734,118.23999786376952,120.0,5973900,-0.0030962572935736565,120.37799987792968,120.27449989318848,2.225251078833338,0
2021-12-13,107.75665283203124,116.41999816894533,119.02999877929688,116.38999938964844,118.86000061035156,5854300,-0.02274825104467859,119.83399963378906,120.16099967956544,2.3638952055182303,0
2021-12-14,107.63632202148438,116.29000091552734,116.9800033569336,115.25,115.44000244140624,6267300,-0.0011166230498418361,118.62799987792968,120.06949958801269,2.479638427870008,1
2021-12-15,111.44049072265624,120.4000015258789,120.51000213623048,116.4800033569336,116.79000091552734,6700700,0.03534268275857233,118.3479995727539,120.18549957275391,2.435543149227337,0
2021-12-16,108.3418197631836,116.56999969482422,120.75,116.13999938964844,120.33999633789062,9116100,-0.03181064603418182,117.76199951171876,120.06099967956543,2.5567312428852813,0
2021-12-17,108.10945129394533,116.31999969482422,117.48999786376952,115.93000030517578,116.29000091552734,11725600,-0.002144634131032719,117.2,119.70749969482422,2.5609847545779147,0
2021-12-20,106.82687377929688,114.94000244140624,116.62000274658205,113.91000366210938,115.91999816894533,6980800,-0.011863800352807097,116.90400085449218,119.241499710083,2.536832330799389,1
2021-12-21,109.1504135131836,117.44000244140624,117.5,115.08000183105467,116.06999969482422,6122900,0.021750478048531807,117.13400115966797,118.87599983215333,2.2065078502000532,1
2021-12-22,112.7379379272461,121.3000030517578,121.44000244140624,116.83000183105467,116.91999816894533,9300100,0.032867851925304725,117.31400146484376,118.87299995422363,2.2029909420472973,0
2021-12-23,112.16169738769533,120.68000030517578,121.79000091552734,119.83999633789062,120.95999908447266,6512500,-0.0051113168259152575,118.13600158691406,118.87150001525879,2.2016841901691375,1
2021-12-27,114.03911590576172,122.6999969482422,123.26000213623048,121.1999969482422,121.22000122070312,6309900,0.016738454076551612,119.41200103759766,119.15200004577636,2.3171089094017834,0
2021-12-28,113.4442901611328,122.05999755859376,123.66000366210938,121.87000274658205,123.37999725341795,6321000,-0.005215969075520022,120.83600006103515,119.2909999847412,2.4068381361695024,0
2021-12-29,112.84017944335938,121.41000366210938,123.1500015258789,120.97000122070312,121.8000030517578,5847700,-0.005325199979398398,121.63000030517578,119.50400009155274,2.3958675797527107,0
2021-12-30,111.9200668334961,120.41999816894533,121.5500030517578,120.19000244140624,121.0,4187800,-0.008154233286404411,121.45399932861328,119.49350013732911,2.3911286216805276,0
2021-12-31,111.81783294677734,120.30999755859376,121.75,120.22000122070312,121.3499984741211,3888200,-0.000913474605748088,121.3799987792969,119.42400016784669,2.343342872795835,1
2022-01-03,119.70854949951172,128.8000030517578,129.58999633789062,124.0,124.12999725341795,18592000,0.07056774719847558,122.6,119.89750022888184,3.1435013064211756,1
2022-01-04,123.9838638305664,133.39999389648438,135.5,130.3000030517578,130.8699951171875,25554900,0.03571421378676587,124.86799926757813,120.61049995422363,4.348784248508383,0
2022-01-05,118.09136199951172,127.05999755859376,130.8800048828125,126.87999725341795,130.7100067138672,17891200,-0.04752621160395487,125.997998046875,120.84749984741211,4.570366882426589,1
2022-01-06,119.40184020996094,128.47000122070312,129.0,124.80999755859376,127.0,16249000,0.011097148506233445,127.60799865722656,121.18099975585938,4.876623273129301,0
2022-01-07,114.78266143798828,123.5,127.13999938964844,123.30999755859376,126.5500030517578,21248100,-0.03868608370420257,128.24599914550782,121.38099975585938,4.886068478555961,1
2022-01-10,116.1860580444336,125.01000213623048,125.87000274658205,123.26000213623048,125.11000061035156,11857700,0.012226737945186139,127.48799896240234,121.675,4.920277920612505,1
2022-01-11,120.05242156982422,129.1699981689453,129.5500030517578,125.5,126.54000091552734,12113100,0.033277305508573995,126.64199981689453,122.3125,5.028368940392504,1
2022-01-12,122.89644622802734,132.22999572753906,132.9199981689453,130.22000122070312,130.5,16389200,0.023689692668350748,127.67599945068359,123.10949974060058,5.280487638797195,1
2022-01-13,129.3651885986328,139.19000244140625,145.0,138.9199981689453,140.75,52020000,0.05263561172767739,129.81999969482422,124.04899978637695,6.338584534757494,1
2022-01-14,130.7313995361328,140.66000366210938,143.8800048828125,136.08999633789062,136.08999633789062,28255300,0.010561112112358328,133.2520004272461,125.25349998474121,7.087234695727056,0
2022-01-18,124.38350677490234,133.8300018310547,137.17999267578125,133.2899932861328,136.75,15191400,-0.04855681539339063,135.01600036621093,126.12900009155274,7.006643331654538,0
2022-01-19,121.7625732421875,131.00999450683594,135.89999389648438,130.94000244140625,134.6199951171875,11155100,-0.0210715630698316,135.38399963378907,126.93249969482422,6.563399995754984,0
2022-01-20,119.271728515625,128.3300018310547,132.75,128.1999969482422,131.9199981689453,11421900,-0.020456398657748287,134.6040008544922,127.47699966430665,6.174659906937755,0
2022-01-21,115.73995208740234,124.52999877929688,127.9800033569336,124.2699966430664,127.08000183105467,15573700,-0.029611182089442245,131.6720001220703,127.6384994506836,6.045485300294057,1
2022-01-24,117.06901550292967,125.95999908447266,126.06999969482422,120.12999725341795,123.7699966430664,17083400,0.011483179307743896,128.73199920654298,127.90249938964844,5.837324060557141,0
2022-01-25,113.83464813232422,122.4800033569336,125.81999969482422,121.6999969482422,125.48999786376952,11370500,-0.02762778463665494,126.46199951171874,127.89149971008301,5.847841271894525,1
2022-01-26,114.39227294921876,123.08000183105467,126.66999816894533,121.88999938964844,125.37999725341795,13592100,0.004898746388604769,124.8760009765625,127.94249992370605,5.798546902119281,0
2022-01-27,108.1652374267578,116.37999725341795,124.13999938964844,116.02999877929688,124.0,18599800,-0.054436175479047,122.48600006103516,127.69099960327148,6.192494139616616,1
2022-01-28,109.3083953857422,117.61000061035156,119.5999984741211,114.19000244140624,118.70999908447266,14005900,0.01056885535282559,121.1020004272461,127.5504997253418,6.394722183331514,1
2022-01-31,113.97405242919922,122.62999725341795,122.7699966430664,118.80999755859376,119.5199966430664,10189100,0.04268341652082741,120.43600006103516,127.666499710083,6.276414989375021,1
2022-02-01,114.36441802978516,123.0500030517578,123.23999786376952,120.0999984741211,122.9000015258789,6956300,0.0034249841616802446,120.55,127.37899971008301,6.352986880734538,1
2022-02-02,115.38677215576172,124.1500015258789,126.47000122070312,122.5500030517578,126.2300033569336,8562900,0.008939442883706628,120.76399993896484,126.91650009155273,6.227039273527485,0
2022-02-03,111.38099670410156,119.83999633789062,123.87999725341795,119.25,121.4499969482422,9926800,-0.03471611063242608,121.45599975585938,126.55550003051758,6.424436232231711,1
2022-02-04,112.4776840209961,121.0199966430664,121.83000183105467,119.38999938964844,120.44000244140624,5743200,0.009846464796684051,122.13799896240235,126.18299980163575,6.522816600506991,1
2022-02-07,113.67664337158205,122.30999755859376,124.0999984741211,121.87999725341795,122.55999755859376,6562900,0.010659403002067913,122.0739990234375,126.12349967956543,6.553931904716859,1
2022-02-08,114.9778289794922,123.70999908447266,123.86000061035156,121.61000061035156,122.0,7036200,0.011446337616090707,122.20599822998047,126.05849952697754,6.5719782040210095,1
2022-02-09,116.6600570678711,125.5199966430664,125.5500030517578,122.76000213623048,124.87999725341795,10979700,0.014630972209108473,122.47999725341796,125.8759994506836,6.531581128673713,0
2022-02-10,115.90724182128906,124.70999908447266,128.66000366210938,124.36000061035156,124.8000030517578,10474900,-0.0064531355979644545,123.45399780273438,125.49999961853027,6.360768984712008,0
2022-02-11,112.4684066772461,121.01000213623048,126.58000183105467,120.4499969482422,125.5,9845700,-0.029668807436490918,123.45199890136719,124.59099960327148,5.548572784753843,0
2022-02-14,111.3159408569336,119.7699966430664,121.5500030517578,118.0,119.9499969482422,8081800,-0.010247132231004374,122.94399871826172,123.54649925231934,4.15588420791967,1
2022-02-15,115.73065185546876,124.5199966430664,124.61000061035156,121.45999908447266,122.0199966430664,9248700,0.03965934819348593,123.10599822998047,123.08099899291992,3.39519443281703,0
2022-02-16,114.8756103515625,123.5999984741211,124.29000091552734,121.56999969482422,123.13999938964844,5749500,-0.007388356840246857,122.72199859619141,122.71049919128419,2.8439645052706597,0
2022-02-17,111.30664825439452,119.76000213623048,122.75,119.6500015258789,122.48999786376952,7976700,-0.03106793191987467,121.73199920654297,122.28199920654296,2.5866959849500555,0
2022-02-18,110.88841247558594,119.30999755859376,120.69000244140624,118.4499969482422,120.5199966430664,8389000,-0.003757553186453877,121.39199829101562,122.02099914550782,2.6111682939945187,0
2022-02-22,108.6578140258789,116.91000366210938,119.36000061035156,115.72000122070312,117.5,9793500,-0.020115614329014986,120.81999969482422,121.56849937438965,2.6759870858255606,0
2022-02-23,107.7190933227539,115.9000015258789,119.43000030517578,115.76000213623048,118.5500030517578,8114700,-0.008639142114386988,119.09600067138672,121.23949928283692,2.94862535260204,0
2022-02-24,103.98284149169922,111.87999725341795,111.9800033569336,104.37999725341795,108.0,27539100,-0.03468510974577799,116.75200042724609,120.67949905395508,3.577225192004284,0
2022-02-25,103.37874603271484,111.2300033569336,113.0,109.36000061035156,112.29000091552734,14258900,-0.00580974179872451,115.04600067138672,120.42199935913087,4.0562842261983585,0
2022-02-28,99.45662689208984,107.01000213623048,109.7699966430664,105.0,109.37000274658205,26390800,-0.037939414666394056,112.58600158691407,119.89199943542481,5.020860310595716,1
2022-03-01,100.42320251464844,108.0500030517578,111.11000061035156,107.0500030517578,110.0,20377900,0.009718726238350461,110.81400146484376,119.16299972534179,5.624566236680031,1
2022-03-02,101.8730926513672,109.61000061035156,109.97000122070312,107.86000061035156,108.4000015258789,13342400,0.014437737293228059,109.55600128173828,118.49099960327149,5.930290112790726,0
2022-03-03,101.11095428466795,108.79000091552734,110.0,107.5999984741211,109.91000366210938,10841700,-0.007481066419652738,108.93800201416016,117.7229995727539,6.149399061172552,0
2022-03-04,97.6442642211914,105.05999755859376,108.12000274658205,103.80999755859376,107.0,22372100,-0.03428627011254304,107.7040008544922,116.98399963378907,6.741211018678414,0
2022-03-07,92.28152465820312,99.29000091552734,104.08999633789062,99.05999755859376,103.29000091552734,29422900,-0.0549209668489512,106.16000061035156,115.8974998474121,7.734452238066435,1
2022-03-08,92.9414291381836,100.0,103.11000061035156,98.62000274658205,100.20999908447266,25650000,0.007150761183663423,104.55,114.78199996948243,8.345616094645854,1
2022-03-09,97.5420150756836,104.9499969482422,105.72000122070312,102.76000213623048,104.51000213623048,14348400,0.04949996948242208,103.61799926757813,113.8439998626709,8.34360480970423,0
2022-03-10,96.62191009521484,103.95999908447266,105.52999877929688,102.5199966430664,104.19000244140624,11811000,-0.009433043283057718,102.6519989013672,112.76599998474121,8.146106525661796,0
2022-03-11,94.25189208984376,101.41000366210938,105.36000061035156,101.3000030517578,105.36000061035156,18116400,-0.02452862105444309,101.92200012207032,111.60100021362305,8.013071648619569,0
2022-03-14,92.29083251953124,99.3000030517578,101.86000061035156,99.06999969482422,101.5199966430664,17959400,-0.02080663183271292,101.9240005493164,110.51550025939942,8.140852272260162,1
2022-03-15,94.88389587402344,102.08999633789062,102.13999938964844,97.62000274658205,98.02999877929688,13415600,0.02809660826171978,102.34199981689453,109.63150024414062,8.042356067239492,1
2022-03-16,98.70352172851562,105.69000244140624,105.79000091552734,102.80999755859376,102.98999786376952,20347100,0.03526306428301318,102.49000091552735,108.69000053405762,7.2730576244376595,1
2022-03-17,99.45064544677734,106.48999786376952,106.52999877929688,104.75,105.75,8042000,0.007569262975528845,102.99600067138672,107.83450050354004,6.3781879298107835,1
2022-03-18,99.66545104980467,106.72000122070312,107.04000091552734,104.88999938964844,105.70999908447266,10218200,0.002159858780613755,104.05800018310546,107.18250045776367,5.728354142049569,1
2022-03-21,99.85222625732422,106.91999816894533,107.22000122070312,105.12999725341795,106.72000122070312,10366100,0.0018740343511485236,105.58199920654297,106.56300048828125,4.96717594040175,1
2022-03-22,99.96428680419922,107.04000091552734,107.95999908447266,106.2300033569336,106.38999938964844,10401200,0.001122360163085645,106.5720001220703,106.06950035095215,4.33516894985969,0
2022-03-23,98.38600158691406,105.3499984741211,108.19000244140624,105.3499984741211,106.5,12905300,-0.01578851295731909,106.50399932861328,105.54200019836426,3.666303947213042,1
2022-03-24,100.7861099243164,107.91999816894533,107.9800033569336,105.83000183105467,106.77999877929688,10834000,0.02439487168531418,106.78999938964844,105.34400024414063,3.4035159535430335,0
2022-03-25,99.67477416992188,106.7300033569336,107.9800033569336,105.83999633789062,107.69000244140624,7432100,-0.0110266385489447,106.79199981689453,105.11900024414062,3.1318228092252016,0
2022-03-28,99.3012237548828,106.33000183105467,106.72000122070312,104.61000061035156,105.62000274658205,8151200,-0.003747788937485619,106.6740005493164,105.08500022888184,3.11385262070664,1
2022-03-29,102.0282211303711,109.25,109.76000213623048,106.79000091552734,107.91999816894533,14076200,0.027461658221212604,107.11600036621094,105.14500007629394,3.1847454367914283,0
2022-03-30,99.67477416992188,106.7300033569336,109.33999633789062,106.51000213623048,107.79000091552734,15456300,-0.023066330828983128,107.39200134277344,105.00100021362304,3.033763971560501,0
2022-03-31,97.36805725097656,104.26000213623048,107.1500015258789,104.19000244140624,106.95999908447266,13021600,-0.0231425198446098,106.66000213623047,104.77450027465821,2.902242873621785,0
2022-04-01,95.99522399902344,102.79000091552734,105.9499969482422,102.20999908447266,105.7699966430664,12085100,-0.014099378386568384,105.87200164794922,104.66100044250489,2.9346957613458122,1
2022-04-04,97.86302185058594,104.79000091552734,105.56999969482422,103.27999877929688,104.0199966430664,9077200,0.01945714546343469,105.56400146484376,104.93600044250488,2.648662524695556,0
2022-04-05,95.7243881225586,102.5,104.5999984741211,102.11000061035156,104.4800033569336,12291000,-0.021853238815918608,104.21400146484375,105.06100044250488,2.455395219686008,0
2022-04-06,94.4916534423828,101.18000030517578,102.13999938964844,99.72000122070312,100.41999816894533,14902600,-0.012878045803163096,103.10400085449218,104.87250061035157,2.604546071856661,0
2022-04-07,93.8752899169922,100.5199966430664,101.2300033569336,99.6500015258789,100.41999816894533,12431000,-0.006523064440785653,102.35599975585937,104.70050048828125,2.775925596973431,0
2022-04-08,92.72657775878906,99.29000091552734,100.6999969482422,99.12000274658205,100.62000274658205,11796200,-0.012236328776518146,101.65599975585937,104.59450035095215,2.9436006519063067,0
2022-04-11,91.12027740478516,97.56999969482422,98.37999725341795,96.91000366210938,98.22000122070312,12480500,-0.017323005386679857,100.21199951171874,104.50800018310547,3.1270734039166737,0
2022-04-12,90.9988784790039,97.44000244140624,100.1500015258789,97.44000244140624,100.0,13291500,-0.0013323486094556358,99.2,104.27550048828125,3.470339743079182,1
2022-04-13,94.7905044555664,101.5,102.22000122070312,99.5,99.8000030517578,15776800,0.04166664056720615,99.26399993896484,104.06600036621094,3.5067354880332875,0
2022-04-14,91.8580551147461,98.36000061035156,104.5,98.33000183105467,104.0,17828500,-0.03093595457781717,98.83200073242188,103.65950050354004,3.6779893567308206,1
2022-04-18,92.24097442626952,98.7699966430664,99.83999633789062,97.47000122070312,97.9499969482422,10277400,0.004168320762207189,98.72799987792969,103.2620002746582,3.758533890949396,1
2022-04-19,92.8759994506836,99.4499969482422,99.4499969482422,97.70999908447266,98.44000244140624,10103000,0.006884684907231264,99.10399932861328,102.88850021362305,3.747036288736268,0
2022-04-20,92.46511840820312,99.01000213623048,101.0,98.9000015258789,100.4000015258789,8596900,-0.004424281805063379,99.41799926757812,102.4870002746582,3.708802355078458,0
2022-04-21,91.204345703125,97.66000366210938,100.6500015258789,97.41000366210938,99.75,13038500,-0.013634970659465395,98.65,102.10250053405761,3.794007878558172,0
2022-04-22,89.35520935058594,95.68000030517578,97.79000091552734,95.36000061035156,97.02999877929688,11650100,-0.02027445507563308,98.11399993896484,101.49050064086914,3.793413772520943,1
2022-04-25,89.87821960449219,96.23999786376952,96.27999877929688,94.4499969482422,95.0500030517578,10654400,0.005852817274326849,97.60800018310547,100.96600036621093,3.7558596526651082,0
2022-04-26,86.63758087158203,92.7699966430664,95.0199966430664,92.7699966430664,94.94000244140624,14176000,-0.036055707582360874,96.27200012207031,100.28800010681152,3.9552192777051505,0
2022-04-27,84.29351043701172,90.26000213623048,92.69000244140624,90.22000122070312,91.83999633789062,15846300,-0.027056102162999474,94.52200012207031,99.33850021362305,3.9699113832682356,1
2022-04-28,88.92564392089844,95.22000122070312,96.1999969482422,91.77999877929688,92.16000366210938,15176200,0.05495234840551477,94.03399963378907,98.76300010681152,3.6645344301645393,0
2022-04-29,86.78701782226562,92.93000030517578,95.58999633789062,92.7699966430664,93.18000030517578,10629300,-0.024049578724742116,93.48399963378907,98.19650001525879,3.6457318051548095,1
2022-05-02,87.56216430664062,93.76000213623048,94.2699966430664,91.23999786376952,92.5,8251900,0.008931473456677441,92.98800048828124,97.74500007629395,3.6058509946692063,0
2022-05-03,87.44071197509766,93.62999725341795,94.0500030517578,92.51000213623048,92.77999877929688,9511900,-0.0013865708175180291,93.16000061035156,97.18699989318847,3.3095952514496805,1
2022-05-04,89.64473724365234,95.98999786376952,96.06999969482422,91.91999816894533,93.91000366210938,9082500,0.025205603755001915,94.30599975585938,96.86149978637695,3.071094706012966,0
2022-05-05,86.05856323242188,92.1500015258789,94.37999725341795,91.22000122070312,94.04000091552734,11517200,-0.04000412984007351,93.69199981689454,96.40999984741211,3.0665646508827056,0
2022-05-06,85.57295227050781,91.62999725341795,92.87999725341795,90.2699966430664,91.4000015258789,7944900,-0.00564301968367209,93.43199920654297,95.96549987792969,3.083720438244849,0
2022-05-09,81.5291748046875,87.30000305175781,90.19000244140624,87.01000213623047,89.94000244140625,11428600,-0.0472552038791928,92.13999938964844,95.36599998474121,3.5357410355612355,1
2022-05-10,82.94869232177734,88.81999969482422,90.29000091552734,88.08999633789062,90.0199966430664,11690400,0.01741118659715557,91.1779998779297,94.92849998474121,3.7814798607926714,0
2022-05-11,82.02413177490234,87.83000183105469,90.56999969482422,87.80000305175781,88.87000274658203,11531300,-0.011146114244213634,89.54600067138672,94.44799995422363,4.046802731953252,0
2022-05-12,81.89339447021484,87.69000244140625,88.20999908447266,85.38999938964844,86.22000122070312,11592900,-0.0015939814041873168,88.65400085449218,93.75750007629395,3.957402515903735,1
2022-05-13,84.94721984863281,90.95999908447266,91.36000061035156,88.16000366210938,88.87000274658203,11180600,0.037290415691930034,88.52000122070312,93.3875,3.8488867719930244,0
2022-05-16,84.43359375,90.41000366210938,91.37000274658205,89.5,89.87000274658203,6729100,-0.00604656363125633,89.14200134277344,92.96950035095215,3.6839938174007023,1
2022-05-17,87.15122985839844,93.31999969482422,93.48999786376952,92.37000274658205,93.3000030517578,7668800,0.03218665982572477,90.04200134277343,92.66300048828126,3.3569375831999655,0
2022-05-18,84.54566955566406,90.52999877929688,93.2300033569336,90.37000274658205,92.06999969482422,9610900,-0.029897138069558737,90.58200073242188,92.23900032043457,3.0329880380253273,0
2022-05-19,84.2468032836914,90.20999908447266,92.0999984741211,89.55999755859375,89.83999633789062,7739000,-0.003534736541909722,91.08600006103515,91.86650009155274,2.779016796146631,1
2022-05-20,84.77913665771484,90.77999877929688,93.04000091552734,88.83000183105469,93.04000091552734,10469900,0.006318586637945378,91.05,91.62150001525879,2.6375123166246484,1
2022-05-23,85.45153045654297,91.5,91.91000366210938,90.6500015258789,91.0199966430664,6920500,0.007931275946076788,91.26799926757812,91.3845001220703,2.403219486178045,0
2022-05-24,82.85530090332031,88.72000122070312,89.80000305175781,88.5199966430664,89.5199966430664,8788600,-0.030382500320184413,90.3479995727539,91.18200035095215,2.4504955966606228,1
2022-05-25,84.43359375,90.41000366210938,90.91999816894533,89.04000091552734,89.33000183105469,9113500,0.019048719771792344,90.32400054931641,91.18950042724609,2.447753189662489,1
2022-05-26,84.9845962524414,91.0,91.37000274658205,89.04000091552734,89.41000366210938,9762700,0.006525786019162538,90.48200073242188,90.97850036621094,2.256440736195506,1
2022-05-27,87.57148742675781,93.7699966430664,93.81999969482422,92.52999877929688,92.62000274658205,6279000,0.030439523550180203,91.08000030517579,91.02050018310547,2.3020333218451428,1
2022-05-31,89.00035095214844,95.3000030517578,96.29000091552734,94.51000213623048,95.54000091552734,9621700,0.01631658807150571,91.84000091552734,91.09750022888184,2.4211620154212867,0
2022-06-01,88.48670196533203,94.75,96.36000061035156,93.83000183105467,95.5999984741211,6152400,-0.005771280526183031,93.04600067138672,91.15350036621093,2.494657213922909,1
2022-06-02,89.97158813476562,96.33999633789062,96.37000274658205,93.62000274658205,93.98999786376952,6335000,0.016780963988291653,94.23199920654297,91.17100028991699,2.531328808086662,0
2022-06-03,87.57148742675781,93.7699966430664,94.58000183105467,92.9000015258789,94.36000061035156,9137100,-0.026676352423873118,94.78599853515625,91.25200004577637,2.5895539605054774,0
2022-06-06,86.95510864257812,93.11000061035156,95.54000091552734,92.87000274658205,95.0,9440200,-0.007038456396954995,94.65399932861328,91.32600021362305,2.621869243650137,1
2022-06-07,87.63685607910156,93.83999633789062,93.86000061035156,91.7699966430664,92.66999816894533,7360200,0.007840143086175644,94.36199798583985,91.65299987792969,2.4982384956470427,0
2022-06-08,87.29130554199219,93.47000122070312,94.93000030517578,93.13999938964844,94.0,6446300,-0.003942829620914079,94.10599822998047,91.88549995422363,2.4363172614911304,0
2022-06-09,84.84449768066406,90.8499984741211,93.5,90.8000030517578,93.0,8086700,-0.028030413099018103,93.00799865722657,92.03649978637695,2.258858275606152,0
2022-06-10,82.81793975830078,88.68000030517578,90.72000122070312,88.62999725341797,90.54000091552734,10460400,-0.02388550583810345,91.98999938964843,92.08599967956543,2.1676013699984775,0
2022-06-13,79.89485931396484,85.55000305175781,86.83000183105469,85.0199966430664,86.05999755859375,14603700,-0.03529541320079688,90.47799987792969,91.81549987792968,2.6082802360945894,1
2022-06-14,81.42645263671875,87.19000244140625,87.87999725341797,86.29000091552734,86.73999786376953,10449600,0.019170068160678344,89.14800109863282,91.65449981689453,2.7924783987249646,1
2022-06-15,83.23818969726562,89.12999725341797,89.80999755859375,87.37000274658203,87.51000213623047,11742500,0.022250197931986904,88.28000030517578,91.44499969482422,2.818007824372171,0
2022-06-16,79.34867858886719,84.5199966430664,85.93000030517578,83.98999786376953,85.22000122070312,10505200,-0.051722211964667975,87.01399993896484,91.14449958801269,3.2134145486972074,1
2022-06-17,79.79933166503906,85.0,85.5999984741211,83.94999694824219,85.0,9735500,0.005679169143376628,86.27799987792969,90.88399963378906,3.4922395743371304,1
2022-06-21,81.63001251220703,86.94999694824219,87.75,86.0,86.0,9604000,0.02294114056755525,86.55799865722656,90.69249954223633,3.6015429653766233,0
2022-06-22,79.7148208618164,84.91000366210938,86.18000030517578,84.55000305175781,84.63999938964844,7868700,-0.023461683240163178,86.10199890136718,90.3629997253418,3.818686202329351,0
2022-06-23,78.97315979003906,84.12000274658203,84.2300033569336,82.76000213623047,84.12999725341797,10370300,-0.00930397928930815,85.1,90.13299980163575,4.054123890155195,1
2022-06-24,80.66303253173828,85.91999816894531,86.55000305175781,84.1500015258789,84.1500015258789,10670100,0.021397947736472522,85.38000030517578,89.90849952697754,4.1608901753155925,0
2022-06-27,80.606689453125,85.86000061035156,87.0,85.58000183105469,86.91999816894531,7358000,-0.0006982956223506864,85.5520004272461,89.65149955749511,4.247755596093653,0
2022-06-28,79.17970275878906,84.33999633789062,86.80999755859375,84.33999633789062,86.1500015258789,8289200,-0.017703287463961215,85.03000030517578,89.17999954223633,4.28969958093611,0
2022-06-29,78.53193664550781,83.6500015258789,84.61000061035156,83.33000183105469,84.43000030517578,7981300,-0.008181110291342608,84.77799987792969,88.59749946594238,4.20506734238398,0
2022-06-30,76.7481689453125,81.75,82.22000122070312,80.12000274658203,81.45999908447266,14201600,-0.022713705812558826,84.30399932861329,87.94749946594239,4.208726659793076,0
2022-07-01,72.28878021240234,77.0,79.22000122070312,76.18000030517578,79.04000091552734,19531700,-0.05810397553516822,82.51999969482422,86.98049964904786,4.396566780986935,0
2022-07-05,71.45325469970703,76.11000061035156,76.1500015258789,73.73999786376953,74.55000305175781,22253100,-0.01155843363179787,80.56999969482422,86.09749984741211,4.722526624474937,0
2022-07-06,70.93690490722656,75.55999755859375,76.30000305175781,73.77999877929688,74.29000091552734,11530500,-0.007226422905625474,78.81399993896484,85.21999969482422,4.974707364254617,1
2022-07-07,75.71546936035156,80.6500015258789,80.95999908447266,78.33999633789062,78.5999984741211,15847800,0.06736373917082328,78.21399993896485,84.56049995422363,4.634472074744013,1
2022-07-08,76.52285766601562,81.51000213623047,82.16000366210938,79.76000213623047,79.91999816894531,10004200,0.010663367564545112,78.16600036621094,83.9625,4.172986700416551,0
2022-07-11,74.26968383789062,79.11000061035156,80.2699966430664,78.81999969482422,79.7699966430664,9519600,-0.02944425791901839,78.58800048828125,83.37550010681153,3.9741287005268324,0
2022-07-12,74.26033020019531,79.0999984741211,81.4800033569336,78.93000030517578,81.16000366210938,10363700,-0.00012643327206796062,79.18600006103516,82.8965000152588,3.8772864204724082,1
2022-07-13,76.3163070678711,81.29000091552734,81.72000122070312,78.9000015258789,79.27999877929688,14706500,0.02768650421811003,80.33200073242188,82.68349990844726,3.8406827094857308,1
2022-07-14,78.55070495605469,83.66999816894531,84.04000091552734,80.51000213623047,82.94999694824219,23377000,0.02927785984270259,80.93600006103516,82.50749969482422,3.7014301792003264,1
2022-07-15,80.39077758789062,85.62999725341797,86.04000091552734,83.97000122070312,85.58000183105469,14061000,0.023425351109904957,81.75999908447265,82.33249969482422,3.4457535968069224,0
2022-07-18,78.4662094116211,83.58000183105469,86.08000183105469,83.37000274658203,86.05999755859375,11352500,-0.023940155180624534,82.65399932861328,82.28549995422364,3.420665357848024,1
2022-07-19,80.87894439697266,86.1500015258789,86.47000122070312,84.55999755859375,85.0,10673100,0.030748978685345207,84.06399993896484,82.34300003051757,3.477883620223649,1
2022-07-20,81.26387023925781,86.55999755859375,86.75,85.11000061035156,85.18000030517578,11664800,0.00475909489788795,85.11799926757813,82.32350006103516,3.4516880509188197,1
2022-07-21,82.41861724853516,87.79000091552734,87.80000305175781,86.4000015258789,86.68000030517578,7135000,0.014209835855193864,85.94199981689454,82.46749992370606,3.621185972644495,0
2022-07-22,81.03856658935547,86.31999969482422,87.7300033569336,85.80000305175781,87.41000366210938,8612100,-0.016744517660018943,86.08000030517579,82.57749977111817,3.706436497566064,0
2022-07-25,81.01976776123047,86.30000305175781,86.69999694824219,85.62999725341797,86.30000305175781,5960900,-0.0002316571262407363,86.6240005493164,82.59650001525878,3.725398414925462,0
2022-07-26,79.25480651855469,84.41999816894531,85.19999694824219,83.8499984741211,84.76000213623047,6977700,-0.021784528578579265,86.27799987792969,82.52449989318848,3.6725461028915802,1
2022-07-27,82.2684097290039,87.62999725341797,87.9000015258789,85.30999755859375,85.30999755859375,9399500,0.03802415486966315,86.49199981689453,82.68899993896484,3.8285160883256157,1
2022-07-28,83.18844604492188,88.61000061035156,88.62000274658203,86.44999694824219,87.12999725341797,10668200,0.011183423344171883,86.65599975585937,82.93699989318847,4.048377314219172,0
2022-07-29,83.06639862060547,88.4800033569336,89.20999908447266,87.79000091552734,87.81999969482422,10366200,-0.0014670720293706863,87.08800048828125,83.27350006103515,4.220558020482018,0
2022-08-01,81.0291748046875,86.30999755859375,86.88999938964844,84.30000305175781,85.30000305175781,20102600,-0.024525381057976636,87.08999938964844,83.73899993896484,3.999860533033521,0
2022-08-02,80.78507232666016,86.05000305175781,87.51000213623047,84.16999816894531,84.5199966430664,15541600,-0.0030123336136052004,87.41600036621094,84.23600006103516,3.5995447343361953,1
2022-08-03,81.2169418334961,86.51000213623047,86.7699966430664,84.55999755859375,85.95999908447266,20779400,0.00534571839812692,87.19200134277344,84.78350028991699,2.9919247422139494,1
2022-08-04,83.01006317138672,88.41999816894531,88.41999816894531,86.62000274658203,87.0,13472500,0.0220783260380355,87.15400085449218,85.17200012207032,2.9307832795182946,1
2022-08-05,84.2774658203125,89.7699966430664,90.9800033569336,88.01000213623047,88.02999877929688,13293500,0.015268021964235157,87.41199951171875,85.5849998474121,2.9693193380472294,0
2022-08-08,82.5594482421875,87.94000244140625,89.0999984741211,86.91000366210938,88.9800033569336,12120300,-0.02038536560201043,87.73800048828124,86.02649993896485,2.5878487791954528,0
2022-08-09,79.99646759033203,85.20999908447266,87.13999938964844,84.44000244140625,86.94000244140625,13075000,-0.031043930874945946,87.56999969482422,86.33199996948242,2.0270007725398025,1
2022-08-10,83.24476623535156,88.66999816894531,88.66999816894531,86.30999755859375,86.80999755859375,10704600,0.0406055524192952,88.00199890136719,86.70099983215331,1.7073706108523679,1
2022-08-11,84.04277038574219,89.5199966430664,91.0,89.30999755859375,89.95999908447266,11158800,0.00958608877493794,88.22199859619141,86.99349975585938,1.6612585825440882,1
2022-08-12,85.30078125,90.86000061035156,91.3499984741211,89.63999938964844,89.68000030517578,12098800,0.014968766951902523,88.43999938964843,87.25499992370605,1.837602335301404,1
2022-08-15,85.96732330322266,91.56999969482422,91.94000244140624,90.0,90.01000213623047,15949500,0.007814209549892537,89.16599884033204,87.65449981689453,1.8649181336907472,0
2022-08-16,84.44646453857422,89.94999694824219,91.3499984741211,88.56999969482422,91.13999938964844,10566100,-0.017691413694234215,90.11399841308594,87.8444995880127,1.896870927188683,0
2022-08-17,83.7423324584961,89.19999694824219,89.7699966430664,88.4800033569336,89.0,9093100,-0.00833796581929347,90.21999816894531,87.97649955749512,1.8946352900672958,1
2022-08-18,83.80805969238281,89.2699966430664,89.66999816894531,88.41999816894531,88.70999908447266,10947700,0.000784749968823828,90.16999816894531,88.05049934387208,1.9157525436873697,0
2022-08-19,81.86471557617188,87.19999694824219,88.58999633789062,87.0199966430664,88.5,9602800,-0.023188078555674507,89.43799743652343,88.09449920654296,1.8837540052772563,0
2022-08-22,80.02462768554688,85.23999786376953,86.02999877929688,84.94000244140625,85.41000366210938,8054000,-0.02247705450765114,88.1719970703125,88.04149894714355,1.9506252008818634,1
2022-08-23,80.76630401611328,86.02999877929688,86.5999984741211,84.98999786376953,85.16000366210938,8462500,0.009267960292419497,87.38799743652343,88.12199897766114,1.8223047112535753,0
2022-08-24,80.32505798339844,85.55999755859375,86.12999725341797,85.19999694824219,85.80000305175781,7085800,-0.0054632247747541385,86.65999755859374,88.01849899291992,1.9084663916114686,1
2022-08-25,82.21208190917969,87.56999969482422,87.58999633789062,86.01000213623047,86.33000183105469,6602100,0.02349231175297728,86.31999816894532,87.96649894714355,1.905667899935582,0
2022-08-26,79.55522918701172,84.73999786376953,87.79000091552734,84.6500015258789,87.5,9381500,-0.03231702456225949,85.82799835205078,87.77949867248535,2.031943238428995,0
2022-08-29,77.7808609008789,82.8499984741211,84.31999969482422,82.77999877929688,83.91000366210938,9639700,-0.02230350999874764,85.3499984741211,87.60649871826172,2.294031525485059,0
2022-08-30,77.72454833984375,82.79000091552734,83.9800033569336,81.7300033569336,83.77999877929688,8392300,-0.000724170907649313,84.70199890136719,87.4434986114502,2.5155686161221547,1
2022-08-31,78.25025177001953,83.3499984741211,84.87000274658203,83.05999755859375,84.11000061035156,8887100,0.0067640723807351755,84.25999908447265,87.28549842834472,2.6716806294894644,0
2022-09-01,76.64490509033203,81.63999938964844,81.83000183105469,80.12000274658203,81.44999694824219,11566000,-0.020515886212086554,83.0739990234375,86.94649848937988,2.93711119170137,0
2022-09-02,75.95018005371094,80.9000015258789,82.9800033569336,80.61000061035156,81.55000305175781,8850100,-0.009064158124716504,82.30599975585938,86.50299873352051,3.1502711991254135,0
2022-09-06,75.13340759277344,80.02999877929688,81.02999877929688,79.5199966430664,81.02999877929688,12704400,-0.010754051052814018,81.74199981689453,86.10749855041504,3.4432718894351875,0
2022-09-07,75.05830383300781,79.94999694824219,80.18000030517578,78.2300033569336,78.38999938964844,9843500,-0.0009996480354237391,81.1739990234375,85.84449844360351,3.7062695413714355,1
2022-09-08,75.33055877685547,80.23999786376953,80.73999786376953,78.7699966430664,79.01000213623047,8181700,0.003627278631606279,80.55199890136718,85.42299842834473,3.8447912621927918,1
2022-09-09,76.54163360595703,81.52999877929688,81.66000366210938,80.73999786376953,80.83000183105469,7084700,0.016076781528801876,80.52999877929688,85.02349853515625,3.811644387163814,1
2022-09-12,77.12369537353516,82.1500015258789,82.5,81.76000213623047,81.97000122070312,7903000,0.007604596539494413,80.77999877929688,84.58799858093262,3.601483978757879,0
2022-09-13,73.98806762695312,78.80999755859375,81.13999938964844,78.5199966430664,80.41999816894531,12835100,-0.040657381682859595,80.53599853515625,83.94999847412109,3.4254398386014633,1
2022-09-14,74.78604125976562,79.66000366210938,80.16000366210938,78.9800033569336,79.73999786376953,8849600,0.010785511100716239,80.47799987792969,83.43549880981445,3.2448258356950213,0
2022-09-15,73.62287902832031,77.9800033569336,79.25,77.66999816894531,78.58000183105469,10533100,-0.02108963379291029,80.0260009765625,82.87449913024902,3.164669920552148,0
2022-09-16,73.53791046142578,77.88999938964844,78.0,76.91999816894531,77.11000061035156,10604500,-0.0011541929137035556,79.29800109863281,82.30549926757813,2.9714006157659383,1
2022-09-19,73.85889434814453,78.2300033569336,78.2300033569336,76.55000305175781,76.55000305175781,10378600,0.004365181280645114,78.51400146484374,81.8569995880127,2.86894195505811,0
2022-09-20,73.78338623046875,78.1500015258789,78.44000244140625,77.51000213623047,77.54000091552734,8202800,-0.0010226489533646799,78.38200225830079,81.50249977111817,2.8669577290560184,0
2022-09-21,72.8298110961914,77.13999938964844,79.30999755859375,77.13999938964844,77.58000183105469,10869000,-0.012923891446067537,77.8780014038086,81.05799980163575,2.8167828199033966,0
2022-09-22,71.40419006347656,75.62999725341797,76.75,75.36000061035156,76.44999694824219,10817900,-0.019574826914415255,77.40800018310547,80.56149978637696,2.856350507316729,0
2022-09-23,69.74254608154297,73.87000274658203,74.38999938964844,73.08999633789062,74.30000305175781,12685500,-0.02327111689477679,76.60400085449218,79.87649993896484,2.7269473200488634,0
2022-09-26,68.9305648803711,73.01000213623047,74.19000244140625,72.91999816894531,73.47000122070312,13441500,-0.011642081743273747,75.56000061035157,79.2900001525879,2.8828360676149125,1
2022-09-27,68.94947814941406,73.02999877929688,74.04000091552734,72.3499984741211,73.51000213623047,12430600,0.00027388909027958874,74.53600006103515,78.79900016784669,3.074483623789598,0
2022-09-28,68.09973907470703,72.12999725341797,72.29000091552734,70.69999694824219,71.11000061035156,12943600,-0.012323723687833965,73.53399963378907,78.26599998474121,3.264338979647876,0
2022-09-29,65.40898132324219,69.27999877929688,70.68000030517578,68.4800033569336,70.5199966430664,16120300,-0.03951197258621886,72.26399993896484,77.5625,3.6089450489504684,0
2022-09-30,64.7292251586914,68.55999755859375,69.6500015258789,67.73999786376953,67.80999755859375,10472400,-0.010392627502734397,71.20199890136719,76.90849990844727,3.995589209566384,1
2022-10-03,65.38067626953125,69.25,69.56999969482422,67.6500015258789,68.08000183105469,11945100,0.010064213331054228,70.44999847412109,76.32599983215331,4.225638154288178,1
2022-10-04,68.74175262451172,72.80999755859375,72.93000030517578,70.72000122070312,70.80000305175781,14900700,0.05140790698330333,70.40599822998047,75.96499977111816,4.200880742957257,1
2022-10-05,70.3184585571289,74.4800033569336,74.91000366210938,72.58000183105469,72.91999816894531,14037100,0.022936490239488183,70.8759994506836,75.69150009155274,4.104744056822937,0
2022-10-06,70.19570922851562,74.3499984741211,74.91999816894531,73.86000061035156,73.97000122070312,11796800,-0.0017455004961461906,71.88999938964844,75.39700012207031,3.9703224158727446,0
2022-10-07,65.85273742675781,69.75,72.02999877929688,69.75,71.80999755859375,14758600,-0.06186951672530583,72.12799987792968,74.80800018310546,3.885480806939167,0
2022-10-10,63.67179489135742,67.44000244140625,69.87999725341797,67.01000213623047,69.8499984741211,16042200,-0.03311824456765233,71.76600036621093,74.07250022888184,3.814138961064557,0
2022-10-11,59.904747009277344,63.45000076293945,64.91000366210938,62.619998931884766,64.19999694824219,28699300,-0.05916372381411794,69.89400100708008,73.30450038909912,4.322539477453271,1
2022-10-12,60.52786636352539,64.11000061035156,64.2300033569336,63.369998931884766,63.599998474121094,16468700,0.010401888723027497,67.82000045776367,72.52700023651123,4.5134820128807425,1
2022-10-13,62.89762496948242,66.62000274658203,70.19999694824219,62.31999969482422,63.060001373291016,36639300,0.03915149137941509,66.27400131225586,71.95900020599365,4.505924599041499,0
2022-10-14,60.348487854003906,63.91999816894531,67.44999694824219,63.779998779296875,67.26000213623047,19440900,-0.0405284369006611,65.10800094604492,71.2605001449585,4.619492618997826,1
2022-10-17,61.264286041259766,64.88999938964844,65.3499984741211,64.04000091552734,64.9800033569336,11280100,0.015175238555848125,64.59800033569336,70.59349994659424,4.522261012520237,0
2022-10-18,60.15021133422851,63.709999084472656,66.11000061035156,62.779998779296875,65.9000015258789,16656100,-0.018184625000382093,64.65,69.87149982452392,4.403480878610988,0
2022-10-19,60.10300827026367,63.65999984741211,64.11000061035156,62.16999816894531,62.7400016784668,12385200,-0.0007847941889663756,64.55999984741212,69.1974998474121,4.2617537764588995,0
2022-10-20,60.02747344970703,63.58000183105469,65.27999877929688,63.380001068115234,63.75,11300900,-0.0012566449347969355,63.95199966430664,68.59500007629394,4.1549431649392545,1
2022-10-21,60.187984466552734,63.75,63.779998779296875,62.02000045776367,62.02000045776367,13699000,0.002673767915216896,63.918000030517575,68.08899993896485,4.094509489045798,0
2022-10-24,57.86542892456055,61.290000915527344,61.619998931884766,59.68000030517578,60.58000183105469,25010800,-0.03858822093290437,63.19800033569336,67.50299987792968,4.190699946726554,0
2022-10-25,57.72381591796875,61.13999938964844,61.36000061035156,59.5099983215332,59.959999084472656,21700600,-0.002447406161498411,62.684000396728514,66.90849990844727,4.208692814378661,0
2022-10-26,57.44057083129883,60.84000015258789,61.97999954223633,60.43000030517578,60.86000061035156,14006000,-0.004906758914874021,62.12000045776367,66.34400005340576,4.228588553535535,1
2022-10-27,57.544429779052734,60.95000076293945,62.45000076293945,60.90999984741211,61.849998474121094,12937600,0.0018080310663326493,61.594000244140624,65.9275001525879,4.333127947788659,1
2022-10-28,58.54519271850586,62.0099983215332,62.029998779296875,60.06999969482422,60.77000045776367,11972300,0.017391264074245516,61.24599990844727,65.60000019073486,4.371050770513052,0
2022-10-31,58.11090469360352,61.54999923706055,62.27000045776367,61.06999969482422,61.59000015258789,10802800,-0.00741814379815775,61.29799957275391,65.21500015258789,4.371746131090065,1
2022-11-01,58.13922882080078,61.58000183105469,63.43000030517578,61.58000183105469,63.2599983215332,11561900,0.0004874507614303081,61.386000061035155,64.65350036621093,4.054592636151901,0
2022-11-02,57.13845443725586,60.52000045776367,62.88999938964844,60.52000045776367,62.5,16547200,-0.0172134027569395,61.322000122070314,63.95550022125244,3.4269541784046877,0
2022-11-03,56.911869049072266,60.279998779296875,60.88999938964844,59.43000030517578,60.0,11040900,-0.003965658900387692,61.1879997253418,63.25200023651123,2.4994921192233783,1
2022-11-04,58.98894119262695,62.47999954223633,62.5,61.02000045776367,61.5099983215332,14662800,0.03649636376062837,61.28199996948242,62.88850021362305,1.9792488612443524,1
2022-11-07,59.2532958984375,62.7599983215332,62.93000030517578,61.970001220703125,62.619998931884766,8507100,0.004481414554230234,61.523999786376955,62.654500007629395,1.6644315185460268,1
2022-11-08,61.38701629638672,65.0199966430664,65.75,64.22000122070312,64.37000274658203,14102800,0.036010171796926116,62.211998748779294,62.73299980163574,1.7392651480021366,0
2022-11-09,61.368141174316406,65.0,66.5999984741211,64.94999694824219,66.52999877929688,15086800,-0.0003075460488898285,63.10799865722656,62.777499771118165,1.7870789982324078,1
2022-11-10,66.88182067871094,70.83999633789062,70.87000274658203,67.31999969482422,67.73999786376953,21367900,0.08984609750600958,65.21999816894531,62.98849945068359,2.406438513324064,1
2022-11-11,69.70476531982422,73.83000183105469,74.5999984741211,72.37999725341797,72.73999786376953,15524700,0.04220787193300257,67.48999862670898,63.48399963378906,3.4165853638583648,0
2022-11-14,68.73231506347656,72.80000305175781,73.68000030517578,72.23999786376953,73.23999786376953,11575300,-0.013950951561044533,69.49799957275391,63.87949981689453,3.996516456111895,1
2022-11-15,75.96430969238281,80.45999908447266,82.93000030517578,80.01000213623047,81.91999816894531,48742400,0.10521972131332058,72.58600006103515,64.71699981689453,5.44990020362205,0
2022-11-16,75.01074981689453,79.44999694824219,80.56999969482422,78.9000015258789,80.55999755859375,24006600,-0.012552847970705217,75.47599945068359,65.50649967193604,6.356946418036484,1
2022-11-17,76.92733001708984,81.4800033569336,82.94000244140625,78.69000244140625,79.30000305175781,24278400,0.025550742437584484,77.60400085449218,66.40149974822998,7.266453238889309,1
2022-11-18,77.67316436767578,82.2699966430664,82.83999633789062,81.0,82.77999877929688,18578400,0.009695548031240842,79.29199981689453,67.3274995803833,8.048715947901057,0
2022-11-21,75.46393585205078,79.93000030517578,81.02999877929688,79.47000122070312,80.80999755859375,18659700,-0.02844288845717169,80.71799926757812,68.25949954986572,8.38499253151564,1
2022-11-22,77.92808532714844,82.54000091552734,83.19000244140625,81.2300033569336,81.3499984741211,16504700,0.03265357938679436,81.13399963378906,69.32949962615967,8.784559806171375,0
2022-11-23,77.38993835449219,81.97000122070312,82.94999694824219,81.7300033569336,82.44000244140625,14683800,-0.00690573889631485,81.63800048828125,70.38599967956543,8.978301799246715,0
2022-11-25,76.8517837524414,81.4000015258789,82.37000274658203,81.4000015258789,82.13999938964844,5908300,-0.006953759745464749,81.62200012207032,71.4084997177124,9.01153703615127,0
2022-11-28,74.79358673095703,79.22000122070312,81.08000183105469,78.88999938964844,80.2699966430664,13214200,-0.026781330028387118,81.01200103759766,72.2689998626709,8.88768134043248,1
2022-11-29,74.8974609375,79.33000183105469,80.20999908447266,78.95999908447266,79.91000366210938,11502300,0.001388545931034546,80.89200134277344,73.1579999923706,8.644989611713097,1
2022-11-30,78.34352111816406,82.9800033569336,83.43000030517578,80.47000122070312,80.62999725341797,21667300,0.04601035474135173,80.9800018310547,74.22800006866456,8.458893693219505,0
2022-12-01,78.06026458740234,82.68000030517578,83.62999725341797,81.13999938964844,83.04000091552734,15975100,-0.0036153656257083,81.12200164794922,75.33600006103515,8.008148950827795,0
2022-12-02,76.94620513916016,81.5,82.16000366210938,81.1500015258789,81.80999755859375,10519800,-0.014271895268751167,81.14200134277344,76.39700012207031,7.281106917060861,1
2022-12-05,77.05950164794922,81.62000274658203,82.18000030517578,80.94999694824219,81.94000244140625,11523300,0.0014724263384298109,81.62200164794922,77.3540002822876,6.579696465400181,0
2022-12-06,75.11459350585938,79.55999755859375,81.44000244140625,79.16000366210938,81.4000015258789,13992100,-0.025238974744760667,81.66800079345703,78.19400024414062,5.621037729596942,0
2022-12-07,74.8124771118164,79.23999786376953,79.70999908447266,78.58999633789062,79.0,14925300,-0.004022117956810511,80.91999969482421,78.90500030517578,4.689038485193023,1
2022-12-08,76.28531646728516,80.80000305175781,80.97000122070312,79.0999984741211,79.44999694824219,11197500,0.01968709275674474,80.54400024414062,79.69500045776367,3.367917937942931,0
2022-12-09,76.18145751953125,80.69000244140625,82.19000244140625,80.69000244140625,80.8499984741211,13787900,-0.001361393641050923,80.38200073242187,80.18750076293945,2.6481607666071927,0
2022-12-12,75.93599700927734,80.43000030517578,80.43000030517578,78.80000305175781,79.79000091552734,11516600,-0.0032222348291446323,80.14400024414063,80.5175006866455,2.184940898108321,1
2022-12-13,76.01152038574219,80.51000213623047,82.08999633789062,79.62999725341797,82.08999633789062,16938000,0.0009946764982113887,80.33400115966796,80.90300064086914,1.2177081584926652,0
2022-12-14,75.54889678955078,80.0199966430664,81.51000213623047,79.5199966430664,80.81999969482422,17910000,-0.00608626854008687,80.49000091552735,80.88100051879883,1.2300452623181715,0
2022-12-15,73.68888854980469,77.61000061035156,79.20999908447266,77.38999938964844,79.20999908447266,17080200,-0.030117422317133546,79.8520004272461,80.7890007019043,1.3998046001913473,0
2022-12-16,72.44506072998047,76.30000305175781,78.05999755859375,76.2300033569336,77.61000061035156,11929100,-0.016879236545438547,78.9740005493164,80.53000068664551,1.7100569478252656,0
2022-12-19,72.25516510009766,76.0999984741211,77.12000274658203,75.76000213623047,76.91999816894531,12561300,-0.0026212918694256127,78.10800018310547,80.22150077819825,1.9229293762611825,0
2022-12-20,71.79940795898438,75.62000274658203,76.19999694824219,74.9000015258789,75.11000061035156,12080600,-0.006307434128297595,77.13000030517578,80.00600090026856,2.1814468641021225,1
2022-12-21,73.24262237548828,77.13999938964844,77.41999816894531,75.7699966430664,75.86000061035156,10806100,0.020100457390357818,76.55400085449219,79.7360008239746,2.1854820708085945,0
2022-12-22,71.4765853881836,75.27999877929688,76.43000030517578,74.0199966430664,76.27999877929688,13019700,-0.024112012251339965,76.08800048828125,79.4015007019043,2.3325804050109533,0
2022-12-23,71.10629272460938,74.88999938964844,75.3499984741211,74.16999816894531,74.88999938964844,7452600,-0.0051806508497938,75.80599975585938,79.07600059509278,2.488059143477044,0
2022-12-27,70.5650863647461,74.31999969482422,74.73999786376953,74.16000366210938,74.33000183105469,8974800,-0.007611159026167713,75.45,78.83100051879883,2.7049334592735526,0
2022-12-28,69.36873626708984,73.05999755859375,74.55000305175781,72.83999633789062,74.19000244140625,10275700,-0.016953742483912015,74.93799896240235,78.51750030517579,2.992151668519746,1
2022-12-29,72.16021728515625,76.0,76.04000091552734,74.1500015258789,74.3499984741211,11142500,0.040240932653308414,74.70999908447266,78.1685001373291,2.847846023498408,0
2022-12-30,70.72649383544922,74.48999786376953,74.56999969482422,73.6500015258789,74.29000091552734,7784100,-0.019868449160927226,74.55199890136718,77.75900001525879,2.7522072549534577,0
2023-01-03,70.28975677490234,74.02999877929688,75.97000122070312,73.7699966430664,75.8499984741211,9276200,-0.006175313433542051,74.37999877929687,77.38549995422363,2.724533510339153,1
2023-01-04,72.46405029296875,76.31999969482422,76.61000061035156,74.47000122070312,74.98999786376953,12316400,0.030933418253246803,74.77999877929688,77.12049980163575,2.5426710925936584,0
2023-01-05,71.90386962890625,75.7300033569336,76.44000244140625,75.33999633789062,76.0,10039200,-0.007730560013755272,75.31399993896484,76.92900009155274,2.4930137932610466,1
2023-01-06,74.12562561035156,78.06999969482422,78.73999786376953,76.1500015258789,76.5,13744100,0.030899197598891703,75.72799987792969,76.87050018310546,2.449274460777432,1
2023-01-09,76.25245666503906,80.30999755859375,81.22000122070312,80.05999755859375,80.55999755859375,22247600,0.028692172057457332,76.89199981689453,76.84599990844727,2.4100350121085534,1
2023-01-10,77.16395568847656,81.2699966430664,81.58000183105469,80.45999908447266,80.51000213623047,10269000,0.011953668455440436,78.33999938964844,76.87499961853027,2.4616605264591964,1
2023-01-11,77.64817810058594,81.77999877929688,81.88999938964844,80.62999725341797,81.56999969482422,11771400,0.006275404913210103,79.43199920654297,76.94249954223633,2.5799381927937755,1
2023-01-12,82.60445404052734,87.0,88.83000183105469,84.41999816894531,84.95999908447266,36086800,0.06382980311347963,81.68599853515624,77.26699943542481,3.346528268458597,0
2023-01-13,82.41455078125,86.80000305175781,87.0999984741211,84.9000015258789,85.41000366210938,18719900,-0.002298815497036588,83.43199920654297,77.60599975585937,3.932231973392909,1
2023-01-17,84.49392700195312,88.98999786376953,89.7300033569336,86.16000366210938,86.22000122070312,21850000,0.025230354090032048,85.16799926757812,78.17499961853028,4.684277721094867,1
2023-01-18,84.94965362548828,89.47000122070312,91.22000122070312,89.36000061035156,90.4800033569336,19209800,0.0053939023312306045,86.80800018310546,78.83349952697753,5.292973018305759,0
2023-01-19,83.93372344970703,88.4000015258789,90.01000213623047,88.26000213623047,89.02999877929688,13651100,-0.011959312397736066,88.13200073242187,79.44849967956543,5.660468331066336,1
2023-01-20,86.43084716796875,91.02999877929688,91.02999877929688,89.19999694824219,90.0,14287200,0.029751099638251066,88.93800048828125,80.21899948120117,6.140364580972162,1
2023-01-23,90.82691955566406,95.66000366210938,95.7300033569336,91.72000122070312,91.76000213623048,22875100,0.05086240739207293,90.71000061035156,81.14499969482422,6.98936149179342,0
2023-01-24,89.78250122070312,94.55999755859376,98.0,91.5500030517578,95.79000091552734,11370500,-0.011499122531931527,91.82400054931641,82.10899963378907,7.452129054648692,0
2023-01-25,87.74112701416016,92.41000366210938,93.0,91.12000274658205,92.68000030517578,14147300,-0.022736822673373625,92.41200103759766,82.98499984741211,7.587383965910143,1
2023-01-26,88.72858428955078,93.4499969482422,94.27999877929688,92.63999938964844,93.88999938964844,15759400,0.011254120170100634,93.42200012207032,83.94149971008301,7.6431448832032896,0
2023-01-27,88.58615112304688,93.3000030517578,94.12000274658205,92.23999786376952,92.81999969482422,13646600,-0.0016050711758447411,93.8760009765625,84.95349998474121,7.464396951043482,0
2023-01-30,88.42473602294922,93.12999725341795,94.25,92.58000183105467,92.8499984741211,14079800,-0.001822141401705335,93.36999969482422,85.80999984741212,7.365085915549207,0
2023-01-31,88.04495239257812,92.7300033569336,92.76000213623048,90.0,91.0,13342100,-0.004295005994641277,93.00400085449219,86.72200012207031,7.010347367200876,1
2023-02-01,89.95340728759766,94.73999786376952,95.7699966430664,92.56999969482422,93.0,16788500,0.02167577304078283,93.46999969482422,87.75750007629395,6.5514587389879395,1
2023-02-02,91.76691436767578,96.6500015258789,97.5,95.83999633789062,96.5999984741211,14925300,0.02016047820537059,94.11000061035156,88.77400016784668,6.253863390765486,0
2023-02-03,89.87744903564453,94.66000366210938,96.9499969482422,94.30999755859376,95.04000091552734,12242200,-0.02058973442681933,94.38200073242187,89.72050018310547,5.571011802888038,0
2023-02-06,87.1904296875,91.83000183105467,92.0500030517578,90.73999786376952,91.8000030517578,12425200,-0.0298964897693903,94.12200164794922,90.40850028991699,4.860887022616783,1
2023-02-07,89.77300262451172,94.5500030517578,94.6999969482422,91.68000030517578,91.77999877929688,15258900,0.029619962609902517,94.48600158691406,91.12050056457518,4.316246116194771,0
2023-02-08,89.51664733886719,94.27999877929688,95.94000244140624,94.2300033569336,95.0199966430664,12899700,-0.0028556770359184913,94.39400177001951,91.7710006713867,3.688221821289557,1
2023-02-09,91.80490112304688,96.69000244140624,98.56999969482422,95.62000274658205,96.0,16997400,0.025562194456016263,94.402001953125,92.51650085449218,3.0062887857499785,0
2023-02-10,90.55157470703124,95.37000274658205,96.5,94.25,95.9499969482422,11511400,-0.01365187363216902,94.54400177001952,92.93500099182128,2.7713336811651885,1
2023-02-13,91.25418853759766,96.11000061035156,96.38999938964844,94.91000366210938,95.47000122070312,7803500,0.007759230811137163,95.4000015258789,93.40050086975097,2.449856464118516,1
2023-02-14,93.01072692871094,97.95999908447266,98.98999786376952,95.22000122070312,95.81999969482422,15345100,0.019248761443893203,96.08200073242188,93.84900093078612,2.4208260694298054,0
2023-02-15,88.07345581054688,92.76000213623048,93.68000030517578,90.7699966430664,92.33000183105467,30208300,-0.05308286031891574,95.77800140380859,94.0135009765625,2.210223290965674,0
2023-02-16,86.2314682006836,90.81999969482422,91.79000091552734,89.87999725341797,90.9800033569336,15568400,-0.02091421298758822,94.60400085449218,94.13450088500977,1.935960358980974,0
2023-02-17,85.5478286743164,90.0999984741211,90.3000030517578,88.94000244140625,89.97000122070312,11235300,-0.007927782681375173,93.55,94.08800086975097,2.0236358507201664,0
2023-02-21,83.21212005615234,87.63999938964844,89.41999816894531,87.4800033569336,88.37999725341797,14007600,-0.02730298697151734,91.85599975585937,93.68700065612794,2.4462263736512044,0
2023-02-22,82.44303894042969,86.83000183105469,88.08999633789062,86.66000366210938,87.75,10106400,-0.009242327296152708,89.63000030517578,93.30050086975098,2.874251514007755,1
2023-02-23,85.5288314819336,90.08000183105467,91.98999786376952,89.45999908447266,90.3000030517578,15468300,0.03742945907479678,89.09400024414063,93.18400077819823,2.9582382462018137,0
2023-02-24,83.65837860107422,88.11000061035156,88.1500015258789,87.23999786376953,88.08999633789062,8817600,-0.021869462485112456,88.5520004272461,92.9170009613037,3.1666123572520752,0
2023-02-27,82.8893051147461,87.30000305175781,88.8499984741211,87.23999786376953,88.69999694824219,10609400,-0.009193026364575752,87.99200134277343,92.6170009613037,3.4037534816688337,0
2023-02-28,82.67091369628906,87.06999969482422,88.1500015258789,86.9000015258789,87.13999938964844,7520400,-0.002634631716991298,87.8780014038086,92.31400108337401,3.618629406495872,1
2023-03-01,83.95271301269531,88.41999816894531,90.04000091552734,88.2699966430664,89.04000091552734,8176700,0.01550474880961028,88.19600067138671,92.0985008239746,3.7194827768580225,1
2023-03-02,84.53189086914062,89.02999877929688,89.33999633789062,87.12000274658203,87.63999938964844,9761600,0.006898898699206235,87.98600006103516,91.81300086975097,3.7251950434930556,1
2023-03-03,85.25348663330078,89.79000091552734,89.8499984741211,87.87999725341797,88.66999816894531,10844000,0.008536472499730108,88.3220001220703,91.47000083923339,3.568926251453365,0
2023-03-06,85.05410766601562,89.58000183105469,91.33000183105467,89.51000213623047,90.08000183105467,9960000,-0.0023387802910284083,88.77799987792969,91.21600074768065,3.510234018954856,0
2023-03-07,84.3609848022461,88.8499984741211,90.23999786376952,88.30000305175781,89.94999694824219,8761100,-0.008149177740701119,89.13399963378906,91.06700057983399,3.5458653677388803,1
2023-03-08,86.2409439086914,90.83000183105467,90.83999633789062,88.13999938964844,88.3499984741211,8813000,0.022284787742683942,89.61600036621094,90.88100051879883,3.4498131501641494,0
2023-03-09,84.38948822021484,88.87999725341797,90.69000244140624,88.56999969482422,89.70999908447266,10354700,-0.021468727714700986,89.58600006103515,90.61100044250489,3.3804066145882423,0
2023-03-10,82.84182739257812,87.25,89.16999816894531,87.19999694824219,88.02999877929688,11928800,-0.018339303597978973,89.07799987792968,90.13900032043458,3.137231473820529,1
2023-03-13,83.30707550048828,87.73999786376953,89.0,86.30999755859375,86.37999725341797,11847600,0.0056160213612552745,88.70999908447266,89.75750007629395,2.9243369267814234,1
2023-03-14,84.77875518798828,89.29000091552734,89.62999725341797,87.70999908447266,88.02999877929688,11100100,0.017665866075862402,88.79799957275391,89.41650009155273,2.513352294861831,0
2023-03-15,82.31961059570312,86.69999694824219,87.23999786376953,85.44000244140625,87.19999694824219,12171500,-0.029006651816875006,87.97199859619141,88.8534999847412,1.5906054339523545,1
2023-03-16,85.2296371459961,89.30000305175781,89.47000122070312,85.81999969482422,85.94999694824219,13184600,0.029988537428297324,88.05599975585938,88.68050003051758,1.3060691029089522,1
2023-03-17,85.39187622070312,89.47000122070312,90.02999877929688,89.0,89.05999755859375,13287700,0.0019036748391463298,88.5,88.61300010681153,1.221845929895128,1
2023-03-20,85.93590545654297,90.04000091552734,90.37000274658205,88.66000366210938,89.20999908447266,8217500,0.0063708470665844175,88.96000061035156,88.61000022888183,1.2180707184976654,1
2023-03-21,88.28377532958984,92.5,93.0,90.8000030517578,91.0,12299700,0.027321180136154588,89.6020004272461,88.85300025939941,1.4725639209523549,1
2023-03-22,88.3983154296875,92.62000274658205,95.02999877929688,92.54000091552734,93.5,12812400,0.0012973269900762308,90.78600158691407,89.14250030517579,1.616071016739839,1
2023-03-23,90.27851104736328,94.58999633789062,95.81999969482422,93.43000030517578,94.48999786376952,11169700,0.021269634343443977,91.84400024414063,89.36800003051758,2.0183542864190573,0
2023-03-24,88.56056213378906,92.79000091552734,94.18000030517578,92.08999633789062,93.9499969482422,7653700,-0.019029448060589926,92.50800018310547,89.60200004577636,2.132872215404727,0
2023-03-27,86.52765655517578,90.66000366210938,92.18000030517578,90.5500030517578,92.04000091552734,9349800,-0.02295502998601151,92.63200073242187,89.77000007629394,2.073510056634051,1
2023-03-28,86.67082214355469,90.80999755859376,90.87000274658205,89.91999816894531,90.66000366210938,7521300,0.001654466031607793,92.29400024414062,89.95699996948242,1.9839042931936393,1
2023-03-29,88.53192901611328,92.76000213623048,93.22000122070312,91.4499969482422,91.76000213623048,9264000,0.021473456998812424,92.32200012207032,90.17400016784669,2.043401621350608,0
2023-03-30,88.2551498413086,92.47000122070312,93.5199966430664,92.02999877929688,93.3499984741211,10232800,-0.003126357361456833,91.89800109863282,90.346000289917,2.0863656937678536,1
2023-03-31,88.78006744384766,93.0199966430664,93.26000213623048,91.12999725341795,91.23999786376952,8701800,0.005947825403944451,91.94400024414064,90.50750007629395,2.16460756047974,0
2023-04-03,88.60828399658203,92.83999633789062,93.5999984741211,91.70999908447266,93.01000213623048,6863600,-0.001935071077958317,92.37999877929688,90.67049980163576,2.213284051181161,0
2023-04-04,87.96881103515625,92.16999816894533,93.27999877929688,91.72000122070312,93.04000091552734,6338400,-0.007216697494330404,92.6519989013672,90.83649978637696,2.193975602038266,0
2023-04-05,86.08860778808594,90.1999969482422,92.18000030517578,89.05000305175781,91.5999984741211,9171800,-0.02137356254572298,92.13999786376954,90.80499954223635,2.198591633372268,1
2023-04-06,86.12679290771484,90.23999786376952,90.91000366210938,89.4000015258789,89.66000366210938,5874500,0.00044346914501858237,91.69399719238281,90.87299957275391,2.1565495251987308,0
2023-04-10,84.96238708496094,89.0199966430664,89.02999877929688,86.47000122070312,88.41999816894531,12232900,-0.013519517393438818,90.89399719238281,90.96149940490724,2.032813202196901,1
2023-04-11,85.17236328125,89.23999786376953,89.83999633789062,88.47000122070312,88.63999938964844,11079200,0.0024713685576200906,90.17399749755859,91.03649940490723,1.9329178401969476,0
2023-04-12,82.910400390625,86.87000274658203,89.5,86.86000061035156,88.91000366210938,11299100,-0.026557543410135942,89.11399841308594,90.91549949645997,2.115156757107654,1
2023-04-13,83.08218383789062,87.05000305175781,87.62999725341797,85.97000122070312,86.55999755859375,7910500,0.0020720651488970177,88.48399963378907,90.93299980163576,2.079591936844375,1
2023-04-14,83.2253646850586,87.19999694824219,88.37000274658203,86.54000091552734,87.94999694824219,7656400,0.0017230774408496519,87.8759994506836,90.82799949645997,2.2149905606139297,1
2023-04-17,83.9793472290039,87.98999786376953,88.05000305175781,87.16000366210938,87.75,8163600,0.009059643843752019,87.66999969482421,90.75399932861329,2.2863214990337632,1
2023-04-18,84.12252807617188,88.13999938964844,88.4000015258789,87.5,88.19999694824219,8468200,0.001704756557798115,87.45,90.65899925231935,2.35596393948632,0
2023-04-19,83.25399017333984,87.2300033569336,87.37999725341797,86.04000091552734,86.2300033569336,11191300,-0.010324438836128658,87.52200012207031,90.39549942016603,2.4326814473977802,1
2023-04-20,85.2200927734375,89.29000091552734,91.87999725341795,88.0999984741211,88.31999969482422,19206300,0.023615699636792664,87.96999969482422,90.2289993286133,2.3859248206991297,0
2023-04-21,81.4787826538086,85.37000274658203,87.91000366210938,85.27999877929688,87.77999877929688,13175400,-0.043901871752177746,87.60400085449218,89.76799964904787,2.389684481800602,0
2023-04-24,80.78205108642578,84.63999938964844,85.95999908447266,83.98999786376953,85.4000015258789,10567600,-0.008551052283558902,86.93400115966797,89.36049957275392,2.5375497432596004,0
2023-04-25,78.5391616821289,82.29000091552734,83.4000015258789,82.26000213623047,83.2699966430664,13423700,-0.027764632455898886,85.76400146484374,88.94199943542482,2.965986197713596,0
2023-04-26,78.50098419189453,82.25,82.37999725341797,81.20999908447266,82.23999786376953,11583500,-0.00048609691435541613,84.76800079345703,88.51399955749511,3.2829236802849007,1
2023-04-27,79.85625457763672,83.66999816894531,83.86000061035156,82.16000366210938,82.9000015258789,10013700,0.017264415427906465,83.64400024414063,88.05949935913085,3.2933631256330917,1
2023-04-28,80.45755004882812,84.30000305175781,84.51000213623047,83.72000122070312,84.4800033569336,8262600,0.007529639017565204,83.43000030517578,87.6509994506836,3.2234536494957973,0
2023-05-01,80.15213775634766,83.9800033569336,84.69000244140625,83.9000015258789,84.30000305175781,4931100,-0.0037959630277563106,83.29800109863281,87.19899978637696,3.0606709164422745,0
2023-05-02,79.1786117553711,82.95999908447266,84.05000305175781,82.55000305175781,83.5,6875000,-0.012145799377093258,83.43200073242187,86.70499992370605,2.8951319421486312,0
2023-05-03,78.93045806884766,82.69999694824219,83.76000213623047,82.44000244140625,82.62000274658203,7151600,-0.0031340662861595314,83.52200012207031,86.2314998626709,2.7236178256477643,1
2023-05-04,79.68446350097656,83.48999786376953,83.76000213623047,82.63999938964844,83.0,7290600,0.00955261118113171,83.48600006103516,85.89599990844727,2.6203600279918473,1
2023-05-05,81.09700012207031,84.97000122070312,85.56999969482422,83.75,84.30000305175781,6865000,0.017726714514336273,83.61999969482422,85.63250007629395,2.417675688414018,1
2023-05-08,81.64102172851562,85.54000091552734,85.54000091552734,84.41000366210938,84.5,6746600,0.006708246282634445,83.93199920654297,85.458500289917,2.282494751758296,0
2023-05-09,81.18289184570312,85.05999755859375,85.4800033569336,84.30000305175781,85.25,7287800,-0.005611449050691553,84.35199890136718,85.2495002746582,2.1022710018921504,0
2023-05-10,81.03019714355469,84.9000015258789,85.1500015258789,84.16999816894531,84.51000213623047,7442300,-0.0018809785716796812,84.79199981689453,85.15100021362305,2.068223237161292,0
2023-05-11,79.627197265625,83.43000030517578,84.13999938964844,82.52999877929688,84.13999938964844,8730900,-0.017314501699449814,84.78000030517578,84.97000007629394,2.0516207678617873,0
2023-05-12,79.627197265625,83.43000030517578,83.93000030517578,82.94999694824219,83.37999725341797,5069800,0.0,84.47200012207031,84.78150024414063,2.0086900318762764,1
2023-05-15,81.75553894042969,85.66000366210938,85.66999816894531,83.2300033569336,83.33000183105469,8707300,0.026729034505292404,84.49600067138672,84.66500053405761,1.8759944011566887,1
2023-05-16,81.96552276611328,85.87999725341797,86.75,85.58999633789062,85.69000244140625,11283200,0.002568218327148042,84.66000061035156,84.5520004272461,1.7169888631764114,1
2023-05-17,86.73762512207031,90.87999725341795,91.8000030517578,88.05999755859375,88.30000305175781,23215600,0.05822077503386258,85.85599975585937,84.73450012207032,2.1547827554141223,1
2023-05-18,88.42694854736328,92.6500015258789,93.4000015258789,91.06999969482422,91.25,14879000,0.019476279995094048,87.7,84.90250015258789,2.6112789821223097,0
2023-05-19,88.36014556884766,92.58000183105467,92.79000091552734,91.55999755859376,92.12999725341795,9295200,-0.0007555282641272809,89.53000030517578,85.26300010681152,3.126146522600386,0
2023-05-22,87.53933715820312,91.72000122070312,92.44000244140624,91.1999969482422,92.06999969482422,9259800,-0.009289269748783635,90.74199981689453,85.61700019836425,3.4372683595016054,0
2023-05-23,86.31768035888672,90.44000244140624,91.33999633789062,90.33000183105467,91.0,7656700,-0.013955503295479343,91.65400085449218,86.0245002746582,3.504529113906772,0
2023-05-24,86.02182006835938,90.12999725341795,90.1500015258789,89.18000030517578,89.27999877929688,9443900,-0.0034277441355569094,91.50400085449218,86.41850013732909,3.5007991356688715,1
2023-05-25,96.34860229492188,100.9499969482422,102.37000274658205,96.9800033569336,97.05999755859376,60793200,0.12004881864582462,93.16399993896484,87.28250007629393,4.7102157497934165,1
2023-05-26,98.50562286376952,103.20999908447266,104.44000244140624,100.7300033569336,100.8499984741211,26135800,0.022387342293721746,95.28999938964844,88.22799987792968,5.841985307999393,0
2023-05-30,97.33167266845705,101.9800033569336,105.23999786376952,101.52999877929688,103.79000091552734,25248000,-0.011917408569419363,97.34199981689453,89.12799987792968,6.502303962859184,0
2023-05-31,94.09617614746094,98.58999633789062,99.9800033569336,98.05999755859376,99.7300033569336,22206700,-0.03324187985342408,98.97199859619141,89.90949974060058,6.6593404217250445,1
2023-06-01,94.33479309082033,98.83999633789062,100.58999633789062,98.5999984741211,98.68000030517578,14998500,0.0025357542274693223,100.71399841308593,90.716499710083,6.717382565687675,1
2023-06-02,94.43024444580078,98.94000244140624,101.3000030517578,98.62000274658205,101.25,13085100,0.0010117979281760725,100.31199951171875,91.48899993896484,6.730957069302782,0
2023-06-05,93.580810546875,98.0500030517578,98.80999755859376,94.25,98.01000213623048,10568500,-0.008995344326734878,99.28000030517578,92.14300003051757,6.699587471469313,1
2023-06-06,95.27011108398438,99.81999969482422,100.5999984741211,97.41999816894533,97.61000061035156,13827600,0.0180519794796139,98.8479995727539,92.85699996948242,6.719750080510379,1
2023-06-07,95.71871185302734,100.29000091552734,103.0199966430664,99.54000091552734,101.37999725341795,14367500,0.004708487498898517,99.18800048828125,93.6185001373291,6.652282505401525,0
2023-06-08,95.38465881347656,99.94000244140624,100.6999969482422,98.62999725341795,98.98999786376952,9074200,-0.003489864103360718,99.40800170898437,94.37050018310546,6.462211940306628,1
2023-06-09,98.11429595947266,102.8000030517578,104.68000030517578,102.25,102.6999969482422,14902400,0.028617175710280218,100.18000183105468,95.33900032043456,6.181660527981535,1
2023-06-12,102.18010711669922,107.05999755859376,107.38999938964844,104.30999755859376,104.33999633789062,20568100,0.04143963405031359,101.98200073242188,96.52050018310545,6.0423255681748165,0
2023-06-13,101.93196105957033,106.8000030517578,110.69000244140624,106.73999786376952,110.0,17858600,-0.002428493487436012,103.3780014038086,97.57750015258787,5.8895852905513815,1
2023-06-14,102.51416778564452,107.41000366210938,107.6999969482422,105.22000122070312,106.02999877929688,12862600,0.005711616038587053,104.802001953125,98.65400047302245,5.5994669642445185,0
2023-06-15,100.80626678466795,105.18000030517578,106.66000366210938,105.06999969482422,106.2699966430664,11987900,-0.020761598369819834,105.85000152587891,99.36900062561034,5.465950193200752,0
2023-06-16,100.22162628173828,104.56999969482422,105.75,104.3499984741211,105.43000030517578,11430800,-0.005799587455615818,106.2040008544922,99.96500053405761,5.343253214518883,0
2023-06-20,99.65618896484376,103.9800033569336,104.87999725341795,103.06999969482422,104.18000030517578,9295500,-0.0056421185771489135,105.58800201416015,100.53500061035156,5.117260695352047,0
2023-06-21,97.4134750366211,101.63999938964844,103.7300033569336,101.62000274658205,103.1500015258789,9340400,-0.022504365183107278,104.55600128173828,101.03100051879883,4.679953178684211,1
2023-06-22,98.84152221679688,103.12999725341795,103.43000030517578,101.33000183105467,101.41999816894533,8575900,0.014659561911816166,103.7,101.66550025939941,3.9757291415935883,0
2023-06-23,97.6722412109375,101.91000366210938,102.19000244140624,101.01000213623048,101.5199966430664,8919000,-0.011829667640839037,103.04600067138672,102.25450057983399,2.905308632056149,0
2023-06-26,95.94709777832033,100.11000061035156,103.04000091552734,100.08999633789062,102.0199966430664,8560000,-0.017662672819891756,102.15400085449218,102.21250076293946,2.9311163438669046,1
2023-06-27,97.8351821899414,102.08000183105467,102.79000091552734,100.0199966430664,101.1500015258789,9732000,0.019678365884451043,101.77400054931641,102.15600090026855,2.921752590306056,0
2023-06-28,96.72341918945312,100.91999816894533,101.87999725341795,100.22000122070312,100.5,8160900,-0.011363672034696681,101.63000030517578,102.10300064086914,2.934698700995721,0
2023-06-29,96.4550552368164,100.63999938964844,101.5199966430664,100.0199966430664,101.33999633789062,7383900,-0.002774462786138354,101.13200073242187,102.20550079345703,2.839808376129869,1
2023-06-30,96.72341918945312,100.91999816894533,101.88999938964844,100.41000366210938,101.4000015258789,11704600,0.002782181846134657,100.93399963378906,102.30950088500977,2.7466275687404753,1
2023-07-03,98.86068725585938,103.1500015258789,103.68000030517578,102.06999969482422,102.25,5638400,0.022096743929785223,101.54199981689453,102.5200008392334,2.6338086688415183,0
2023-07-05,96.79051208496094,100.98999786376952,103.08999633789062,100.95999908447266,101.4000015258789,9010800,-0.02094041328314933,101.3239990234375,102.66700057983398,2.4465858530160585,0
2023-07-06,95.27620697021484,99.41000366210938,99.55999755859376,98.5999984741211,99.0999984741211,9140800,-0.015645056293510096,101.02200012207031,102.64650077819825,2.473268394068519,1
2023-07-07,96.0621109008789,100.2300033569336,101.94000244140624,99.0,99.08000183105467,8036600,0.008248663762365105,100.94000091552735,102.64350090026855,2.4763115890130463,0
2023-07-10,95.62123107910156,99.7699966430664,100.75,99.4000015258789,100.25,8041600,-0.004589511109054256,100.71000061035156,102.63500061035157,2.4863515897822386,1
2023-07-11,97.04927825927734,101.26000213623048,102.33000183105467,100.13999938964844,102.33000183105467,7677800,0.014934404563474724,100.33200073242188,102.5580005645752,2.504750803756051,1
2023-07-12,99.57950592041016,103.9000015258789,104.43000030517578,102.76000213623048,102.83000183105467,10202000,0.026071492533613627,100.91400146484375,102.40000076293946,2.29685673188227,1
2023-07-13,101.1800537109375,105.56999969482422,105.6500015258789,102.5199966430664,105.0,9265900,0.01607312939768679,102.14600067138672,102.33850059509277,2.186666457884503,0
2023-07-14,100.76795196533205,105.13999938964844,107.3000030517578,104.86000061035156,106.0,9518300,-0.0040731297377929465,103.12799987792968,102.22500038146973,1.9563567096168584,0
2023-07-17,100.4324951171875,104.79000091552734,105.02999877929688,102.58999633789062,104.68000030517578,10722600,-0.003328880313419047,104.13200073242187,102.2055004119873,1.9270771178463375,0
2023-07-18,98.86068725585938,103.1500015258789,103.7300033569336,102.01000213623048,103.69000244140624,10343600,-0.015650342354424307,104.51000061035157,102.13450050354004,1.8603806048059963,0
2023-07-19,98.77442169189452,103.05999755859376,104.79000091552734,102.56999969482422,103.9000015258789,11204800,-0.0008725542021690291,104.34199981689453,102.08850021362305,1.8233521382853999,0
2023-07-20,93.7906723022461,97.86000061035156,100.4499969482422,97.0500030517578,98.5500030517578,22810200,-0.05045601660611132,102.8,101.89950027465821,2.053652506745723,0
2023-07-21,93.20602416992188,97.25,97.98999786376952,96.33000183105467,97.87999725341795,15381200,-0.006233400843521308,101.22200012207031,101.60550041198731,2.2769704636585852,1
2023-07-24,94.1644515991211,98.25,98.2699966430664,96.77999877929688,97.2699966430664,9054900,0.010282776349614497,99.91399993896485,101.42250022888183,2.3952164477544855,1
2023-07-25,96.14837646484376,100.31999969482422,100.88999938964844,99.11000061035156,99.5199966430664,9202200,0.02106869918396148,99.3479995727539,101.43300018310546,2.3896137322572923,0
2023-07-26,95.27620697021484,99.41000366210938,100.12999725341795,98.56999969482422,99.48999786376952,8993500,-0.00907093336805298,98.61800079345703,101.2995002746582,2.425872401717364,0
2023-07-27,95.2187042236328,99.3499984741211,101.76000213623048,98.91000366210938,101.5,8049800,-0.0006036131755133844,98.91600036621094,101.22100028991699,2.4639033190708157,1
2023-07-28,96.66590881347656,100.86000061035156,100.98999786376952,99.77999877929688,100.11000061035156,6758700,0.015198813884469198,99.63800048828125,101.23200035095215,2.4616630070416914,0
2023-07-31,95.02701568603516,99.1500015258789,99.77999877929688,98.41999816894533,99.18000030517578,8647900,-0.016954184752375978,99.81800079345703,101.14350051879883,2.5049071816475488,0
2023-08-01,94.3082046508789,98.4000015258789,99.19000244140624,98.08999633789062,99.13999938964844,6428500,-0.0075642964040121274,99.43400115966797,100.90600051879883,2.5297103559754626,0
2023-08-02,91.72047424316406,95.6999969482422,97.5,95.20999908447266,97.5,9820900,-0.027439070485447248,98.69199981689454,100.64150047302246,2.7842174309738543,0
2023-08-03,91.03042602539062,94.9800033569336,95.80999755859376,94.58000183105467,94.83999633789062,8571700,-0.007523444245228217,97.81800079345703,100.42000045776368,3.0507996140859825,1
2023-08-04,92.16136169433594,96.16000366210938,97.58000183105467,95.12999725341795,95.27999877929688,7562600,0.012423670914617269,96.8780014038086,100.21650047302246,3.1964076575011293,1
2023-08-07,92.34344482421876,96.3499984741211,96.94000244140624,95.2300033569336,96.7300033569336,6601400,0.0019758195172219217,96.31800079345703,100.04550056457519,3.3109790967982944,0
2023-08-08,90.56079864501952,94.48999786376952,94.9000015258789,93.66999816894533,94.87999725341795,7659000,-0.019304625218558358,95.53600006103515,99.70700035095214,3.519763877456621,0
2023-08-09,90.07200622558594,93.9800033569336,95.8499984741211,93.70999908447266,95.83000183105467,6426900,-0.005397338537050267,95.19200134277344,99.21100044250488,3.595925580584154,1
2023-08-10,90.85791015625,94.8000030517578,95.97000122070312,94.27999877929688,95.4499969482422,7459600,0.008725257134859499,95.15600128173827,98.67250061035156,3.3942933529093695,0
2023-08-11,88.16474914550781,91.98999786376952,93.5,91.97000122070312,93.5,10658400,-0.029641403982382908,94.3220001220703,98.01500053405762,3.3488764450329382,1
2023-08-14,89.19984436035156,93.06999969482422,93.29000091552734,91.3000030517578,91.69000244140624,7489700,0.011740426743504395,93.66600036621092,97.42900047302246,3.1184424008273197,0
2023-08-15,87.86763763427734,91.68000030517578,92.70999908447266,91.48999786376952,92.5199966430664,6069500,-0.01493498865591747,93.10400085449218,96.85550041198731,3.0651872152082693,1
2023-08-16,87.9634780883789,91.77999877929688,92.72000122070312,91.31999969482422,91.44000244140624,7439500,0.0010907337891385982,92.66399993896485,96.29150047302247,2.896595951143156,0
2023-08-17,87.82929992675781,91.63999938964844,92.91999816894533,91.3499984741211,92.91999816894533,7712500,-0.0015253801646379905,92.03199920654296,95.98050041198731,3.04921856139493,0
2023-08-18,87.31178283691406,91.0999984741211,91.33000183105467,89.55999755859375,90.06999969482422,9066200,-0.005892633338323017,91.85399932861328,95.67300033569336,3.2197865807917765,1
2023-08-21,88.71105194091797,92.55999755859376,92.91000366210938,90.5,90.5,8618300,0.016026334894916783,91.75199890136719,95.38850021362305,3.2314616175015036,0
2023-08-22,88.40436553955078,92.23999786376952,93.48999786376952,91.80999755859376,93.3499984741211,7059000,-0.0034572137344933696,91.86399841308594,94.98450012207032,3.0842008088488875,1
2023-08-23,90.30201721191406,94.22000122070312,95.0999984741211,93.23999786376952,93.79000091552734,10362600,0.021465778434404337,92.35199890136718,94.725,2.9054048424941707,0
2023-08-24,88.68228912353516,92.52999877929688,96.77999877929688,92.47000122070312,96.52999877929688,12254400,-0.017936769470502822,92.52999877929688,94.38400001525879,2.7288706779099767,1
2023-08-25,89.22859954833984,93.0999984741211,93.41000366210938,91.41000366210938,92.25,10356000,0.006160161054187263,92.92999877929688,93.99599990844726,2.2732675642027407,1
2023-08-28,90.09117889404295,94.0,94.1500015258789,93.25,93.81999969482422,5174800,0.009667041252735098,93.21799926757812,93.73849983215332,1.9235017476780096,1
2023-08-29,91.1262664794922,95.08000183105467,95.62000274658205,93.51000213623048,93.7699966430664,8910300,0.011489381181432723,93.78600006103515,93.5724998474121,1.619230326694488,0
2023-08-30,90.83873748779295,94.77999877929688,95.91999816894533,94.62999725341795,95.4499969482422,6073400,-0.0031552697305461397,93.8979995727539,93.52649993896485,1.567863448870453,0
2023-08-31,89.67904663085938,93.56999969482422,94.4000015258789,93.2699966430664,93.33999633789062,8661200,-0.012766396919778877,94.10599975585937,93.45599975585938,1.5303170400474175,0
2023-09-01,89.31485748291016,93.19000244140624,94.58000183105467,93.08999633789062,94.3000030517578,7094600,-0.0040611013642977145,94.1240005493164,93.30749969482422,1.3919620136578728,1
2023-09-05,90.66622161865234,94.5999984741211,95.0500030517578,92.87000274658205,93.4000015258789,6396500,0.015130335827616248,94.24400024414062,93.21999969482422,1.237021804988528,0
2023-09-06,88.42353820800781,92.26000213623048,93.95999908447266,91.58999633789062,93.8499984741211,7933700,-0.024735691074358135,93.68000030517578,93.10849990844727,1.2168616210404872,0
2023-09-07,86.30542755126953,90.05000305175781,90.29000091552734,88.43000030517578,90.06999969482422,14684400,-0.02395403244419403,92.73400115966797,92.91199989318848,1.3756707748009394,0
2023-09-08,85.91246795654297,89.63999938964844,91.06999969482422,89.31999969482422,90.75,5820800,-0.004553066609822576,91.94800109863282,92.65399971008301,1.4826555303334261,0
2023-09-11,85.87413024902344,89.5999984741211,90.38999938964844,89.16000366210938,90.0999984741211,7268600,-0.0004462395783100259,91.23000030517578,92.53449974060058,1.6281649543704315,1
2023-09-12,86.7175521850586,90.4800033569336,91.56999969482422,90.41999816894533,90.45999908447266,8242600,0.009821483234362605,90.40600128173828,92.40499992370606,1.6853282109237715,1
2023-09-13,87.42677307128906,91.22000122070312,91.88999938964844,90.4800033569336,90.5999984741211,5757800,0.008178579092778415,90.19800109863282,92.38199996948242,1.698827922786438,1
2023-09-14,88.12138366699219,91.47000122070312,92.93000030517578,91.2699966430664,92.77999877929688,6506300,0.002740627018795294,90.48200073242188,92.36650009155274,1.7060085961715366,0
2023-09-15,85.98265075683594,89.25,91.13999938964844,88.86000061035156,90.51000213623048,19940500,-0.02427026556331402,90.40400085449218,92.24700012207032,1.8381627837351158,0
2023-09-18,85.5780258178711,88.83000183105469,89.66999816894531,88.43000030517578,88.54000091552734,6647400,-0.004705861836922232,90.2500015258789,92.133500289917,1.9775134076742518,0
2023-09-19,84.94218444824219,88.16999816894531,88.83999633789062,87.79000091552734,88.44999694824219,7172100,-0.0074299633964280964,89.78800048828126,91.91400032043457,2.162655174643099,0
2023-09-20,84.09440612792969,87.29000091552734,89.31999969482422,87.29000091552734,88.5199966430664,6935300,-0.009980688121732473,89.00200042724609,91.66650047302247,2.394230381703216,0
2023-09-21,82.23506164550781,85.36000061035156,86.13999938964844,85.3499984741211,86.04000091552734,10652500,-0.022110210619008863,87.78000030517578,91.22350044250489,2.6973772563795237,1
2023-09-22,82.50482177734375,85.63999938964844,86.7699966430664,85.44999694824219,86.25,7967200,0.003280210605609124,87.05800018310546,90.87900047302246,2.9498972214493726,1
2023-09-25,83.08283233642578,86.23999786376953,86.23999786376953,85.0199966430664,85.38999938964844,8758000,0.007006054161574626,86.53999938964844,90.53600044250489,3.074260813116852,0
2023-09-26,81.2042236328125,84.29000091552734,85.2300033569336,84.0199966430664,84.94999694824219,8877600,-0.022611282427471013,85.76399993896484,90.05050048828124,3.259556996376467,1
2023-09-27,82.3121337890625,85.44000244140625,85.55999755859375,84.0999984741211,85.16999816894531,7860700,0.013643392020263434,85.39400024414063,89.56850051879883,3.188662923146784,1
2023-09-28,83.24662017822266,86.41000366210938,87.12999725341797,84.9800033569336,85.25,6647700,0.011353010217530546,85.60400085449218,89.15000076293946,3.013106465471239,1
2023-09-29,83.71867370605469,86.9000015258789,88.02999877929688,86.69999694824219,87.75,7338300,0.00567061500987287,85.85600128173829,88.81650085449219,2.86355560268085,1
2023-10-02,84.44122314453125,87.6500015258789,88.41999816894531,87.0199966430664,87.18000030517578,6305000,0.008630609744887607,86.13800201416015,88.53950080871581,2.6803150556071005,0
2023-10-03,82.28324127197266,85.41000366210938,87.31999969482422,85.05999755859375,87.0,8201700,-0.025556164572434925,86.36200256347657,88.08000106811524,2.3546036358249958,1
2023-10-04,83.4970932006836,86.66999816894531,86.76000213623047,85.37999725341797,85.47000122070312,7658500,0.014752305968989354,86.60800170898438,87.80050086975098,2.1556815918512062,1
2023-10-05,83.84391021728516,87.02999877929688,87.94000244140625,86.52999877929688,86.83000183105469,6651700,0.004153693526678159,86.73200073242188,87.64950065612793,2.0947263544149983,1
2023-10-06,86.02119445800781,89.29000091552734,90.0199966430664,87.37999725341797,88.08999633789062,9777100,0.025968081901985407,87.21000061035156,87.63200073242187,2.07862204412446,0
2023-10-09,85.7321548461914,88.98999786376953,89.33999633789062,88.04000091552734,88.80000305175781,4781300,-0.0033598728713378767,87.47799987792969,87.6015007019043,2.0525370501722566,1
2023-10-10,87.29286193847656,90.61000061035156,90.66000366210938,89.13999938964844,89.2699966430664,7182900,0.01820432391808824,88.51799926757812,87.60800056457519,2.062314842777769,1
2023-10-11,88.63196563720703,92.0,92.01000213623048,90.62999725341795,91.26000213623048,8051700,0.015340463307420338,89.58399963378906,87.64700050354004,2.140122944085298,1
2023-10-12,89.03660583496094,92.41999816894533,93.44000244140624,91.83999633789062,92.51000213623048,8897800,0.004565197488536121,90.66199951171875,87.69450035095215,2.2377555204955426,0
2023-10-13,87.14835357666016,90.45999908447266,92.94000244140624,90.1999969482422,92.75,7985100,-0.021207521351491065,90.89599914550782,87.75500030517578,2.2975804758639287,1
2023-10-16,87.88053131103516,91.22000122070312,91.9000015258789,90.43000030517578,90.4800033569336,8791800,0.008401527127153363,91.34199981689453,87.8745002746582,2.4155596826472623,0
2023-10-17,87.66857147216797,91.0,91.6999969482422,88.5199966430664,89.80999755859375,7997100,-0.002411765158507717,91.41999969482421,88.01600036621093,2.514637433712985,0
2023-10-18,86.31983184814453,89.5999984741211,90.01000213623047,88.58000183105469,88.87999725341797,9982700,-0.015384632152515398,90.93999938964843,88.13150024414062,2.532523158360534,1
2023-10-19,89.50865173339844,92.91000366210938,94.76000213623048,92.36000061035156,93.08999633789062,22751600,0.03694202281648806,91.03800048828126,88.50900039672851,2.657289426190985,0
2023-10-20,87.96723937988281,91.30999755859376,94.31999969482422,91.08999633789062,92.0,12197300,-0.017221031540741727,91.20800018310547,88.79250030517578,2.637478153132154,0
2023-10-23,87.7745590209961,91.11000061035156,92.26000213623048,89.16000366210938,89.9800033569336,8227900,-0.002190307234581468,91.18600006103516,89.03600044250489,2.6141238017863855,1
2023-10-24,88.28514862060547,91.63999938964844,92.0,90.86000061035156,91.1999969482422,7374800,0.0058171306744196905,91.31399993896484,89.40350036621093,2.42133496126705,0
2023-10-25,84.43158721923828,87.63999938964844,90.8499984741211,86.68000030517578,90.8000030517578,13027100,-0.043649061835893455,90.92200012207032,89.51350021362305,2.277498829674658,0
2023-10-26,84.24853515625,87.44999694824219,88.13999938964844,86.54000091552734,87.12000274658203,9377300,-0.002167987708004193,89.82999877929687,89.56549987792968,2.213895032022201,0
2023-10-27,82.84200286865234,85.98999786376953,87.77999877929688,85.88999938964844,87.54000091552734,12480700,-0.016695244544568277,88.76599884033203,89.51999969482422,2.279926371141063,1
2023-10-30,82.909423828125,86.05999755859375,88.30000305175781,86.0,87.30999755859375,9785500,0.00081404461638801,87.75599822998046,89.44049949645996,2.3743313396531867,1
2023-10-31,83.15028381347656,86.30999755859375,86.43000030517578,84.94999694824219,86.1500015258789,9004900,0.0029049501172688785,86.68999786376953,89.48549919128418,2.3013289428445645,1
2023-11-01,84.5857162475586,87.80000305175781,87.87000274658203,86.33999633789062,86.47000122070312,9508800,0.017263417162681982,86.72199859619141,89.5419994354248,2.241665133428077,1
2023-11-02,87.1676254272461,90.4800033569336,91.0500030517578,89.47000122070312,90.4000015258789,11032600,0.030523920410298055,87.32799987792968,89.71449966430664,2.1697776543765843,1
2023-11-03,88.42965698242188,91.79000091552734,92.4499969482422,90.83999633789062,91.6500015258789,9226700,0.01447831023420676,88.48800048828124,89.83949966430664,2.215564233414307,1
2023-11-06,89.21000671386719,92.5999984741211,92.61000061035156,91.29000091552734,92.0,8402700,0.008824463999506538,89.79600067138672,90.01999969482422,2.288562726677838,0
2023-11-07,89.02696228027344,92.41000366210938,93.0500030517578,91.75,92.25,6241300,-0.002051779861150016,91.01600189208985,90.10999984741211,2.3476178862708914,0
2023-11-08,88.63196563720703,92.0,93.44000244140624,91.93000030517578,93.33000183105467,6537700,-0.0044367887226638425,91.85600128173829,90.10999984741211,2.3476178862708914,0
2023-11-09,88.26588439941406,91.62000274658205,93.37000274658205,91.5999984741211,92.62999725341795,8166000,-0.004130404928456066,92.08400115966796,90.07000007629395,2.312743892516404,1
2023-11-10,93.8728256225586,97.44000244140624,97.75,93.61000061035156,94.04000091552734,19281700,0.06352324296389855,93.21400146484375,90.41900024414062,2.8410127477742946,0
2023-11-13,92.89016723632812,96.41999816894533,97.18000030517578,95.72000122070312,97.01000213623048,9526300,-0.010468023880379818,93.97800140380859,90.67900009155274,3.1403493800202127,1
2023-11-14,95.28900909423828,98.91000366210938,99.69000244140624,97.9499969482422,98.0,13873200,0.02582457519653869,95.27800140380859,91.0745002746582,3.6410818323234007,0
2023-11-15,95.18302917480467,98.8000030517578,100.6999969482422,98.41999816894533,99.9499969482422,10422900,-0.001112128260831513,96.63800201416015,91.53450050354004,4.007685345036538,0
2023-11-16,94.93255615234376,98.54000091552734,99.0999984741211,97.91000366210938,98.23999786376952,8459000,-0.0026316004878486066,98.02200164794922,91.81600036621094,4.296690760286132,1
2023-11-17,95.93447875976562,99.58000183105467,99.72000122070312,98.31999969482422,98.94000244140624,7243000,0.010554098902626041,98.4500015258789,92.22950057983398,4.630411540607816,1
2023-11-20,96.30056762695312,99.95999908447266,100.58999633789062,99.54000091552734,99.9000015258789,6448900,0.003815999662891034,99.15800170898437,92.67200050354003,4.930915965787145,0
2023-11-21,94.80730438232422,98.41000366210938,100.1500015258789,98.23999786376952,100.0,10112600,-0.015506156828327233,99.05800170898438,93.01050071716308,5.086270058374677,1
2023-11-22,95.0385284423828,98.6500015258789,99.6500015258789,97.9499969482422,98.72000122070312,7413500,0.0024387547488928796,99.02800140380859,93.56100082397461,5.07020915450621,0
2023-11-24,94.24855041503906,97.83000183105467,98.7300033569336,97.47000122070312,98.4800033569336,4297600,-0.008312211679075587,98.88600158691406,94.08000106811524,4.941372985736717,0
2023-11-27,93.6512451171875,97.20999908447266,97.5500030517578,96.41999816894533,97.41999816894533,6856100,-0.006337552233237398,98.41200103759766,94.6410011291504,4.599659524388441,1
2023-11-28,94.3930435180664,97.9800033569336,98.25,97.23999786376952,97.87000274658205,6358100,0.007921039807765373,98.01600189208985,95.23700141906738,4.1826173734011,1
2023-11-29,95.2601089477539,98.87999725341795,99.7300033569336,98.5999984741211,99.0,7091100,0.009185485462842369,98.11000061035156,95.8655014038086,3.6854711179315442,0
2023-11-30,93.74758911132812,97.30999755859376,98.9800033569336,96.9000015258789,98.93000030517578,9681400,-0.015877829069922633,97.84199981689453,96.34100112915038,3.1671301600169763,1
2023-12-01,94.9421844482422,98.5500030517578,98.77999877929688,97.0199966430664,97.6999969482422,7500400,0.012742837573471055,97.98600006103516,96.7445011138916,2.8823939740734286,0
2023-12-04,93.45857238769533,97.01000213623048,97.1999969482422,95.25,97.0500030517578,10619400,-0.01562659429567459,97.94600067138671,97.00550117492676,2.6359528722904018,0
2023-12-05,93.15028381347656,96.69000244140624,97.0199966430664,95.87999725341795,96.45999908447266,8009600,-0.0032986257888631965,97.68800048828125,97.21000137329102,2.4265134412981344,1
2023-12-06,94.26780700683594,97.8499984741211,98.56999969482422,97.4499969482422,97.8000030517578,11262300,0.011997062813374315,97.48200073242188,97.4820011138916,2.1491898500450226,1
2023-12-07,95.65509796142578,99.29000091552734,99.63999938964844,97.88999938964844,97.95999908447266,11373700,0.014716427837115242,97.8780014038086,97.84650115966797,1.7520010307281695,1
2023-12-08,96.67628479003906,100.3499984741211,100.37000274658205,98.9499969482422,99.12000274658205,10572500,0.010675773479905226,98.23800048828124,98.28300094604492,1.0762561734512388,1
2023-12-11,97.25431060791016,100.9499969482422,101.20999908447266,99.37000274658205,99.56999969482422,9482800,0.005979058128992687,99.0259994506836,98.45850067138672,1.2094896225041067,1
2023-12-12,97.88053894042967,101.5999984741211,101.6500015258789,99.9499969482422,100.1500015258789,7378600,0.006438846414350552,100.00799865722657,98.71750068664551,1.301139857080785,1
2023-12-13,98.3814926147461,102.12000274658205,102.68000030517578,100.91000366210938,101.4000015258789,8988800,0.005118152364868456,100.86199951171875,98.87800064086915,1.5077185935989028,1
2023-12-14,100.13247680664062,103.4499969482422,103.80999755859376,102.8000030517578,103.3499984741211,10074500,0.013023836328722282,101.69399871826172,99.11050033569336,1.8210326197409425,0
2023-12-15,99.2516632080078,102.54000091552734,104.76000213623048,102.38999938964844,103.5,16379200,-0.00879648196770988,102.13199920654297,99.31050033569336,1.96874313204779,1
2023-12-18,99.62915802001952,102.93000030517578,103.30999755859376,102.08000183105467,102.83999633789062,5660600,0.0038033878112573305,102.52799987792969,99.47800025939941,2.1288749853777005,1
2023-12-19,100.5390167236328,103.87000274658205,103.9800033569336,103.08999633789062,103.23999786376952,8498500,0.00913244378334066,102.98200073242188,99.67350044250489,2.344119427442245,0
2023-12-20,96.83184814453124,100.04000091552734,103.08999633789062,99.94000244140624,102.6999969482422,10814100,-0.03687303099816974,102.56600036621094,99.75500030517578,2.3261451717660417,1
2023-12-21,99.26134490966795,102.5500030517578,102.72000122070312,101.16000366210938,101.3000030517578,9068200,0.025089985138543547,102.38600158691406,99.95000038146972,2.39119649964679,1
2023-12-22,99.84210205078124,103.1500015258789,103.58999633789062,102.70999908447266,102.93000030517578,5566400,0.005850789432139569,102.50800170898438,100.21600036621093,2.4383891029610862,1
2023-12-26,101.10041046142578,104.4499969482422,104.95999908447266,103.56999969482422,103.61000061035156,6407500,0.012602960767161386,102.81200103759765,100.57800025939942,2.5051409439161456,1
2023-12-27,101.29400634765624,104.6500015258789,105.37000274658205,104.08000183105467,105.0500030517578,5889700,0.0019148356484472995,102.96800079345704,100.91150016784668,2.583816582001741,1
2023-12-28,101.3423843383789,104.6999969482422,105.5199966430664,104.6999969482422,105.0,5335100,0.0004777393371651062,103.9,101.20250015258789,2.6693005036847453,0
2023-12-29,100.66484832763672,104.0,104.97000122070312,103.66999816894533,104.72000122070312,4409600,-0.0066857399106539095,104.18999938964843,101.5370002746582,2.573291571418919,0
2024-01-02,98.27404022216795,101.52999877929688,102.62000274658205,100.58999633789062,102.25,9020900,-0.023750011737529997,103.86599884033203,101.68600006103516,2.4756566231979247,0
2024-01-03,96.95765686035156,100.16999816894533,101.25,99.66000366210938,100.33999633789062,6650600,-0.013395061821165566,103.00999908447265,101.8439998626709,2.2522814749002005,0
2024-01-04,95.95101165771484,99.12999725341795,100.44000244140624,99.12000274658205,99.52999877929688,7996700,-0.010382359334511704,101.90599822998048,101.96599960327148,2.011638596450924,1
2024-01-05,96.41563415527344,99.61000061035156,100.63999938964844,98.8000030517578,99.0,7347300,0.004842160498668369,100.88799896240235,102.053999710083,1.8544610877753365,1
2024-01-08,98.9612808227539,102.23999786376952,102.79000091552734,100.5,100.62999725341795,12455600,0.026402943854059613,100.53599853515625,102.20149955749511,1.7366221670776127,0
2024-01-09,98.6225128173828,101.88999938964844,101.97000122070312,100.20999908447266,101.0500030517578,7764000,-0.0034233028309276214,100.60799865722656,102.27849960327148,1.6835374790563862,0
2024-01-10,97.56745147705078,100.8000030517578,102.77999877929688,99.9800033569336,102.5199966430664,6975700,-0.01069777548748696,100.73399963378905,102.27099990844727,1.6900884166272117,1
2024-01-11,97.9739990234375,101.22000122070312,102.16000366210938,99.98999786376952,101.6999969482422,7862700,0.004166648375294901,101.15200042724608,102.25200004577637,1.700134881421162,1
2024-01-12,97.9933624267578,101.23999786376952,102.37999725341795,100.87000274658205,100.88999938964844,6519700,0.0001975562420988286,101.47799987792968,102.20799980163574,1.7150528361536928,1
2024-01-16,98.4095687866211,101.66999816894533,102.3499984741211,100.1999969482422,100.52999877929688,11185500,0.004247336173934135,101.36399993896484,102.1189998626709,1.693255777723128,1
2024-01-17,99.64850616455078,102.9499969482422,103.33000183105467,100.0,100.87000274658205,17649500,0.01258973937591601,101.5759994506836,102.13949966430664,1.701084744933159,1
2024-01-18,109.4052734375,113.02999877929688,113.38999938964844,109.4800033569336,111.1999969482422,58783700,0.09791162826476207,104.02199859619141,102.64449958801269,2.972307964944383,1
2024-01-19,110.53775024414062,114.1999969482422,115.1500015258789,111.0199966430664,113.22000122070312,37812600,0.010351218097682802,106.61799774169921,103.1609992980957,3.9373374677983923,0
2024-01-22,109.4052734375,113.02999877929688,115.0999984741211,112.5199966430664,114.77999877929688,17755500,-0.010245168127943072,108.97599792480469,103.81049919128418,4.435321254621013,1
2024-01-23,110.469970703125,114.12999725341795,114.62000274658205,113.16000366210938,113.5199966430664,11667900,0.009731916181552336,111.46799774169922,104.38949890136719,4.984015472927634,1
2024-01-24,112.7833480834961,116.5199966430664,118.8499984741211,114.61000061035156,115.33000183105467,21859200,0.020941027312404215,114.18199768066407,105.05799865722656,5.659842743301274,1
2024-01-25,112.82205963134766,116.55999755859376,118.83999633789062,116.4800033569336,118.0199966430664,15485300,0.0003432965729470716,114.88799743652343,105.66349868774414,6.212196342717101,1
2024-01-26,113.49961853027344,117.26000213623048,118.04000091552734,116.3000030517578,116.9000015258789,10196400,0.0060055301329671185,115.4999984741211,106.29399871826172,6.722849468604798,0
2024-01-29,113.22859191894533,116.9800033569336,117.87000274658205,115.76000213623048,117.16999816894533,10042200,-0.0023878455926650277,116.28999938964844,106.90799903869629,7.11872002169332,0
2024-01-30,112.3380889892578,116.05999755859376,118.01000213623048,115.55999755859376,116.36000061035156,11030800,-0.007864641579233611,116.67599945068359,107.51099891662598,7.365916392202273,0
2024-01-31,109.33749389648438,112.95999908447266,114.73999786376952,112.87999725341795,113.5,12853900,-0.026710309661656217,115.96399993896485,108.08249893188477,7.320715943126601,1
2024-02-01,109.75371551513672,113.38999938964844,114.02999877929688,112.61000061035156,113.8000030517578,8807600,0.0038066599562756043,115.33000030517579,108.74349899291992,7.163828099155995,1
2024-02-02,112.0380401611328,115.75,115.95999908447266,113.91999816894533,114.86000061035156,10044000,0.020813128345135157,115.02799987792969,109.57449913024902,6.950761577935809,1
2024-02-05,114.98054504394533,118.79000091552734,119.54000091552734,116.58000183105467,117.12999725341795,13267600,0.026263506829609984,115.38999938964844,110.53349914550782,6.825606838527684,1
2024-02-06,115.55162048339844,119.37999725341795,120.98999786376952,118.27999877929688,120.12000274658205,11503800,0.004966717176053903,116.05399932861329,111.39049911499023,6.805487924339028,1
2024-02-07,120.97205352783205,124.9800033569336,125.0,120.0,120.01000213623048,18172500,0.0469090821942979,118.45800018310547,112.5449993133545,7.062638422409748,1
2024-02-08,129.4414520263672,133.72999572753906,134.75,126.11000061035156,127.0,33367000,0.07001113886688048,122.5259994506836,114.19149894714356,7.961672276174816,0
2024-02-09,128.84132385253906,133.11000061035156,135.1699981689453,130.58999633789062,134.5,16984200,-0.004636170918981275,125.99799957275391,115.78599891662597,8.407946216749083,0
2024-02-12,126.27629089355467,130.4600067138672,133.50999450683594,130.25999450683594,133.27000427246094,14203800,-0.019908300535897427,128.33200073242188,117.24699935913085,8.285140612582312,0
2024-02-13,123.45962524414062,127.5500030517578,129.9199981689453,126.4800033569336,127.93000030517578,14494000,-0.0223057144898956,129.96600189208985,118.54099960327149,7.726399484234044,1
2024-02-14,125.1244659423828,129.27000427246094,130.7899932861328,127.95999908447266,129.6300048828125,13069700,0.013484917127012386,130.82400207519532,119.85699996948242,7.151160262629724,0
2024-02-15,124.89215850830078,129.02999877929688,131.1300048828125,128.35000610351562,130.8000030517578,12554000,-0.0018566216850910422,129.88400268554688,120.65699996948243,7.241614863698101,0
2024-02-16,122.62720489501952,126.69000244140624,128.63999938964844,125.80999755859376,127.12999725341795,13104400,-0.018135289157780732,128.60000305175782,121.28150024414063,7.193867819182414,0
2024-02-20,121.31082153320312,125.33000183105467,127.05999755859376,124.1500015258789,126.88999938964844,12038800,-0.010734869241008638,127.57400207519531,121.89650039672851,6.973715821111363,1
2024-02-21,121.32049560546876,125.33999633789062,125.37999725341795,122.91000366210938,124.43000030517578,11469700,7.974552533251966e-05,127.13200073242187,122.45700035095214,6.763981325127547,1
2024-02-22,124.93089294433594,129.07000732421875,131.47999572753906,129.0,129.69000244140625,17014100,0.029759143891091133,127.09200134277344,123.08450088500976,6.766349142954957,1
2024-02-23,125.3761215209961,129.52999877929688,131.00999450683594,127.7300033569336,130.5,10123300,0.0035638911364019865,127.19200134277344,123.73300094604492,6.729551430380424,1
2024-02-26,126.45054626464844,130.63999938964844,131.22999572753906,128.55999755859375,130.02000427246094,9526700,0.008569448164998938,127.98200073242188,124.40200080871583,6.717244438997344,0
2024-02-27,124.4662628173828,128.58999633789062,131.97000122070312,128.58999633789062,130.77000427246094,8851800,-0.0156920013880546,128.63399963378907,124.98250045776368,6.541445791175253,0
2024-02-28,123.29507446289062,127.37999725341795,128.5800018310547,126.6500015258789,128.5,6519100,-0.009409745072961995,129.04199981689453,125.54850044250489,6.210134166631599,1
2024-02-29,124.54371643066406,128.6699981689453,129.19000244140625,127.1500015258789,128.02999877929688,9369900,0.010127185926695814,128.96199798583984,126.33400039672851,5.485304477645228,1
2024-03-01,129.60595703125,133.89999389648438,136.64999389648438,130.10000610351562,130.1300048828125,24393000,0.040646582746290294,129.83599700927735,127.35950012207032,4.814161351627378,1
2024-03-04,133.82615661621094,138.25999450683594,141.99000549316406,137.67999267578125,139.94000244140625,26544600,0.03256161918664602,131.35999603271483,128.4849998474121,4.582875062800955,0
2024-03-05,130.64166259765625,134.97000122070312,137.42999267578125,133.72999572753906,137.1199951171875,13694700,-0.02379569952876104,132.63599700927733,129.2939998626709,4.192880877543795,1
2024-03-06,137.030029296875,141.57000732421875,144.0,138.61000061035156,138.8000030517578,22292700,0.04889980028023633,135.4739990234375,130.40350036621095,4.363833630414306,1
2024-03-07,144.41531372070312,149.1999969482422,151.60000610351562,144.14999389648438,144.89999389648438,34675700,0.05389552326962521,139.5799987792969,131.61450004577637,5.877617645715411,0
2024-03-08,141.67611694335938,146.3699951171875,158.39999389648438,144.92999267578125,153.89999389648438,43856900,-0.018967841078685987,142.0739990234375,132.2465000152588,6.734210492503895,0
2024-03-11,134.56178283691406,139.02000427246094,144.39999389648438,138.92999267578125,143.6199951171875,29227100,-0.05021514716074138,142.2260009765625,132.54200019836426,6.901679992543169,1
2024-03-12,139.76925659179688,144.39999389648438,146.6999969482422,140.57000732421875,144.52000427246094,21218500,0.03869939187657745,144.11199951171875,133.2389995574951,7.368466609076858,0
2024-03-13,137.5817413330078,142.13999938964844,143.22999572753906,141.3699951171875,143.0500030517578,12923100,-0.015650932149318897,144.2259979248047,133.96849937438964,7.496706014627349,0
2024-03-14,135.1425323486328,139.6199951171875,143.10000610351562,139.02000427246094,142.61000061035156,14961900,-0.017729029712128086,142.30999755859375,134.485998916626,7.512511853774564,0
2024-03-15,132.58721923828125,136.97999572753906,137.6999969482422,134.6300048828125,135.44000244140625,22751200,-0.018908462125590275,140.43199768066407,134.88349876403808,7.418365590774726,0
2024-03-18,132.79519653320312,136.63999938964844,141.5399932861328,136.61000061035156,140.17999267578125,14732900,-0.0024820875200411985,139.95599670410155,135.3809986114502,7.169425592585222,0
2024-03-19,131.0749969482422,134.8699951171875,136.27000427246094,133.02999877929688,135.3000030517578,17341100,-0.01295377839847256,138.04999694824218,135.85799827575684,6.771848142052415,1
2024-03-20,132.90208435058594,136.75,137.30999755859375,135.00999450683594,136.52999877929688,12750200,0.013939385711247088,136.9719970703125,136.4284984588623,6.303543327091943,1
2024-03-21,135.526123046875,139.4499969482422,142.60000610351562,139.0399932861328,142.5500030517578,17809400,0.019744036184586422,136.93799743652343,136.94749794006347,6.089479120265911,1
2024-03-22,136.58543395996094,140.5399932861328,141.33999633789062,139.11000061035156,139.39999389648438,9944100,0.007816395566470957,137.64999694824218,137.49799766540528,5.877607341814407,0
2024-03-25,136.28419494628906,140.22999572753906,141.67999267578125,139.25999450683594,140.16000366210938,9922200,-0.0022057604482917936,138.3679962158203,137.9774974822998,5.676416423282161,0
2024-03-26,134.93328857421875,138.83999633789062,140.9600067138672,138.63999938964844,140.61000061035156,10786400,-0.009912282906641035,139.16199645996093,138.4899974822998,5.229360262469727,0
2024-03-27,132.84381103515625,136.69000244140625,139.27999877929688,135.14999389648438,138.86000061035156,13842800,-0.015485407326373046,139.14999694824218,138.95549774169922,4.559847836627412,0
2024-03-28,132.2218017578125,136.0500030517578,136.8000030517578,135.44000244140625,135.67999267578125,10019400,-0.004682122892804674,138.46999816894532,139.32449798583986,3.940205764726914,1
2024-04-01,137.5087432861328,141.49000549316406,142.9600067138672,137.0500030517578,137.2899932861328,14222700,0.03998531657023707,138.66000061035157,139.70399856567383,3.7512311820767397,0
2024-04-02,136.2744598388672,140.22000122070312,141.0399932861328,139.35000610351562,140.3800048828125,9869200,-0.008975929204570576,138.6580017089844,139.8019989013672,3.737097113989953,1
2024-04-03,138.00437927246094,142.0,142.92999267578125,138.38999938964844,138.5800018310547,9707500,0.01269432865355058,139.29000244140624,140.15349884033202,3.586260074009443,0
2024-04-04,135.730224609375,139.66000366210938,146.75,139.42999267578125,144.0,15759500,-0.016478847449933998,139.88400268554688,140.05799865722656,3.5719565665774002,1
2024-04-05,137.3823699951172,141.36000061035156,142.0,138.9199981689453,140.0,8263600,0.012172396560687027,140.9460021972656,139.66599884033204,2.878819200195729,1
2024-04-08,138.77215576171875,142.7899932861328,146.0,142.75999450683594,145.24000549316406,16307400,0.010115963989862475,141.20599975585938,139.48699874877929,2.5302314677003577,1
2024-04-09,141.30870056152344,145.39999389648438,148.1699981689453,142.9499969482422,146.25999450683594,18443400,0.018278596071655162,142.24199829101562,139.80599822998047,2.8502037666622657,1
2024-04-10,142.1056365966797,146.22000122070312,148.42999267578125,145.25999450683594,146.6300048828125,18861300,0.005639665465203114,143.08599853515625,139.8969985961914,3.0281015901625246,1
2024-04-11,143.0580596923828,147.1999969482422,147.55999755859375,144.1300048828125,147.1999969482422,11818800,0.00670220024181134,144.5939971923828,140.1499984741211,3.412370214786733,0
2024-04-12,138.50973510742188,142.52000427246094,146.50999450683594,142.14999389648438,145.0,12024000,-0.03179342916309169,144.82599792480468,140.29499893188478,3.450069873001653,0
2024-04-15,136.19671630859375,140.13999938964844,145.47999572753906,139.8800048828125,145.02000427246094,13458800,-0.0166994443689642,144.2959991455078,140.45299911499023,3.36148587054283,0
2024-04-16,135.8662872314453,139.8000030517578,140.5399932861328,137.05999755859375,137.88999938964844,14218200,-0.002426119162062257,143.1760009765625,140.6109992980957,3.2450797873187995,0
2024-04-17,135.117919921875,139.02999877929688,142.57000732421875,137.36000061035156,141.1300048828125,18823200,-0.005507898824407498,141.73800048828124,140.81899948120116,2.980246067260692,0
2024-04-18,128.54818725585938,132.27000427246094,135.1300048828125,130.3000030517578,132.88999938964844,39306100,-0.04862256035524459,138.752001953125,140.59499969482422,3.4357295250916535,0
2024-04-19,124.10674285888672,127.6999969482422,131.5500030517578,126.63999938964844,129.3699951171875,28284000,-0.03455059481819511,135.78800048828126,140.00749969482422,4.485927995097691,1
2024-04-22,126.09906005859376,129.75,130.66000366210938,125.77999877929688,126.75,18556800,0.016053274085736202,133.71000061035156,139.46800003051757,5.033879964148292,1
2024-04-23,129.67552185058594,133.42999267578125,133.7100067138672,130.66000366210938,131.36000061035156,12573800,0.02836217861873802,132.43599853515624,139.12799987792968,5.2063923041725415,0
2024-04-24,129.22848510742188,132.97000122070312,136.2899932861328,131.5399932861328,136.08999633789062,15558000,-0.0034474367108439097,131.2239990234375,138.83450012207032,5.385844286858955,1
2024-04-25,132.73687744140625,136.5800018310547,137.83999633789062,128.86000061035156,130.0,18034300,0.02714898531406118,132.08599853515625,138.82900009155273,5.388205160585474,1
2024-04-26,134.40850830078125,138.3000030517578,138.74000549316406,135.9499969482422,136.80999755859375,9453400,0.012593360650490437,134.20599975585938,138.94150009155274,5.350485617505648,1
2024-04-29,134.6028594970703,138.5,138.64999389648438,135.91000366210938,138.0,9997100,0.001446109499848136,135.95599975585938,138.79199981689453,5.317197849411321,0
2024-04-30,133.47549438476562,137.33999633789062,139.6999969482422,137.25999450683594,137.94000244140625,10980600,-0.00837547770476088,136.73800048828124,138.64799957275392,5.315487159500171,0
2024-05-01,131.1430206298828,134.94000244140625,139.42999267578125,133.2100067138672,137.4199981689453,12561800,-0.017474835885242013,137.1320007324219,138.2949996948242,5.315591904947236,1
2024-05-02,132.39675903320312,136.22999572753906,136.74000549316406,133.22000122070312,135.60000610351562,9261900,0.0095597544300694,137.06199951171874,138.1234992980957,5.3245587241499726,1
2024-05-03,137.57675170898438,141.55999755859375,142.11000061035156,138.75999450683594,138.89999389648438,13264300,0.03912502384360872,137.71399841308593,138.1334991455078,5.331140719952201,1
2024-05-06,138.81101989746094,142.8300018310547,142.8300018310547,139.80999755859375,140.47000122070312,8601600,0.008971491200649773,138.5799987792969,138.1354995727539,5.332987145080127,0
2024-05-07,137.139404296875,141.11000061035156,142.2899932861328,140.50999450683594,141.8699951171875,8682900,-0.012042296426892252,139.33399963378906,137.92099990844727,5.106903802055927,1
2024-05-08,139.55934143066406,143.60000610351562,144.25999450683594,140.8000030517578,141.11000061035156,10202300,0.017645847086626754,141.06600036621094,137.79000015258788,4.912729610478159,0
2024-05-09,138.77215576171875,142.7899932861328,143.35000610351562,141.1300048828125,142.94000244140625,8012700,-0.005640757541464869,142.37799987792968,137.56949996948242,4.554019724167295,1
2024-05-10,145.06007385253906,149.25999450683594,150.5,146.92999267578125,147.22000122070312,23671400,0.045311306988705224,143.91799926757812,137.90649948120117,5.150021019732781,0
2024-05-13,142.29031372070312,146.41000366210938,148.44000244140625,146.3000030517578,148.02000427246094,8278700,-0.019094137408641187,144.63399963378907,138.21999969482422,5.473798966584047,1
2024-05-14,147.6743927001953,151.9499969482422,152.00999450683594,146.25,146.49000549316406,12316500,0.03783889862415557,146.8019989013672,138.82749938964844,6.274100161070143,1
2024-05-15,151.20225524902344,155.5800018310547,156.0,152.72999572753906,153.36000061035156,14027100,0.0238894699290384,149.197998046875,139.65499954223634,7.308367683644769,0
2024-05-16,147.94654846191406,152.22999572753906,155.05999755859375,152.2100067138672,154.10000610351562,13394100,-0.021532369611059754,151.08599853515625,140.65299911499022,7.60368621396696,0
2024-05-17,147.41200256347656,151.67999267578125,154.0,150.83999633789062,154.0,7711200,-0.0036129742310589963,151.56999816894532,141.85199890136718,7.339751712680959,1
2024-05-20,149.22940063476562,153.5500030517578,154.24000549316406,150.82000732421875,151.6699981689453,9261200,0.012328655500226438,152.997998046875,143.04199905395507,7.202448652707724,1
2024-05-21,149.3459930419922,153.6699981689453,153.99000549316406,151.9499969482422,152.3000030517578,7919400,0.0007814725809354162,153.3419982910156,144.0539993286133,7.20274389513412,1
2024-05-22,151.7562255859375,156.14999389648438,157.22999572753906,154.5399932861328,155.8800048828125,13455200,0.016138450947416283,153.45599670410155,145.21299896240234,7.190283429983054,1
2024-05-23,152.66976928710938,157.08999633789062,160.77999877929688,155.8699951171875,159.17999267578125,20873000,0.006019868576039755,154.42799682617186,146.23849868774414,7.354929509556164,1
2024-05-24,155.4978790283203,160.0,160.66000366210938,156.7100067138672,157.1999969482422,11908200,0.018524436501036856,156.0919982910156,147.32349853515626,7.714031936901596,0
2024-05-28,154.9244842529297,159.41000366210938,160.3800048828125,157.60000610351562,159.67999267578125,13964400,-0.003687477111816384,157.26399841308594,148.3689987182617,7.870623438403229,0
2024-05-29,149.9971466064453,154.33999633789062,156.8800048828125,153.2100067138672,156.75,15780000,-0.031804825341860576,157.397998046875,149.21899871826173,7.527323813040915,0
2024-05-30,148.65599060058594,152.9600067138672,154.0500030517578,151.88999938964844,153.58999633789062,9687800,-0.008941231416141004,156.76000061035157,150.11999893188477,6.768428451626043,0
2024-05-31,146.79000854492188,151.0399932861328,152.5,147.80999755859375,151.47999572753906,13782600,-0.012552388490189026,155.55,150.86049880981446,5.926604821976702,1
2024-06-03,150.58998107910156,154.9499969482422,157.14999389648438,152.4600067138672,155.1199951171875,12924400,0.02588720760005736,154.53999938964844,151.52999877929688,5.566007342124899,0
2024-06-04,148.17974853515625,152.47000122070312,153.7899932861328,150.99000549316406,153.39999389648438,10066700,-0.016005135697856443,153.1519989013672,152.0119987487793,5.176747074522569,1
2024-06-05,158.33570861816406,162.9199981689453,163.72999572753906,157.9499969482422,158.58999633789062,23192600,0.06853805249936107,154.8679992675781,153.10249862670898,5.055078652429635,0
2024-06-06,157.5096435546875,162.07000732421875,164.6999969482422,160.36000061035156,164.52000427246094,14819100,-0.00521722842057204,156.68999938964845,154.02599868774413,4.912842377487339,1
2024-06-07,159.76437377929688,164.38999938964844,166.1199951171875,161.9600067138672,163.57000732421875,14023300,0.014314752641360506,159.36000061035156,155.10599899291992,4.681548688173882,1
2024-06-10,163.42828369140625,168.16000366210938,169.83999633789062,162.4199981689453,164.0,12418900,0.022933294521919168,162.002001953125,156.0509994506836,5.305368762536893,0
2024-06-11,161.04721069335938,165.7100067138672,168.41000366210938,163.7899932861328,168.17999267578125,11508600,-0.014569439194144329,164.6500030517578,157.0159996032715,5.213923323526079,1
2024-06-12,168.1126708984375,172.97999572753906,176.05999755859375,171.5399932861328,173.36000061035156,20309500,0.043871756195297484,166.66200256347656,158.06749954223633,6.1711837940142535,0
2024-06-13,168.5747833251953,172.91000366210938,174.07000732421875,170.50999450683594,172.9499969482422,15591800,-0.00040462520036088634,168.8300018310547,158.93399963378906,6.968661105574819,0
2024-06-14,168.18478393554688,172.50999450683594,173.63999938964844,170.36000061035156,172.0,9192500,-0.002313395100350113,170.4540008544922,159.9479995727539,7.4037066299190455,1
2024-06-17,172.7962188720703,177.24000549316406,178.6699981689453,173.47999572753906,177.83999633789062,18593700,0.027418764923447414,172.27000122070314,161.22600021362305,8.076836220484607,1
2024-06-18,175.18479919433594,179.69000244140625,184.86000061035156,178.99000549316406,180.02000427246094,27155100,0.013823047124294385,175.06600036621094,162.53300018310546,8.847550510711354,0
2024-06-20,170.9828338623047,175.3800048828125,183.1699981689453,173.5,182.5800018310547,28403200,-0.023985739329037914,175.54600219726564,163.61850051879884,9.032777611587884,0
2024-06-21,169.59848022460938,173.9600067138672,177.47999572753906,172.2100067138672,172.7100067138672,20175600,-0.008096693633314334,175.7560028076172,164.50900115966797,9.135064565251552,0
2024-06-24,163.60263061523438,167.80999755859375,171.4199981689453,167.1199951171875,170.42999267578125,19741700,-0.03535300596641788,174.81600341796874,165.0450012207031,8.990192641769921,1
2024-06-25,168.2725372314453,172.60000610351562,172.63999938964844,169.00999450683594,169.9499969482422,13346800,0.02854423821351504,173.88800354003905,165.6750015258789,9.05926616279399,0
2024-06-26,167.75582885742188,172.07000732421875,173.69000244140625,170.1999969482422,172.1199951171875,11901500,-0.0030706764806196496,172.36400451660157,166.30800170898436,9.040749506219836,0
2024-06-27,167.32687377929688,171.6300048828125,175.47999572753906,171.14999389648438,173.7899932861328,10864600,-0.0025571129347207178,171.61400451660157,167.17250213623046,8.654512745856325,1
2024-06-28,169.45220947265625,173.80999755859375,176.82000732421875,172.80999755859375,172.80999755859375,11216100,0.012701699083850437,171.58400268554686,168.2150016784668,8.089748027874661,0
2024-07-01,168.00929260253906,172.3300018310547,175.3000030517578,170.4499969482422,174.24000549316406,10717000,-0.008515020702650533,172.48800354003907,169.27950210571288,7.043943011076024,1
2024-07-02,171.29481506347656,175.6999969482422,176.7100067138672,171.02999877929688,171.1300048828125,10655500,0.01955547543306646,173.10800170898438,170.3170021057129,6.3124165057007104,1
2024-07-03,177.91458129882812,182.4900054931641,182.4900054931641,177.8800048828125,177.99000549316406,11808700,0.038645467631522434,175.19200134277344,171.81800231933593,5.339485381978308,1
2024-07-05,179.37698364257812,183.9900054931641,185.0800018310547,182.3000030517578,184.13999938964844,11372900,0.008219628225372588,177.66400146484375,172.8715026855469,5.565296141522325,1
2024-07-08,181.95079040527344,186.6300048828125,192.8000030517578,185.1300048828125,190.0,22582400,0.014348602156797563,180.2280029296875,174.09950256347656,5.762594026548724,0
2024-07-09,179.89369201660156,184.52000427246097,188.44000244140625,182.5,188.08999633789065,19935200,-0.011305795183772505,182.66600341796874,175.1060028076172,5.735365163140519,1
2024-07-10,186.25997924804688,191.0500030517578,191.4199981689453,186.6999969482422,188.27999877929688,19293500,0.03538911027584146,185.7360046386719,176.2505027770996,6.508134560078223,0
2024-07-11,179.87417602539062,184.5,193.47000122070312,183.0099945068359,193.08999633789065,21584200,-0.034284234216857556,186.13800354003905,177.19000244140625,6.257876924226582,1
2024-07-12,182.6527404785156,187.3500061035156,190.3800048828125,182.75,183.07000732421875,19220300,0.015447187552930064,186.81000366210938,177.90850296020508,6.566406156176451,0
2024-07-15,180.5761260986328,185.22000122070312,190.05999755859375,184.0800018310547,188.67999267578125,15683100,-0.01136912096835263,186.5280029296875,178.52400283813478,6.649623321089388,1
2024-07-16,181.3755645751953,186.0399932861328,189.58999633789065,185.02000427246097,188.27000427246097,16663300,0.004427124824670559,186.83200073242188,179.20050277709962,6.693677648553769,0
2024-07-17,166.9076690673828,171.1999969482422,176.5800018310547,170.50999450683594,175.22000122070312,45052600,-0.07976777506687205,182.86199951171875,178.89850234985352,6.91923918676014,1
2024-07-18,167.56085205078125,171.8699951171875,178.69000244140625,164.50999450683594,175.5,52903600,0.003913540776217861,180.33599853515625,178.50750198364258,7.09097782339426,0
2024-07-19,161.61376953125,165.77000427246094,170.52000427246094,165.22000122070312,169.1699981689453,22585300,-0.035491889323481685,176.0199981689453,178.027001953125,7.619926673171241,1
2024-07-22,165.10401916503906,169.35000610351562,170.8800048828125,166.17999267578125,166.61000061035156,21037200,0.021596197977835407,172.84599914550782,177.79650192260743,7.816613780923179,1
2024-07-23,165.562255859375,169.82000732421875,171.5399932861328,167.97000122070312,169.4199981689453,11690700,0.0027753244981629788,169.602001953125,177.89700241088866,7.693407152624454,0
2024-07-24,155.79347229003906,159.8000030517578,165.4499969482422,159.58999633789062,165.08999633789062,19536600,-0.05900367353848268,167.32200317382814,177.2570022583008,8.632353374073908,1
2024-07-25,156.26144409179688,160.27999877929688,163.39999389648438,152.11000061035156,158.16000366210938,25731800,0.0030037278997021577,165.00400390625,176.6675018310547,9.37577080712854,1
2024-07-26,157.8798065185547,161.94000244140625,164.58999633789062,159.19000244140625,164.3000030517578,13089200,0.010356898395009084,164.23800354003907,176.18300170898436,9.886259847653244,0
2024-07-29,155.99819946289062,160.00999450683594,163.22999572753906,158.6300048828125,162.67999267578125,12663100,-0.011918043136183276,162.37000122070313,175.49300155639648,10.521750781826945,0
2024-07-30,150.6653289794922,154.5399932861328,161.14999389648438,152.5500030517578,160.44000244140625,22018000,-0.034185372217292564,159.31399841308593,174.6035011291504,11.508892028826299,1
2024-07-31,161.6430206298828,165.8000030517578,166.64999389648438,162.07000732421875,163.77000427246094,19860400,0.07286146146503936,160.51399841308594,174.10850143432617,11.671007939722614,0
2024-08-01,154.2140655517578,158.17999267578125,167.6699981689453,156.83999633789062,163.47999572753906,21095600,-0.04595904846634913,160.0939971923828,172.89300079345702,12.013052211034898,0
2024-08-02,146.10267639160156,149.86000061035156,153.86000061035156,146.88999938964844,151.25,31095300,-0.05259825800145934,157.67799682617186,171.1865005493164,12.754953150464903,0
2024-08-05,144.24058532714844,147.9499969482422,150.0,133.57000732421875,133.86000061035156,31193100,-0.012745253265249445,155.26599731445313,169.25250015258788,13.214254445292342,1
2024-08-06,151.49403381347656,155.38999938964844,157.7100067138672,147.72000122070312,150.44000244140625,24528100,0.050287276748028686,155.43599853515624,167.79599990844727,13.04719828057907,0
2024-08-07,151.15277099609375,155.0399932861328,162.64999389648438,154.52000427246094,161.5500030517578,22379000,-0.0022524364816938203,153.28399658203125,165.99549942016603,12.121076205205494,1
2024-08-08,160.42434692382812,164.5500030517578,164.75,155.5399932861328,159.27000427246094,18889600,0.061339074931936244,154.55799865722656,164.9979995727539,11.31199195592154,1
2024-08-09,162.92991638183594,167.1199951171875,167.8000030517578,163.24000549316406,166.32000732421875,20519400,0.01561830457469715,158.00999755859374,163.9864990234375,10.041204792778588,1
2024-08-12,163.42713928222656,167.6300048828125,169.52999877929688,165.5399932861328,166.0,14727300,0.0030517579016644536,161.9459991455078,163.10699920654298,8.773864301817792,1
2024-08-13,168.01905822753906,172.33999633789062,172.4499969482422,166.33999633789062,168.0,15243500,0.02809754410238674,165.33599853515625,162.42199935913087,7.300233318915294,0
2024-08-14,165.70848083496094,169.97000122070312,172.50999450683594,167.19000244140625,171.8800048828125,11510300,-0.013751857766904463,168.3220001220703,162.3604995727539,7.227207984068861,1
2024-08-15,169.59848022460938,173.9600067138672,175.44000244140625,170.82000732421875,172.42999267578125,15393500,0.02347476298469342,170.2040008544922,162.4650001525879,7.385326214646702,1
2024-08-16,170.1638946533203,174.5399932861328,175.0,172.25,173.38999938964844,10710000,0.003334022475749876,171.68800048828126,162.90349960327148,7.838349028019367,1
2024-08-19,171.0510711669922,175.4499969482422,175.4499969482422,171.10000610351562,174.75999450683594,11511000,0.005213725776977318,173.2519989013672,163.2084991455078,8.21215802578992,0
2024-08-20,167.72657775878906,172.0399932861328,175.39999389648438,169.85000610351562,175.39999389648438,13555500,-0.019435757887846128,173.19199829101564,163.31949844360352,8.320513903807257,0
2024-08-21,167.1416473388672,171.44000244140625,173.0800018310547,169.91000366210938,170.36000061035156,9434800,-0.0034875079524600006,173.48599853515626,163.90149841308593,8.467179170249718,0
2024-08-22,162.26698303222656,166.44000244140625,173.27999877929688,166.05999755859375,172.0,13546100,-0.02916472193652042,171.98199768066405,164.2094985961914,8.440506344781094,1
2024-08-23,166.9856414794922,171.27999877929688,173.2899932861328,167.9199981689453,169.0,12189100,0.029079525756402935,171.3299987792969,164.67649841308594,8.565783779029545,0
2024-08-26,164.83106994628906,169.07000732421875,171.0500030517578,167.82000732421875,170.3800048828125,9611300,-0.012902799339260973,170.0540008544922,165.12949905395507,8.54555240881794,1
2024-08-27,166.27394104003906,170.5500030517578,170.5800018310547,165.0399932861328,166.4199981689453,9186000,0.008753744977965994,169.7560028076172,165.92999954223632,8.245991255768221,0
2024-08-28,164.95779418945312,169.1999969482422,172.47000122070312,166.1999969482422,171.32000732421875,10581400,-0.007915602927933918,169.30800170898436,166.09999923706056,8.27815466989968,0
2024-08-29,164.90904235839844,169.14999389648438,175.4199981689453,167.50999450683594,168.64999389648438,13213200,-0.00029552631595564094,169.85,166.64849929809571,8.086987491902466,1
2024-08-30,167.3950958251953,171.6999969482422,172.22999572753906,168.75,170.05999755859375,9481400,0.01507539547011949,169.93399963378906,167.74049911499023,7.1170759648839566,0
2024-09-03,156.4661865234375,160.49000549316406,168.67999267578125,159.8000030517578,168.0,18464400,-0.06528824492907415,168.21799926757814,168.36749954223632,5.691386504559683,1
2024-09-04,156.83663940429688,160.8699951171875,163.8800048828125,158.9499969482422,159.3000030517578,11317400,0.0023676840364967866,166.28199768066406,168.6414993286133,5.138816530127464,1
2024-09-05,159.59568786621094,163.6999969482422,164.58999633789062,161.0500030517578,161.5399932861328,10260600,0.01759185626252524,165.18199768066407,169.07449951171876,4.214067713942186,0
2024-09-06,152.88818359375,156.82000732421875,165.41000366210938,156.00999450683594,164.88999938964844,14964400,-0.04202803758266849,162.71600036621095,168.6879997253418,4.942420225994219,1
2024-09-09,158.69874572753906,162.77999877929688,163.10000610351562,160.25,160.75999450683594,10339000,0.03800530019588688,160.93200073242187,168.47099990844725,5.107408934359073,0
2024-09-10,158.35752868652344,162.42999267578125,162.88999938964844,157.69000244140625,162.88999938964844,11910800,-0.0021501788066122796,161.31999816894532,168.21099929809571,5.281852664583371,1
2024-09-11,165.9619598388672,170.22999572753906,170.3800048828125,161.4199981689453,163.8000030517578,15059500,0.04802070678736681,163.19199829101564,168.10549926757812,5.215697504626869,1
2024-09-12,167.7487335205078,171.42999267578125,172.14999389648438,169.0,170.60000610351562,13399900,0.007049268509427886,164.73799743652344,168.17849884033203,5.253248713496411,1
2024-09-13,168.79576110839844,172.5,174.77000427246094,171.4499969482422,172.24000549316406,8787800,0.006241657644134646,167.87399597167968,168.10549850463866,5.178288565439245,0
2024-09-16,165.44920349121094,169.0800018310547,170.55999755859375,166.77000427246094,169.91000366210938,12194300,-0.019826076341711962,169.13399658203124,167.83249893188477,4.960555652120248,0
2024-09-17,163.75636291503906,167.35000610351562,170.24000549316406,166.36000061035156,169.35000610351562,8629100,-0.010231817534918641,170.1179992675781,167.42749938964843,4.6252235558707095,0
2024-09-18,163.6878662109375,167.27999877929688,171.60000610351562,167.0,168.4600067138672,9116000,-0.00041832878198666545,169.5279998779297,167.18949966430665,4.496050576798875,1
2024-09-19,172.43588256835938,176.22000122070312,177.77999877929688,172.6300048828125,174.3800048828125,15855000,0.05344334353565694,170.48600158691406,167.4284996032715,4.847222265212052,0
2024-09-20,170.3418426513672,174.0800018310547,176.02000427246094,173.64999389648438,174.8699951171875,18429800,-0.012143907472615623,170.802001953125,167.8104995727539,5.0615297551987375,1
2024-09-23,171.00723266601562,174.75999450683594,175.39999389648438,173.6999969482422,174.83999633789062,5794200,0.0039062078850458093,171.93800048828126,167.98449935913087,5.243618288598294,1
2024-09-24,178.06240844726562,181.97000122070312,182.77999877929688,177.0500030517578,179.5,14576100,0.04125662016763898,174.86199951171875,168.62949905395507,6.106556291247167,1
2024-09-25,178.4342498779297,182.3500061035156,183.82000732421875,181.2100067138672,181.52000427246097,8280900,0.0020882831250388367,177.8760009765625,169.21949920654296,6.829165547837449,1
2024-09-26,182.8180389404297,186.8300018310547,189.3300018310547,183.8000030517578,188.5,15103400,0.024568113943445047,179.9980010986328,170.1009994506836,7.88303010221821,0
2024-09-27,174.14830017089844,177.97000122070312,185.94000244140625,177.39999389648438,185.83999633789065,17908400,-0.04742279357446788,180.7760009765625,170.54199981689453,8.071484110221425,0
2024-09-30,169.94064331054688,173.6699981689453,176.82000732421875,171.92999267578125,174.27000427246094,13540200,-0.02416139249459981,180.55800170898436,170.6404998779297,8.098335209630651,0
2024-10-01,168.375,172.07000732421875,175.99000549316406,170.77999877929688,175.30999755859375,11850200,-0.009212822373442453,178.5780029296875,171.21949996948243,7.740473817085733,1
2024-10-02,172.02491760253906,175.8000030517578,176.97000122070312,170.7899932861328,172.9600067138672,11164400,0.02167719863294315,177.26800231933595,171.96600036621095,7.4023725368060616,1
2024-10-03,175.62588500976562,179.47999572753906,180.7899932861328,175.1199951171875,175.8000030517578,12555000,0.02093283624516107,175.79800109863282,172.75500030517577,7.315413288357294,1
2024-10-04,177.2698211669922,181.16000366210935,181.22999572753903,177.5500030517578,179.6999969482422,9993800,0.009360418846458218,176.43600158691407,173.9720001220703,6.504607553397136,1
2024-10-07,180.54786682128903,184.5099945068359,185.0,180.92999267578125,181.6000061035156,12054200,0.018491889915032145,178.60400085449217,175.05849990844726,6.349750367788121,1
2024-10-08,182.0548095703125,186.0500030517578,186.5399932861328,182.02999877929688,184.9600067138672,10394200,0.008346477647664052,181.39999999999998,176.2395004272461,6.067627503256133,1
2024-10-09,183.1213836669922,187.13999938964844,188.0,182.2599945068359,187.8000030517578,11925000,0.005858620370930101,183.6679992675781,177.08500061035156,6.357404661404251,0
2024-10-10,181.7906036376953,185.77999877929688,187.0800018310547,184.3999938964844,185.86000061035156,6443800,-0.0072672898086307836,184.92799987792966,177.80250091552733,6.493896045751092,1
2024-10-11,186.71258544921875,190.80999755859375,191.4900054931641,188.0099945068359,188.1699981689453,12163900,0.027075028594829575,186.85799865722657,178.71800079345704,6.979513946422609,1
2024-10-14,188.08253479003903,192.2100067138672,194.25,190.5,190.61000061035156,11714400,0.007337189734219818,188.39800109863282,179.87450103759767,7.2109274792206834,0
2024-10-15,183.11160278320312,187.1300048828125,193.6199951171875,184.25,192.9600067138672,21812700,-0.026429434751630843,188.61400146484374,180.8635009765625,6.744077215210302,1
2024-10-16,183.45408630371097,187.47999572753903,190.0099945068359,186.66000366210935,189.77999877929688,18689200,0.0018703085320053159,188.68200073242187,181.8735008239746,6.082907239577539,1
2024-10-17,201.41981506347656,205.83999633789065,212.6000061035156,201.97000122070312,203.3500061035156,62274700,0.09793045140151291,192.69400024414062,183.354500579834,7.952480887774835,0
2024-10-18,196.468505859375,200.77999877929688,205.9499969482422,200.7599945068359,205.9499969482422,21030800,-0.02458218834345338,194.68800048828126,184.6895004272461,8.53347668317838,1
2024-10-21,197.6133575439453,201.9499969482422,203.44000244140625,199.66000366210935,200.80999755859375,14820000,0.005827264548553979,196.63599853515626,186.04900054931642,9.02029612781005,0
2024-10-22,194.21788024902344,198.47999572753903,200.1699981689453,197.11000061035156,199.07000732421875,11165100,-0.017182477212874026,198.90599670410157,186.8745002746582,9.375812981175773,1
2024-10-23,196.54676818847656,200.86000061035156,203.1300048828125,196.22999572753903,196.67999267578125,16535700,0.011991157466970437,201.58199768066407,187.8,9.809242927502838,0
2024-10-24,193.67970275878903,197.92999267578125,200.5,197.41000366210935,198.9600067138672,9935800,-0.014587314177371913,199.9999969482422,188.35499954223633,10.062224967749694,1
2024-10-25,199.0713806152344,203.44000244140625,205.1999969482422,200.0,200.25,13434900,0.0278381749584089,200.53199768066406,189.62849960327148,10.28793910350494,0
2024-10-28,190.4994659423828,194.67999267578125,199.7400054931641,194.52000427246097,199.2599945068359,20135300,-0.04305942617233316,199.07799682617187,190.6789993286133,9.623887358039614,1
2024-10-29,192.71095275878903,196.94000244140625,198.7899932861328,193.6000061035156,194.38999938964844,13779100,0.01160884451741695,198.7699981689453,191.92249908447266,8.650356528785089,0
2024-10-30,190.3038024902344,194.47999572753903,195.4499969482422,192.61000061035156,194.3800048828125,10007800,-0.012491147980964956,197.4939971923828,192.85649871826172,7.782921579238107,0
2024-10-31,186.44837951660156,190.5399932861328,192.86000061035156,187.66000366210935,192.86000061035156,13062700,-0.020259165610667984,196.01599731445313,193.4094985961914,7.149614217488285,1
2024-11-01,188.80661010742188,192.9499969482422,198.1699981689453,192.5500030517578,194.1999969482422,12691200,0.012648282497261798,193.91799621582032,193.99899826049804,6.547130766740972,0
2024-11-04,187.4464569091797,191.55999755859375,194.36000061035156,190.6000061035156,193.6999969482422,10917300,-0.007203935794937055,193.29399719238282,194.35149841308595,6.189362305791524,1
2024-11-05,191.55628967285156,195.7599945068359,198.33999633789065,193.4900054931641,193.5800018310547,10339200,0.021925229702289384,193.05799560546876,194.83699798583984,5.876853564727611,0
2024-11-06,189.0708465576172,193.22000122070312,194.2599945068359,188.5,192.0399932861328,19834900,-0.0129750375838108,192.80599670410157,195.14099807739257,5.608890117432423,1
2024-11-07,196.86968994140625,201.19000244140625,202.0099945068359,196.25,196.30999755859375,14865200,0.041248324036596395,194.93599853515624,195.91149826049804,5.305518745076438,1
2024-11-08,196.8794708251953,201.1999969482422,206.61000061035156,200.02000427246097,203.88999938964844,13112100,4.967695568702801e-05,196.58599853515625,196.43099822998047,5.288355423030826,0
2024-11-11,189.88302612304688,194.0500030517578,198.1999969482422,191.4900054931641,197.9600067138672,16610000,-0.03553674952750463,197.08399963378906,196.522998046875,5.2267049490252635,0
2024-11-12,187.6519775390625,191.77000427246097,194.0,189.72000122070312,193.8300018310547,11819000,-0.011749542609843289,196.28600158691407,196.75499801635743,4.879261146514514,0
2024-11-13,182.65170288085935,186.66000366210935,192.47999572753903,186.5,192.44000244140625,13882200,-0.026646506213200527,194.9740020751953,196.71399841308593,4.9640084693255595,1
2024-11-14,184.45217895507812,188.5,192.66000366210935,187.5399932861328,188.3999938964844,11453900,0.009857475097993618,192.43600158691407,195.8469985961914,4.797687928597055,0
2024-11-15,182.0156707763672,186.0099945068359,188.8000030517578,184.80999755859375,188.17999267578125,9834800,-0.013209578213072115,189.3980010986328,195.10849838256837,5.124055173913891,1
2024-11-18,183.45408630371097,187.47999572753903,188.0,183.4900054931641,184.3500061035156,10681500,0.0079028077206309,188.08399963378906,194.3849983215332,5.128772246886708,1
2024-11-19,185.59706115722656,189.6699981689453,190.02000427246097,188.02000427246097,189.1300048828125,9390100,0.01168125928799868,187.66399841308592,193.94449844360352,5.136880121562918,0
2024-11-20,184.3152008056641,188.36000061035156,188.8500061035156,184.05999755859375,188.8500061035156,10624500,-0.0069067199411627644,188.00399780273438,193.31949844360352,5.010059124108283,1
2024-11-21,187.13336181640625,191.2400054931641,192.3000030517578,186.7400054931641,189.41000366210935,18137300,0.015289896334042874,188.5519989013672,192.98499908447266,4.908333373243137,0
2024-11-22,185.9982757568359,190.0800018310547,193.0,189.42999267578125,192.9499969482422,8838900,-0.0060656956117419725,189.36600036621093,192.31699905395507,4.279390183981547,0
2024-11-25,181.10565185546875,185.0800018310547,188.25,183.7100067138672,188.08999633789065,14380000,-0.02630471355131858,188.88600158691406,191.83699951171874,4.531369174548552,0
2024-11-26,179.89224243164062,183.83999633789065,185.8999938964844,182.3300018310547,185.3999938964844,10186600,-0.006699835103178509,187.72000122070312,191.18199920654297,4.698620952169369,0
2024-11-27,177.29917907714844,181.19000244140625,182.4499969482422,178.0500030517578,182.0,9895200,-0.014414675529115129,186.28600158691407,190.51749954223632,5.127817635807446,1
2024-11-29,180.6946258544922,184.66000366210935,186.9499969482422,181.17999267578125,181.5099945068359,8045300,0.019151173762057994,184.97000122070312,190.22350006103517,5.292381806522103,1
2024-12-02,190.22547912597656,194.3999938964844,195.2899932861328,188.94000244140625,189.33999633789065,16646900,0.052745532552881835,185.83399963378906,190.29599990844727,5.3414022870907,1
2024-12-03,194.6190643310547,198.88999938964844,199.0,192.6000061035156,193.5,11217700,0.023096736801107687,188.59599914550782,190.6625,5.673825777612797,1
2024-12-04,196.3804473876953,200.69000244140625,202.6000061035156,198.27000427246097,199.8500061035156,12761100,0.009050244141392882,191.96600036621095,190.90900039672852,6.004405339734477,1
2024-12-05,199.91290283203125,204.3000030517578,205.6300048828125,200.75,201.25,12483700,0.017987944423915936,196.58800048828124,191.46300048828124,6.6997434808026295,0
2024-12-06,198.6603851318359,203.02000427246097,203.19000244140625,199.92999267578125,202.0,9672900,-0.006265290064496831,200.2600006103516,191.55450057983398,6.850382300507235,0
2024-12-09,194.89305114746097,199.1699981689453,203.1300048828125,198.97999572753903,200.92999267578125,9699700,-0.01896367856612191,201.21400146484376,191.45300064086913,6.7136199905923375,0
2024-12-10,187.81834411621097,191.94000244140625,199.91000366210935,190.3699951171875,199.1000061035156,15307900,-0.036300626570304195,199.82400207519532,191.34750061035157,6.68718853002681,1
2024-12-11,190.42120361328125,194.6000061035156,196.0,193.2599945068359,194.6699981689453,9027600,0.013858516350292227,198.6060028076172,191.4890007019043,6.726425325013587,0
2024-12-12,187.94357299804688,191.4600067138672,195.4199981689453,191.2899932861328,194.6300048828125,7944900,-0.016135659255725354,196.03800354003906,191.7290008544922,6.629998738520357,1
2024-12-13,197.2985382080078,200.9900054931641,202.5399932861328,197.27000427246097,198.5099945068359,19477000,0.04977540188609342,195.6320037841797,192.3535011291504,6.8928663761933455,1
2024-12-16,198.5059509277344,202.22000122070312,205.5,200.8699951171875,203.1999969482422,15139300,0.00611968602379509,196.24200439453125,193.16400146484375,7.058738752061212,0
2024-12-17,196.97459411621097,200.66000366210935,202.3999938964844,197.47000122070312,201.0,11169400,-0.0077143583679993855,197.9860046386719,193.82300186157227,7.115167490313604,0
2024-12-18,191.96823120117188,195.55999755859375,205.2400054931641,193.9600067138672,203.0,14721100,-0.025416156734968887,198.1780029296875,194.11750183105468,7.055873513117289,0
2024-12-19,191.0651702880859,194.63999938964844,198.57000732421875,193.9499969482422,198.3999938964844,10553400,-0.004704429231083718,198.81400146484376,194.43150177001954,6.924684806765891,1
2024-12-20,193.5879669189453,197.2100067138672,198.0800018310547,191.97999572753903,192.6000061035156,16170100,0.013203901213922009,198.05800170898436,194.7300018310547,6.90852383233578,1
2024-12-23,203.55154418945312,207.36000061035156,208.0500030517578,200.91000366210935,201.0,17847000,0.05146794559573764,199.08600158691405,195.59400177001953,7.362031972690745,0
2024-12-24,202.5404510498047,206.3300018310547,207.1999969482422,204.5500030517578,205.9199981689453,7634500,-0.004967200888624346,200.22000122070312,196.65650177001953,7.2979094272750515,0
2024-12-26,199.33050537109375,203.05999755859375,208.16000366210935,202.88999938964844,205.5,8044900,-0.015848418763348082,201.72000122070312,197.61750183105468,6.76757626924845,0
2024-12-27,197.92677307128903,201.6300048828125,204.5,199.0500030517578,204.5,10664400,-0.007042217536561424,203.11800231933594,198.639501953125,5.598634430282906,0
2024-12-30,196.7095489501953,200.38999938964844,201.97000122070312,198.47999572753903,199.83999633789065,11235200,-0.006149905585157156,203.75400085449218,199.42600173950194,4.535333056431135,0
2024-12-31,193.86280822753903,197.4900054931641,201.77999877929688,197.36000061035156,200.7899932861328,6427900,-0.014471749614837104,201.78000183105468,199.58050231933595,4.405890738346864,1
2025-01-02,197.8777008056641,201.5800018310547,203.77000427246097,196.69000244140625,197.0,10951400,0.02070989024319081,200.8300018310547,199.71500244140626,4.424721157503249,1
2025-01-03,204.7785797119141,208.61000061035156,208.8000030517578,203.6999969482422,204.1000061035156,10261900,0.03487448514455682,201.94000244140625,200.11100234985352,4.850496653828442,1
2025-01-06,215.9691925048828,220.0099945068359,222.1999969482422,215.69000244140625,218.77000427246097,24339900,0.054647398797422087,205.61600036621093,200.89650192260743,6.541772689072411,0
2025-01-07,207.53697204589844,211.4199981689453,221.47999572753903,211.32000732421875,221.2400054931641,17010000,-0.039043664162373704,207.8220001220703,201.31650161743164,6.942651262640329,0
2025-01-08,203.31593322753903,207.1199951171875,210.3000030517578,205.9199981689453,209.97000122070312,13262700,-0.02033867698892744,209.747998046875,201.71400146484376,7.040187877695183,1
2025-01-10,204.54296875,208.3699951171875,209.97999572753903,203.22999572753903,207.6000061035156,17265200,0.006035148848341443,211.10599670410156,202.5355010986328,6.793939339918103,0
2025-01-13,197.66172790527344,201.36000061035156,203.58999633789065,200.0500030517578,200.52000427246097,16612400,-0.033642053419896234,209.65599670410157,202.8735008239746,6.541846945179958,1
2025-01-14,197.7500762939453,201.4499969482422,206.2599945068359,198.5,205.19000244140625,14182900,0.00044694247923038333,205.94399719238282,203.37300033569335,5.981937671760273,1
2025-01-15,203.00181579589844,206.8000030517578,209.0399932861328,199.3500061035156,202.4900054931641,18286500,0.02655748912664513,205.0199981689453,203.66350021362305,6.00116597215872,1
2025-01-16,210.84506225585935,214.7899932861328,221.9499969482422,213.1699981689453,218.88999938964844,38539600,0.03863631584364757,206.5539978027344,204.29199981689453,6.4810687520464985,0
2025-01-17,207.6154937744141,211.5,215.67999267578125,211.05999755859375,215.1699981689453,21606100,-0.015317255873042668,207.17999877929688,204.83399963378906,6.613261739021539,1
2025-01-21,214.68325805664065,218.6999969482422,220.1499938964844,212.0500030517578,214.4600067138672,19061300,0.0340425387623744,210.647998046875,205.9909996032715,6.922332943350686,1
2025-01-22,219.10060119628903,223.1999969482422,225.42999267578125,219.30999755859375,221.9499969482422,17294500,0.02057613197436381,214.997998046875,207.41899948120118,7.387670685304205,1
2025-01-23,220.49452209472656,224.6199951171875,224.6999969482422,219.41000366210935,220.1000061035156,8986800,0.006361999051794687,218.56199645996094,208.78949890136718,7.917539587482819,0
2025-01-24,217.8048553466797,221.8800048828125,226.3999938964844,220.9600067138672,226.22000122070312,13183800,-0.012198336274317434,219.97999877929686,209.51549911499023,8.42876523563152,0
2025-01-27,188.7779541015625,192.30999755859375,207.0,187.6699981689453,197.0399932861328,68667500,-0.13327026624069327,216.14199829101562,208.8144989013672,9.250580207753769,1
2025-01-28,198.68263244628903,202.3999938964844,202.83999633789065,192.4600067138672,195.6499938964844,31738800,0.05246735201489661,212.88199768066406,208.78149871826173,9.273338290450619,0
2025-01-29,198.61392211914065,202.3300018310547,206.4499969482422,199.75,204.4900054931641,15199500,-0.0003458106103773062,208.70799865722657,208.81649856567384,9.246207490398175,1
2025-01-30,204.3270263671875,208.1499938964844,209.6199951171875,205.4199981689453,206.57000732421875,13539000,0.028764849566350614,205.41399841308595,209.20449829101562,9.034385105711108,1
2025-01-31,205.47555541992188,209.32000732421875,215.0,208.1999969482422,209.92999267578125,15746900,0.005621011107577623,202.9019989013672,209.79599838256837,8.604064902821401,0
2025-02-03,196.13038635253903,199.8000030517578,204.9900054931641,197.97999572753903,199.6300048828125,17719800,-0.04548062267987252,204.4,209.7069984436035,8.702170412040546,1
2025-02-04,200.30230712890625,204.0500030517578,205.75,202.0800018310547,204.07000732421875,12692900,0.02127127094637249,204.7300018310547,209.47899856567383,8.791701055254114,1
2025-02-05,204.7393035888672,208.57000732421875,210.47999572753903,203.8300018310547,206.0,10997800,0.022151454079196498,205.9780029296875,208.90699920654296,8.435410530931083,1
2025-02-06,206.6338806152344,210.5,211.17999267578125,207.0,210.05999755859375,8491400,0.009253452596283962,206.44800415039063,208.8609992980957,8.4234854443517,0
2025-02-07,202.3343048095703,206.1199951171875,213.17999267578125,205.72000122070312,213.0099945068359,11616200,-0.020807624146377712,205.80800170898436,208.8109992980957,8.437320109442055,1
2025-02-10,204.13067626953125,207.9499969482422,209.97999572753903,206.52999877929688,208.0,9296500,0.00887833240057212,207.43800048828126,208.78999938964844,8.438998014825948,1
2025-02-11,204.9061737060547,208.7400054931641,209.83999633789065,201.0,205.1300048828125,9224500,0.0037990312888465105,208.3760009765625,209.15899963378905,8.25638973069154,0
2025-02-12,202.5895233154297,206.3800048828125,207.07000732421875,203.0099945068359,204.8999938964844,7373700,-0.011305933449488603,207.93800048828126,209.40550003051757,8.085953697697162,0
2025-02-13,198.1230926513672,201.8300018310547,202.3000030517578,199.22999572753903,201.8800048828125,15580900,-0.02204672421798526,206.2040008544922,209.15699996948243,8.245045752264605,1
2025-02-14,200.1550750732422,203.8999938964844,206.25,197.4600067138672,199.97999572753903,23220300,0.010256116764852719,205.76000061035157,208.6125,8.212989405404924,0
2025-02-18,199.0164031982422,202.7400054931641,205.8500061035156,200.52000427246097,204.7599945068359,14988100,-0.005689006562252352,204.71800231933597,208.17450027465821,8.284171224905219,0
2025-02-19,197.25926208496097,200.9499969482422,202.6000061035156,200.02000427246097,202.0099945068359,13163100,-0.008829084030888334,203.16000061035157,207.2870002746582,8.044535928766779,0
2025-02-20,196.4248809814453,200.1000061035156,200.33999633789065,197.61000061035156,200.27999877929688,10639300,-0.0042298624415780806,201.90400085449218,206.1320007324219,7.259569187980317,0
2025-02-21,194.5990447998047,198.2400054931641,202.69000244140625,196.0099945068359,201.3300018310547,13757300,-0.00929535509054058,201.18600158691407,204.8130012512207,6.013178557676696,0
2025-02-24,188.13006591796875,191.6499938964844,198.7899932861328,191.4600067138672,196.8800048828125,15114300,-0.033242591878897665,198.73600158691406,203.3015007019043,5.248044660492492,0
2025-02-25,185.89195251464844,189.3699951171875,193.52999877929688,187.47000122070312,190.6499938964844,20581000,-0.01189668067784233,196.06199951171874,203.15450057983398,5.601404937493559,1
2025-02-26,191.04551696777344,194.6199951171875,196.0800018310547,191.08999633789065,191.08999633789065,14112300,0.02772350496577425,194.7959991455078,202.76550064086913,5.917774707599566,0
2025-02-27,177.76400756835938,181.08999633789065,194.77000427246097,181.0800018310547,194.69000244140625,24219200,-0.06952008590458525,190.9939971923828,201.70350036621093,7.651838541421905,0
2025-02-28,177.2143096923828,180.52999877929688,182.16000366210935,175.52000427246094,179.30999755859375,27929400,-0.0030923715827400056,187.45199584960938,200.32250061035157,8.82901530039427,0
2025-03-03,169.79315185546875,172.97000122070312,181.57000732421875,171.07000732421875,181.1499938964844,37403000,-0.04187668315356308,183.71599731445312,198.50500030517577,10.4685409955273,1
2025-03-04,176.6940460205078,180.0,183.6000061035156,174.17999267578125,175.05999755859375,29395200,0.04064287870546335,181.8419982910156,197.5150001525879,11.246923928144927,1
2025-03-05,180.89544677734375,184.27999877929688,184.7400054931641,180.72000122070312,183.0,17334000,0.023777770996093794,179.7739990234375,196.52649993896483,11.508095558016402,0
2025-03-06,172.62026977539062,175.85000610351562,181.5500030517578,175.7899932861328,178.5800018310547,17864300,-0.04574556507284022,178.7260009765625,194.8904998779297,12.020225077301708,1
2025-03-07,173.84732055664062,177.10000610351562,178.47000122070312,171.02000427246094,175.7899932861328,21012700,0.007108330717169098,178.04000244140624,193.22050018310546,12.057532265489654,0
2025-03-10,167.51576232910156,170.64999389648438,174.88999938964844,167.91000366210938,172.47000122070312,18265100,-0.036420169309656525,177.5760009765625,191.4470001220703,12.654149179083134,1
2025-03-11,167.8299102783203,170.97000122070312,173.3300018310547,168.10000610351562,170.64999389648438,16561100,0.0018752261099572731,175.77000122070314,189.59800033569337,12.81652903387043,1
2025-03-12,173.91598510742188,177.1699981689453,178.1300048828125,174.75999450683594,175.60000610351562,14737600,0.03626365388065178,174.3480010986328,188.0194999694824,12.26722316910161,0
2025-03-13,168.43850708007812,171.58999633789062,173.88999938964844,170.5,173.88999938964844,14381600,-0.03149518478706381,173.49599914550782,186.27999954223634,11.990157664365706,1
2025-03-14,170.892578125,174.08999633789062,174.3699951171875,171.92999267578125,172.64999389648438,11449400,0.014569613924794611,172.8939971923828,184.89299926757812,11.697574978583939,1
2025-03-17,173.0030975341797,176.24000549316406,177.16000366210938,173.82000732421875,173.9499969482422,9678100,0.012349986791317269,174.01199951171876,183.5099998474121,10.942881982860513,0
2025-03-18,170.6123809814453,173.1300048828125,174.5800018310547,170.42999267578125,174.3800048828125,9986000,-0.01764639419778158,174.44400024414062,182.02949981689454,10.1807357485329,1
2025-03-19,171.2332000732422,173.75999450683594,175.72999572753906,171.74000549316406,173.0,10678500,0.003638824041216182,173.76199951171876,180.6699996948242,9.298372585354091,1
2025-03-20,174.88926696777344,177.47000122070312,178.6699981689453,174.5500030517578,174.85000610351562,12209700,0.02135132844816723,174.93800048828126,179.5384994506836,8.110564608576592,0
2025-03-21,174.16004943847656,176.72999572753906,177.1999969482422,173.7899932861328,174.91000366210938,9993200,-0.004169749749670548,175.46600036621095,178.46299896240234,6.824303496475414,1
2025-03-24,178.52561950683594,181.16000366210935,182.92999267578125,179.67999267578125,179.99000549316406,11440000,0.025066531102054368,176.45,177.9384994506836,6.124696556311545,0
2025-03-25,178.26937866210938,180.8999938964844,182.5099945068359,179.8000030517578,182.47000122070312,8718800,-0.001435249284438611,178.00399780273438,177.51499938964844,5.559394895017902,0
2025-03-26,170.9770050048828,173.5,179.5500030517578,171.47000122070312,179.22999572753906,14612400,-0.04090654586046516,177.95199890136718,176.45899963378906,3.896470683421602,0
2025-03-27,165.7935028076172,168.24000549316406,171.61000061035156,167.5500030517578,171.38999938964844,17559100,-0.030316971220956446,176.1059997558594,175.81650009155274,4.1442211694387785,0
2025-03-28,162.84698486328125,165.25,168.6300048828125,164.05999755859375,168.0399932861328,16332000,-0.017772262217891743,173.81000061035155,175.0525001525879,4.611637162736517,1
2025-03-31,163.58609008789062,166.0,166.1300048828125,159.72999572753906,160.36000061035156,19408300,0.004538577912254205,170.7779998779297,174.70400009155273,5.022363987597399,1
2025-04-01,166.1876678466797,168.63999938964844,168.8699951171875,165.05999755859375,166.38999938964844,9180000,0.015903610781014654,168.3260009765625,174.13600006103516,5.034254605586203,1
2025-04-02,167.9122314453125,170.38999938964844,171.75,166.35000610351562,166.85000610351562,10072700,0.010377134762415308,167.7040008544922,173.44150009155274,4.489847472061502,0
2025-04-03,155.09141540527344,157.3800048828125,161.8000030517578,157.2100067138672,160.05999755859375,28370500,-0.07635421417594257,165.53200073242186,172.51800003051758,5.703782475373821,0
2025-04-04,144.66525268554688,146.8000030517578,151.30999755859375,144.83999633789062,150.88999938964844,36085100,-0.06722583239804014,161.84200134277344,171.00299987792968,7.988958286946747,0
2025-04-07,144.04441833496094,146.1699981689453,153.75,134.25,134.50999450683594,46388300,-0.004291586305964712,157.8760009765625,169.77900009155275,9.731218041398071,0
2025-04-08,139.31422424316406,141.3699951171875,152.61000061035156,138.97999572753906,151.97999572753906,30479700,-0.0328384970369221,152.4220001220703,168.29899978637695,11.610069469606875,1
2025-04-09,156.44151306152344,158.75,160.6199951171875,137.89999389648438,140.1999969482422,45612500,0.1229398421383936,150.09400024414063,167.37799987792968,11.599919502176126,0
2025-04-10,148.9322967529297,151.1300048828125,156.0,146.91000366210938,155.5,24503500,-0.04799996924212602,148.84400024414063,166.3550003051758,12.100305305734821,1
2025-04-11,154.7957763671875,157.0800018310547,158.00999450683594,153.25,156.0,19632200,0.03937005727523046,150.9,165.50450057983397,12.125785528022929,0
2025-04-14,153.57379150390625,155.83999633789062,158.58999633789062,154.02999877929688,158.3000030517578,17509400,-0.007894101596062741,152.83399963378906,164.4845001220703,12.032854971596986,1
2025-04-15,155.04214477539062,157.3300018310547,158.25,156.0500030517578,156.49000549316406,14306600,0.009561123769108892,156.0260009765625,163.69449996948242,11.9537760274814,0
2025-04-16,149.46446228027344,151.6699981689453,153.5399932861328,148.49000549316406,150.60000610351562,23806100,-0.03597536131848045,154.61000061035156,162.5900001525879,11.995259000621466,1
2025-04-17,149.53343200683594,151.74000549316406,157.5,151.4499969482422,156.0500030517578,27239900,0.00046157661412227213,154.73200073242188,161.30350036621093,11.691303222263501,0
2025-04-21,145.70985412597656,147.86000061035156,150.27999877929688,145.83999633789062,149.99000549316406,15170500,-0.025570085292947353,152.88800048828125,159.86000061035156,11.466477331110756,1
2025-04-22,149.1983642578125,151.39999389648438,152.60000610351562,147.44000244140625,148.0,12668600,0.023941520840795816,152.0,158.37200012207032,10.44212274205812,1
2025-04-23,155.51515197753906,157.80999755859375,160.3800048828125,156.0,159.3699951171875,17667900,0.042338202909651734,152.09599914550782,157.21750030517578,8.99669110717661,1
2025-04-24,161.7925262451172,164.17999267578125,164.5500030517578,157.38999938964844,157.77999877929688,18761100,0.04036496556450664,154.597998046875,156.75149993896486,8.325237292504596,1
2025-04-25,162.69915771484375,165.10000610351562,165.91000366210938,161.16000366210938,163.92999267578125,14654800,0.00560368783516263,157.2699981689453,156.59449996948243,8.124364781828218,0
2025-04-28,161.02386474609375,163.39999389648438,165.32000732421875,160.5,165.0,11415600,-0.010296863380885424,160.37799682617188,156.50199966430665,8.030621329239269,1
2025-04-29,162.08816528320312,164.47999572753906,166.0,163.5,164.3800048828125,9830100,0.006609558576476271,162.9939971923828,156.4259994506836,7.942714602563477,1
2025-04-30,164.2660369873047,166.69000244140625,166.9199981689453,161.75,163.5399932861328,10073000,0.013436325214453815,164.7699981689453,156.3284996032715,7.795496096354713,1
2025-05-01,170.20835876464844,172.72000122070312,174.77999877929688,170.9499969482422,172.8000030517578,22670600,0.036174927656003275,166.47799987792968,156.44499969482422,8.030565071494689,1
2025-05-02,176.67295837402344,179.27999877929688,180.6499938964844,177.13999938964844,179.8000030517578,21691200,0.03798053214584751,169.31399841308593,157.53999938964844,9.519763359054954,0
2025-05-05,173.83482360839844,176.39999389648438,180.0800018310547,176.25,179.0,14618900,-0.016064284373171644,171.91399841308595,159.01999893188477,10.048398386114455,0
2025-05-06,169.77474975585938,172.27999877929688,174.74000549316406,170.58999633789062,172.60000610351562,14565600,-0.023355982198078773,173.4739990234375,160.32549896240235,9.986976683206992,1
2025-05-07,172.0018768310547,174.5399932861328,175.97999572753906,171.3699951171875,174.10000610351562,9682500,0.013118147915308187,175.04399719238282,161.9839988708496,9.411031170287972,1
2025-05-08,172.67198181152344,175.22000122070312,177.4499969482422,173.66000366210938,175.33999633789062,10343000,0.003896000691689938,175.54399719238282,162.80749893188477,9.8246537599971,1
2025-05-09,173.95309448242188,176.52000427246094,180.4600067138672,176.47000122070312,179.8000030517578,11582800,0.007419261743528693,174.99199829101562,164.07699890136718,9.876577663637962,1
2025-05-12,184.2609710693359,186.97999572753903,189.1699981689453,184.61000061035156,187.27999877929688,22064900,0.0592566916038193,177.10799865722657,165.5719985961914,10.964722749365857,1
2025-05-13,191.1690368652344,193.9900054931641,194.27999877929688,187.72000122070312,187.72000122070312,19996000,0.03749069379507208,181.45,167.47949905395507,12.406233243503905,1
2025-05-14,191.92784118652344,194.7599945068359,196.22000122070312,193.22999572753903,195.27999877929688,12359000,0.003969220020971331,185.49400024414064,169.35099868774415,13.563769005862923,0
2025-05-15,191.3957061767578,194.22000122070312,194.4900054931641,191.6300048828125,193.1000061035156,10241800,-0.002772608858919612,189.29400024414062,171.47849884033204,13.975288591120728,0
2025-05-16,191.3957061767578,194.22000122070312,195.0800018310547,192.57000732421875,194.52999877929688,9146700,0.0,192.83399963378906,173.60249862670898,14.045425256245347,0
2025-05-19,190.68618774414065,193.5,193.5,188.80999755859375,189.0,10144400,-0.003707142499113414,194.13800048828125,175.8844985961914,13.332369240055366,0
2025-05-20,190.6368865966797,193.4499969482422,193.72999572753903,190.80999755859375,191.8000030517578,7054100,-0.00025841370417478693,194.02999877929688,177.98699874877929,12.561291723812309,0
2025-05-21,188.97146606445312,191.7599945068359,195.27000427246097,190.52999877929688,193.1000061035156,7375700,-0.008736120279487225,193.42999877929688,179.68449859619142,11.971212984592425,1
2025-05-22,193.3370361328125,196.19000244140625,196.8300018310547,191.33999633789065,191.33999633789065,11825000,0.023101835948438287,193.8239990234375,181.28499908447264,11.92895368247845,0
2025-05-23,189.18826293945312,191.97999572753903,192.8000030517578,190.02999877929688,192.02000427246097,9403100,-0.02145882390273468,193.3759979248047,182.62899856567384,11.51658083055584,1
2025-05-27,194.8053741455078,197.67999267578125,198.30999755859375,193.6999969482422,194.1000061035156,12228200,0.02969057753460813,194.21199645996094,184.34299850463867,11.04541565734554,0
2025-05-28,193.28778076171875,196.13999938964844,198.07000732421875,195.47999572753903,196.08999633789065,17787600,-0.007790334597283066,194.7499969482422,185.92599868774414,10.291886157221033,1
2025-05-29,194.2830810546875,197.1499938964844,199.8000030517578,196.0800018310547,199.4600067138672,14609900,0.005149355103389874,195.82799682617187,187.44899826049806,9.520336835248738,0
2025-05-30,190.5087890625,193.32000732421875,195.91000366210935,190.55999755859375,195.77000427246097,11998300,-0.019426764853346268,195.25399780273438,188.47899856567383,8.939583284559811,1
2025-06-02,192.00668334960935,194.83999633789065,195.16000366210935,192.1999969482422,193.0399932861328,7447400,0.007862554086927487,195.82599792480468,189.25699844360352,8.772390468537465,1
2025-06-03,194.7364044189453,197.61000061035156,198.1699981689453,193.63999938964844,194.3500061035156,9548300,0.014216815461529642,195.81199951171874,190.31749877929687,8.410891172978891,1
2025-06-04,199.4567413330078,202.3999938964844,204.02999877929688,200.3800048828125,201.3800048828125,13531100,0.02423962993440698,197.06399841308593,191.82349853515626,7.675639156873546,1
2025-06-05,200.383056640625,203.33999633789065,205.7599945068359,202.27999877929688,204.8800048828125,12214300,0.004644280977039061,198.3019989013672,193.26349868774415,6.927562995297076,1
2025-06-06,202.19630432128903,205.17999267578125,206.2899932861328,203.22999572753903,203.5800018310547,8532000,0.009048865796343675,200.6739959716797,194.76149826049806,5.997308281075012,1
2025-06-09,203.98985290527344,207.0,209.27000427246097,205.8699951171875,206.3999938964844,11472300,0.008870296272476486,203.10599670410156,196.285498046875,4.88802909738854,1
2025-06-10,209.37046813964844,212.4600067138672,213.22999572753903,209.9600067138672,211.61000061035156,14514000,0.026376844028343838,206.07599792480468,197.55949859619142,5.603215946371146,1
2025-06-11,210.98660278320312,214.1000061035156,217.42999267578125,212.9499969482422,215.0,13326400,0.007719096949182935,208.41600036621094,198.56499862670898,6.6378145232311905,1
2025-06-12,213.07351684570312,215.42999267578125,215.8800048828125,211.91000366210935,212.9199981689453,9796100,0.0062119875495127985,210.83399963378906,199.59849853515624,7.559374027131511,0
2025-06-13,208.79087829589844,211.1000061035156,213.2599945068359,209.3999938964844,210.11000061035156,10152500,-0.020099274564717717,212.01800231933595,200.44249877929687,7.863467471062146,1
2025-06-16,213.32078552246097,215.67999267578125,217.6000061035156,212.72999572753903,213.0,10932900,0.021695814494764987,213.75400085449218,201.51549835205077,8.414534653977226,0
2025-06-17,211.5602569580078,213.8999938964844,215.94000244140625,213.5,213.88999938964844,8389700,-0.008252961979522189,214.04199829101563,202.535498046875,8.6255526258542,0
2025-06-18,211.1646270751953,213.5,215.1699981689453,212.88999938964844,214.6999969482422,6932000,-0.0018700042444974585,213.9219970703125,203.5379981994629,8.679003234286249,0
2025-06-20,207.21827697753903,209.5099945068359,215.5,208.1499938964844,215.1999969482422,16992000,-0.018688550319269748,212.73799743652344,204.42549819946288,8.310953740905694,1
2025-06-23,208.01942443847656,210.32000732421875,210.58999633789065,206.1999969482422,206.6300048828125,7535500,0.003866225185531258,212.58199768066407,205.13199844360352,8.173468261867843,1
2025-06-24,217.6825408935547,220.08999633789065,220.3699951171875,213.8800048828125,214.38999938964844,14814700,0.046452970109548186,213.46399841308593,206.5374984741211,8.20963491711476,1
2025-06-25,220.30357360839844,222.7400054931641,223.5,220.8000030517578,220.8000030517578,9168400,0.012040570672757989,215.23200073242188,207.79049911499024,8.685225254140475,1
2025-06-26,221.5596618652344,224.0099945068359,225.22000122070312,222.6999969482422,224.97999572753903,7982200,0.005701665539874501,217.33399963378906,209.18399887084962,8.949362435722033,1
2025-06-27,226.06979370117188,228.57000732421875,228.8800048828125,224.02999877929688,224.3000030517578,13133000,0.020356291813772964,221.14600219726563,210.75499954223633,9.468423583440076,0
2025-06-30,224.01254272460935,226.4900054931641,228.1499938964844,224.8000030517578,227.44000244140625,9279800,-0.009100064594670276,224.3800018310547,212.4134994506836,9.153569558720752,0
2025-07-01,222.22235107421875,224.67999267578125,228.6000061035156,221.17999267578125,227.42999267578125,9990200,-0.007991579202100696,225.29800109863282,213.90549926757814,8.5504276685106,1
2025-07-02,231.04478454589844,233.6000061035156,233.82000732421875,224.0,224.47999572753903,12012500,0.039700969015991294,227.47000122070312,215.70499954223632,8.725801882099635,1
2025-07-03,232.23162841796875,234.8000030517578,237.5800018310547,233.27000427246097,233.8699951171875,7779600,0.0051369731031190025,229.6280029296875,217.325,9.124174671715375,0
2025-07-07,226.66323852539065,229.1699981689453,232.5500030517578,227.44000244140625,231.6300048828125,13817500,-0.023977873976311015,229.7480010986328,218.61650009155272,8.864847520946418,0
2025-07-08,225.36756896972656,227.86000061035156,230.3300018310547,227.5399932861328,229.77999877929688,8854400,-0.005716269882884095,230.02200012207032,219.75050048828126,8.498632528187947,1
2025-07-09,229.3040008544922,231.83999633789065,233.27000427246097,230.2400054931641,230.4499969482422,9475300,0.017466846822075777,231.4540008544922,220.99250030517578,8.350977624543985,0
2025-07-10,227.2467803955078,229.7599945068359,233.0500030517578,227.77000427246097,232.77999877929688,13124700,-0.008971712663518483,230.68599853515624,221.8574996948242,8.316561622625532,1
2025-07-11,227.87977600097656,230.3999938964844,232.27000427246097,229.3999938964844,231.0,8817800,0.002785512730456796,229.80599670410157,222.67249908447266,8.315014218107553,0
2025-07-14,226.168701171875,228.6699981689453,229.8500061035156,226.30999755859375,229.3300018310547,10673500,-0.007508662210800043,229.70599670410155,223.33449935913086,8.234717827954645,1
2025-07-15,234.3581390380859,236.9499969482422,237.7100067138672,233.8500061035156,234.4600067138672,14270100,0.036209379654516205,231.52399597167968,224.6269989013672,8.242025889365413,1
2025-07-16,234.96144104003903,237.55999755859375,238.30999755859375,234.1499938964844,236.3999938964844,15092800,0.0025743853902002733,232.66799621582032,225.72099914550782,8.441643727572377,1
2025-07-17,242.91351318359375,245.6000061035156,248.27999877929688,241.38999938964844,245.7899932861328,27395700,0.03384411781254881,235.83599853515625,227.30599975585938,9.05875511804308,0
2025-07-18,237.77040100097656,240.3999938964844,245.97000122070312,238.69000244140625,245.30999755859375,16252000,-0.0211726876132059,237.83599853515625,228.6509994506836,8.896558800129727,0
2025-07-21,236.23736572265625,238.8500061035156,242.33999633789065,238.7100067138672,240.1199951171875,11971800,-0.006447536740105897,239.87200012207032,230.11800003051758,7.941981270831704,0
2025-07-22,232.03384399414065,234.6000061035156,238.0,231.7599945068359,237.8300018310547,11919500,-0.017793593851356593,239.402001953125,231.3319999694824,6.476996582327596,1
2025-07-23,237.70114135742188,240.3300018310547,240.5,236.3800048828125,238.52000427246097,9885400,0.0244245335825386,239.95600280761718,232.34400024414063,6.203465544830788,1
2025-07-24,238.9572601318359,241.6000061035156,241.9499969482422,238.02999877929688,240.2100067138672,9081900,0.0052844183530347255,239.1560028076172,233.2870002746582,6.099303923585426,1
2025-07-25,242.91351318359375,245.6000061035156,246.2400054931641,240.94000244140625,241.32000732421875,11593400,0.01655629097246858,240.19600524902344,234.3665008544922,6.27891000086822,0
2025-07-28,240.0946807861328,242.75,243.9499969482422,241.0500030517578,243.0,11892200,-0.011604259090752578,240.97600402832032,235.07550048828125,6.389545804807885,0
2025-07-29,238.69021606445312,241.3300018310547,243.97000122070312,239.82000732421875,241.5,9411500,-0.005849632003894212,242.32200317382814,235.81750030517577,6.198881072263067,1
2025-07-30,240.2529296875,242.91000366210935,244.57000732421875,241.22000122070312,242.1199951171875,6823800,0.006547059292531632,242.83800354003907,236.7290008544922,5.802627658217823,0
2025-07-31,238.97705078125,241.6199951171875,247.41000366210935,239.8000030517578,245.97999572753903,13490700,-0.005310643964734574,242.84200134277344,237.13000030517577,5.85192038922844,0
2025-08-01,232.6371612548828,235.2100067138672,237.19000244140625,231.83999633789065,235.6199951171875,13549800,-0.026529213363370108,240.76400146484374,237.15050048828124,5.8440413001308515,1
2025-08-04,236.3856964111328,239.0,239.0,236.38999938964844,237.91000366210935,6450700,0.016113231486547086,240.01400146484374,237.642000579834,5.543152912472818,0
2025-08-05,229.92713928222656,232.47000122070312,238.6300048828125,230.1699981689453,238.3300018310547,11868900,-0.027322170624673126,238.24200134277345,237.87250061035155,5.200221597993816,0
2025-08-06,228.8391571044922,231.3699951171875,232.1999969482422,228.82000732421875,231.02999877929688,9457200,-0.0047318195799005425,235.93399963378906,237.8490005493164,5.229894904501994,1
2025-08-07,239.9661102294922,242.6199951171875,247.83999633789065,240.8000030517578,244.47000122070312,17691000,0.04862341806378967,236.13399963378907,238.49200057983398,4.96697304389621,0
2025-08-08,239.18475341796875,241.8300018310547,243.16000366210935,238.97000122070312,243.16000366210935,10552500,-0.0032560930757221662,237.45799865722657,239.0635009765625,4.633260925534434,1
2025-08-11,239.44189453125,242.08999633789065,245.3500061035156,241.5399932861328,242.0399932861328,8272900,0.0010751127025900864,238.07599792480468,239.73450088500977,3.973630086981116,1
2025-08-12,241.61782836914065,244.2899932861328,244.77000427246097,241.6999969482422,243.72000122070312,7295800,0.00908751696278931,240.43999633789062,240.10150070190429,4.041301619566288,0
2025-08-13,238.7990264892578,241.44000244140625,246.42999267578125,239.94000244140625,246.42999267578125,7971900,-0.011666424835455325,242.45399780273436,240.2955009460449,4.0058502193044765,0
2025-08-14,238.36383056640625,241.0,241.3800048828125,236.82000732421875,237.97000122070312,11040500,-0.001822409033122141,242.12999877929687,240.06550064086915,3.8126549994673504,0
2025-08-15,236.2670135498047,238.8800048828125,240.8000030517578,237.2599945068359,240.3300018310547,8155500,-0.00879666023729253,241.53999938964844,239.98950119018554,3.8207771383549307,1
2025-08-18,238.76934814453125,241.41000366210935,242.86000061035156,239.9900054931641,239.9900054931641,6919800,0.010591086434957209,241.40400085449218,240.11750106811525,3.8234740315150884,0
2025-08-19,230.1546173095703,232.6999969482422,240.1699981689453,232.5800018310547,240.02000427246097,14594700,-0.03607972570208051,239.08600158691405,240.02250061035156,3.987851516716474,0
2025-08-20,226.09947204589844,228.6000061035156,229.02999877929688,223.6999969482422,228.13999938964844,17165200,-0.017619213143516,236.51800231933595,239.4360008239746,4.733171955452392,0
2025-08-21,224.8433532714844,227.3300018310547,230.3300018310547,226.2599945068359,228.1499938964844,7449100,-0.0055555740969045475,233.78400268554688,238.72250061035157,5.416087440538573,1
2025-08-22,230.4414520263672,232.9900054931641,234.4499969482422,226.1699981689453,228.0,10299500,0.02489774168178549,232.6060028076172,238.09200057983398,5.306187415094599,1
2025-08-25,233.0129852294922,235.58999633789065,237.27999877929688,232.25,234.3000030517578,7655000,0.011159237664393418,231.44200134277344,237.7340003967285,5.216152326664704,1
2025-08-26,236.1087646484375,238.72000122070312,238.8300018310547,235.72999572753903,236.3699951171875,9793100,0.013285814047568234,232.64600219726563,237.60350036621094,5.153726413476408,1
2025-08-27,236.6725311279297,239.2899932861328,239.3999938964844,235.44000244140625,236.8699951171875,9516400,0.0023877013342619158,234.78399963378905,237.4224998474121,5.0193681733743345,0
2025-08-28,235.66371154785156,238.27000427246097,240.66000366210935,236.0,236.3000030517578,8466200,-0.004262564429312277,236.9720001220703,237.25500030517577,4.9269679777167745,0
2025-08-29,228.34461975097656,230.8699951171875,235.9499969482422,230.5800018310547,235.83999633789065,15526000,-0.031057241879307584,236.547998046875,237.0379997253418,5.113808772357976,0
2025-09-02,225.8917694091797,228.38999938964844,229.33999633789065,225.6300048828125,226.1499938964844,13974900,-0.010741957725083462,235.10799865722657,236.50749969482422,5.439522144867011,1
2025-09-03,228.85894775390625,231.38999938964844,232.4499969482422,228.6000061035156,231.52000427246097,7198500,0.013135426279684781,233.64199829101562,236.4534996032715,5.486868138290029,1
2025-09-04,232.6371612548828,235.2100067138672,235.30999755859375,230.3000030517578,231.3500061035156,6241900,0.01650895602357494,232.8260009765625,236.64550018310547,5.365463091925571,1
2025-09-05,240.7474822998047,243.41000366210935,244.5500030517578,237.8999938964844,240.2400054931641,14056600,0.03486244936091287,233.8540008544922,236.68500061035155,5.414446570107974,1
2025-09-08,244.48611450195312,247.19000244140625,247.8800048828125,241.6199951171875,241.9900054931641,12986600,0.01552934851660459,237.11800231933594,236.95300064086913,5.801342617436448,1
2025-09-09,248.17532348632812,250.9199981689453,254.72999572753903,246.92999267578125,246.92999267578125,13443400,0.015089589751605015,241.6240020751953,237.39450073242188,6.506053034529296,1
2025-09-10,257.5911865234375,260.44000244140625,264.5799865722656,257.75,258.8699951171875,18822400,0.03794039670784266,247.4340026855469,238.20200119018554,8.190983448918875,0
2025-09-11,256.0779113769531,258.9100036621094,261.6400146484375,258.2300109863281,260.3500061035156,10005000,-0.005874668887092649,252.17400207519532,239.07550125122071,9.397168259054153,1
2025-09-12,256.4933166503906,259.3299865722656,260.95001220703125,258.3800048828125,260.8500061035156,8496600,0.001622119285527246,255.35799865722657,239.99200057983398,10.431656562926038,1
2025-09-15,258.5209045410156,261.3800048828125,262.79998779296875,258.75,260.0,8147700,0.007905056941710953,258.1959991455078,241.11700057983398,11.467270147143843,1
2025-09-16,260.0111389160156,262.05999755859375,266.44000244140625,260.6099853515625,265.9200134277344,10381900,0.0026015481791965556,260.4239990234375,242.1495002746582,12.387747697186466,1
2025-09-17,260.7354431152344,262.7900085449219,264.80999755859375,259.7300109863281,264.3399963378906,10422000,0.002785663562272278,260.8940002441406,243.65400085449218,12.992176989935297,1
2025-09-18,266.5397033691406,268.6400146484375,270.5400085449219,257.9800109863281,258.0,16917300,0.022261143549206164,262.8400024414062,245.65600128173827,13.620137198770292,0
2025-09-19,262.7991943359375,264.8699951171875,266.57000732421875,262.80999755859375,266.3699951171875,17640200,-0.01403372292167171,263.9480041503906,247.53300094604492,13.548212850485749,1
2025-09-22,270.49853515625,272.6300048828125,276.3599853515625,265.45001220703125,266.5400085449219,15630300,0.029297428582621077,266.1980041503906,249.51500091552734,14.192885114655379,1
2025-09-23,280.49969482421875,282.7099914550781,286.0,280.0,282.3999938964844,17830300,0.03697313718861728,270.3280029296875,251.87100067138672,15.60079066336364,0
2025-09-24,278.5153503417969,280.7099914550781,281.2099914550781,276.7200012207031,280.30999755859375,10231000,-0.007074387395034076,273.91199951171876,253.97050018310546,16.535272276649273,0
2025-09-25,274.49700927734375,276.6600036621094,277.1400146484375,270.19000244140625,273.1199951171875,11863400,-0.01442765813918978,275.5159973144531,255.8390007019043,16.8965268271513,0
2025-09-26,271.2228088378906,273.3599853515625,275.5,270.6199951171875,273.8900146484375,10451900,-0.01192806429142268,277.2139953613281,257.5934997558594,16.797728052111854,0
2025-09-29,271.0938415527344,273.2300109863281,279.8699951171875,273.2300109863281,276.489990234375,8046200,-0.00047546960857203224,277.33399658203126,259.7115005493164,15.8972786857029,1
2025-09-30,277.1064758300781,279.2900085449219,279.489990234375,273.8299865722656,275.32000732421875,8348800,0.02217910666810674,276.65,262.2565010070801,14.643998081566837,1
2025-10-01,286.2146911621094,288.4700012207031,290.4800109863281,277.1700134277344,278.44000244140625,14620100,0.03286903360277105,278.202001953125,265.1105010986328,13.852583375531104,0
2025-10-02,285.8575134277344,288.1099853515625,296.7200012207031,287.0299987792969,296.5199890136719,10198000,-0.0012480183991997462,280.49199829101565,267.75550003051757,12.857526122446938,1
2025-10-03,289.90557861328125,292.19000244140625,296.05999755859375,290.489990234375,292.8599853515625,10572500,0.014161317889989755,284.25800170898435,270.1944999694824,12.620724148038663,1
2025-10-06,300.0357971191406,302.3999938964844,307.29998779296875,299.94000244140625,300.010009765625,15785000,0.034942986993969916,290.0919982910156,272.95499954223635,13.341566737350263,0
2025-10-07,291.7311706542969,294.0299987792969,307.1000061035156,293.2799987792969,306.6199951171875,13081000,-0.027678555840357166,293.0399963378906,275.1104995727539,13.073962385770287,1
2025-10-08,302.13916015625,304.5199890136719,306.3999938964844,293.9800109863281,295.0,12821200,0.035676598571320994,296.2499938964844,277.3144989013672,14.142477411033417,0
2025-10-09,297.5354919433594,299.8800048828125,302.8299865722656,297.4200134277344,302.30999755859375,10259900,-0.015237042881447893,298.6039978027344,279.36299896240234,14.302618906847608,0
2025-10-10,278.4657287597656,280.6600036621094,300.20001220703125,280.3299865722656,299.9599914550781,23398000,-0.06409230661515408,296.297998046875,280.4294998168945,13.503109580683176,1
2025-10-13,300.52197265625,302.8900146484375,304.6300048828125,292.32000732421875,298.239990234375,20318300,0.07920619502695914,296.3960021972656,282.50500030517577,13.610721049633996,0
2025-10-14,293.6262512207031,295.94000244140625,301.75,291.3399963378906,295.6300048828125,16567900,-0.02294566301598977,296.7780029296875,284.1990005493164,13.02808955352333,1
2025-10-15,302.32769775390625,304.7099914550781,306.6099853515625,300.07000732421875,306.2900085449219,20788000,0.029634347980409537,296.8160034179688,286.29499969482424,12.772055828851046,0
2025-10-16,297.49578857421875,299.8399963378906,311.3699951171875,296.69000244140625,310.92999267578125,26341500,-0.015982393927852057,296.80800170898436,287.85499877929686,12.4022054193512,0
2025-10-17,292.7729797363281,295.0799865722656,303.29998779296875,294.9200134277344,298.3999938964844,17633300,-0.015875166167828136,299.69199829101564,289.3654983520508,11.24075564534199,1
2025-10-20,295.3725280761719,297.70001220703125,303.6499938964844,297.05999755859375,300.0,13391600,0.008879035359871779,298.65399780273435,290.6189987182617,10.659068978464429,0
2025-10-21,292.20745849609375,294.510009765625,299.3699951171875,293.6600036621094,299.0,11190500,-0.010715493149485722,298.3679992675781,291.20899963378906,10.523969702642832,0
2025-10-22,286.6214904785156,288.8800048828125,295.20001220703125,284.3999938964844,293.0,15409100,-0.01911651453644292,295.202001953125,291.6175003051758,10.249986946291326,1
2025-10-23,288.45703125,290.7300109863281,294.0899963378906,289.6300048828125,289.79998779296875,10379900,0.006404064221288364,293.3800048828125,292.32100067138674,9.633672010582833,1
2025-10-24,292.6539306640625,294.9599914550781,297.95001220703125,294.3900146484375,295.57000732421875,8747000,0.014549514356634097,293.356005859375,293.4010009765625,8.545424287937154,1
2025-10-27,295.918212890625,298.25,300.4800109863281,293.69000244140625,298.6499938964844,13615000,0.01115408407998597,293.46600341796875,294.6520004272461,7.155436691912578,1
2025-10-28,299.17254638671875,301.5299987792969,302.1300048828125,296.0799865722656,298.32000732421875,11804200,0.010997481238212536,294.8700012207031,295.76399993896484,6.322018412052854,1
2025-10-29,302.7047424316406,305.0899963378906,307.9599914550781,302.3800048828125,305.79998779296875,16177300,0.011806445703598012,298.11199951171875,296.5949996948242,6.404566622794185,0
2025-10-30,300.849365234375,303.2200012207031,307.30999755859375,300.82000732421875,303.0799865722656,14507100,-0.0061293229526819815,300.60999755859376,297.3505004882812,6.240068094789698,0
2025-10-31,298.0811767578125,300.42999267578125,307.67999267578125,296.67999267578125,305.989990234375,12667900,-0.009201268167303822,301.70399780273436,297.7625,6.152826508424176,1
2025-11-03,302.47650146484375,304.8599853515625,310.1199951171875,302.1199951171875,302.5899963378906,12466600,0.014745507385349521,303.0259948730469,297.88549957275393,6.273811808623036,0
2025-11-04,291.7510681152344,294.04998779296875,301.989990234375,293.510009765625,296.8800048828125,16224300,-0.035458892862333946,301.5299926757813,297.8864990234375,6.27316684004108,0
2025-11-05,291.3442687988281,293.6400146484375,298.2200012207031,291.5,292.6199951171875,10502500,-0.0013942294220392615,299.2399963378906,297.3425003051758,6.13793454820962,0
2025-11-06,286.9786376953125,289.239990234375,294.6400146484375,287.3800048828125,294.1000061035156,11516900,-0.01498441695465269,296.443994140625,296.8104995727539,6.36338958923768,0
2025-11-07,284.26007080078125,286.5,287.8900146484375,277.1300048828125,285.2099914550781,15715700,-0.00947306847906737,293.6579956054687,297.1024993896484,5.68064312353635,1
2025-11-10,292.9615173339844,295.2699890136719,297.1300048828125,291.75,294.3599853515625,10869200,0.03061078189763311,291.7399963378906,296.7214981079102,5.525462312242613,0
2025-11-11,288.8935546875,291.1700134277344,294.9200134277344,288.9100036621094,292.05999755859375,9666300,-0.013885514066746762,291.16400146484375,296.4829986572266,5.662222682574631,0
2025-11-12,288.347900390625,290.6199951171875,294.8699951171875,289.5799865722656,293.70001220703125,9715900,-0.0018889936641205418,290.55999755859375,295.778498840332,5.457585491813979,0
2025-11-13,279.99371337890625,282.20001220703125,289.5,280.0,289.1700134277344,13827600,-0.02897248314508105,289.152001953125,294.89649963378906,6.1483443810419605,1
2025-11-14,282.5932312011719,284.82000732421875,286.8599853515625,273.2300109863281,275.9100036621094,11486800,0.00928417790168412,288.8160034179688,294.38350067138674,6.54731485753244,0
2025-11-17,279.8052062988281,282.010009765625,286.5299987792969,279.79998779296875,281.44000244140625,10227100,-0.009865871379586943,286.16400756835935,293.59900054931643,7.049727596932097,0
2025-11-18,275.73724365234375,277.9100036621094,280.19000244140625,272.7200012207031,277.54998779296875,11850400,-0.01453851268230899,283.5120056152344,292.7690002441406,7.866689265607063,1
2025-11-19,280.1623840332031,282.3699951171875,284.54998779296875,276.32000732421875,276.9200134277344,11179200,0.01604833002161632,281.86200561523435,292.44349975585936,8.165096484372949,0
2025-11-20,275.3304443359375,277.5,292.8500061035156,276.4100036621094,292.2099914550781,15747300,-0.017246857673976268,280.9220031738281,291.781999206543,8.820811792926557,0
2025-11-21,272.9095153808594,275.05999755859375,278.69000244140625,266.82000732421875,272.80999755859375,20872800,-0.008792801590653099,278.9700012207031,290.78699951171876,9.536778970652943,1
2025-11-24,282.4146423339844,284.6400146484375,285.05999755859375,273.19000244140625,273.19000244140625,13570300,0.03482882707363877,279.4960021972656,290.10650024414065,9.461501970240722,1
2025-11-25,282.45428466796875,284.67999267578125,285.3999938964844,273.0799865722656,282.7300109863281,13726800,0.0001404511849576462,280.85,289.26399993896484,9.135341728539863,1
2025-11-26,287.6930236816406,289.9599914550781,292.80999755859375,287.7300109863281,289.1000061035156,12220300,0.018547136838345413,282.3679992675781,288.5074996948242,8.348372962285046,1
2025-11-28,289.23089599609375,291.510009765625,292.6700134277344,289.0,292.4800109863281,5515400,0.005345628211563147,285.1700012207031,287.9220001220703,7.643065180841353,0
2025-12-01,285.43084716796875,287.67999267578125,291.1600036621094,283.19000244140625,286.9200134277344,7713000,-0.013138544000334984,287.6940002441406,287.2845001220703,7.053901595621701,1
2025-12-02,289.8063659667969,292.0899963378906,294.5,289.17999267578125,292.0,10746400,0.015329545934323896,289.1839965820312,286.64600067138673,5.8554271207023545,1
2025-12-03,293.14013671875,295.45001220703125,296.6199951171875,286.07000732421875,292.17999267578125,9599200,0.011503358250084528,291.33800048828124,286.7160018920898,5.956103013126369,0
2025-12-04,290.6398010253906,292.92999267578125,294.0299987792969,290.20001220703125,293.9800109863281,6753000,-0.008529427744562557,291.9320007324219,286.68050079345704,5.914632262476108,1
2025-12-05,292.41583251953125,294.7200012207031,300.79998779296875,293.25,296.04998779296875,10275300,0.006110704228580177,292.5739990234375,286.9545013427734,6.161235676247978,1
2025-12-08,299.5098876953125,301.8699951171875,302.6199951171875,296.7200012207031,301.20001220703125,16643100,0.024260294065111765,295.41199951171876,287.72300109863284,7.002665739319071,1
2025-12-09,301.0378723144531,303.4100036621094,304.67999267578125,298.5,299.989990234375,11349100,0.0051015621619632245,297.6760009765625,288.1300018310547,7.669218215111508,1
2025-12-10,307.7153015136719,310.1400146484375,313.9800109863281,302.5,305.3699951171875,12429200,0.022181242889482755,300.61400146484374,289.07850189208983,9.103866150929331,0
2025-12-11,303.2831726074219,304.8500061035156,305.8399963378906,299.6400146484375,305.32000732421875,15028400,-0.017056839798367918,302.9980041503906,289.7900024414063,9.762890755253173,0
2025-12-12,290.53900146484375,292.0400085449219,304.2799987792969,290.9800109863281,304.2799987792969,19306100,-0.042020657051402344,302.4620056152344,290.2820022583008,9.606960145185898,0
2025-12-15,286.2610778808594,287.739990234375,295.79998779296875,287.54998779296875,295.1499938964844,12082400,-0.01472407267747855,299.63600463867186,290.4280014038086,9.54154931381879,0
2025-12-16,285.39556884765625,286.8699951171875,288.4599914550781,283.32000732421875,287.260009765625,11418400,-0.0030235460718507357,296.3280029296875,290.6710006713867,9.376336271045982,0
2025-12-17,275.5364990234375,276.9599914550781,289.1000061035156,275.0799865722656,288.5299987792969,16823000,-0.03454527775922012,289.69199829101564,290.62350006103514,9.446529739835,1
2025-12-18,283.2168273925781,284.67999267578125,287.1600036621094,281.75,285.0,11260300,0.027874066503772443,285.6579956054687,290.73899993896487,9.353973797073937,1
2025-12-19,287.4648742675781,288.95001220703125,292.1700134277344,286.3800048828125,286.3800048828125,12735800,0.014999366450430873,285.0399963378906,291.3115005493164,8.837164074981152,1
2025-12-22,291.77264404296875,293.2799987792969,295.010009765625,291.2099914550781,294.6700134277344,6091100,0.014985244469078562,286.147998046875,292.2225006103516,7.970270821768859,1
2025-12-23,295.42376708984375,296.95001220703125,297.9100036621094,292.20001220703125,293.3999938964844,6802300,0.012513684680202752,288.16400146484375,292.83800048828124,7.827944520867966,1
2025-12-24,297.2642517089844,298.79998779296875,299.1600036621094,296.2300109863281,297.739990234375,2753900,0.006229922579183755,292.53200073242186,293.54400024414065,7.6889568146754055,1
2025-12-26,301.2834777832031,302.8399963378906,303.3800048828125,298.5199890136719,299.8999938964844,5125900,0.013520778815162116,296.16400146484375,294.18800048828126,7.909211082977536,0
2025-12-29,299.3733825683594,300.9200134277344,304.5,298.6499938964844,301.7799987792969,6205100,-0.006339925153129533,298.55800170898436,294.6585006713867,8.020623858814442,0
2025-12-30,298.0402526855469,299.5799865722656,304.54998779296875,299.45001220703125,302.3599853515625,6190600,-0.004453099812819716,299.8179992675781,295.2535003662109,7.9164010014456,0
