Date,adj_close,close,high,low,open,volume,return_1d,ma_5,ma_20,vol_20,target,return_5d,return_20d,close_to_ma_5,close_to_ma_20,ma_5_20_spread,volume_ratio_20,intraday_range,overnight_gap
2020-01-02,53.503273010253906,60.040000915527344,60.119998931884766,59.599998474121094,59.599998474121094,8432600,,,,,0,,,,,,,0.008660900230419401,
2020-01-03,51.73884201049805,58.060001373291016,58.97999954223633,58.040000915527344,58.970001220703125,10546400,-0.0329780065297145,,,,0,,,,,,,0.016190124086724638,-0.017821447010462954
2020-01-06,51.14177322387695,57.38999938964844,57.689998626708984,57.130001068115234,57.599998474121094,8897200,-0.011539820320272898,,,,1,,,,,,,0.009757755088855393,-0.007922888189622612
2020-01-07,51.97052764892578,58.31999969482422,58.599998474121094,56.7400016784668,57.45000076293945,7444300,0.016204919237959192,,,,1,,,,,,,0.03189294933791585,0.0010455022465436503
2020-01-08,52.35371398925781,58.75,58.97999954223633,58.11000061035156,58.189998626708984,5381500,0.007373119125958061,58.512000274658206,,,1,,,0.004067536987705234,,,,0.014808492457613032,-0.0022290992591821324
2020-01-09,52.78145980834961,59.22999954223633,59.709999084472656,58.70000076293945,59.689998626708984,5112700,0.008170204974235373,58.35,,,0,-0.013491028663218052,,0.01508139746763204,,,,0.017052141302364578,0.015999976624833767
2020-01-10,52.45174026489258,58.86000061035156,59.70000076293945,58.77000045776367,59.70000076293945,4807700,-0.006246816389402832,58.50999984741211,,,1,0.013778835999624484,,0.005981896493799654,,,,0.015800208894531074,0.007935188660063597
2020-01-13,53.52109909057617,60.060001373291016,60.15999984741211,59.45000076293945,60.150001525878906,6613700,0.02038737258742751,59.044000244140626,,,1,0.04652381969051156,,0.01720752531924208,,,,0.011821496307664029,0.02191642715172648
2020-01-14,53.75278854370117,60.31999969482422,60.63999938964844,59.91999816894531,60.15999984741211,6715200,0.004328976283520802,59.444000244140625,,,0,0.034293552991522036,,0.014736549476579652,,,,0.01193635982005658,0.0016649762210223518
2020-01-15,52.03291320800781,58.38999938964844,59.70000076293945,58.2599983215332,59.66999816894531,10075100,-0.03199602644131616,59.37200012207031,,,1,-0.006127669963430837,,-0.016539795364866494,,,,0.024661799220048256,-0.010775887419884667
2020-01-16,52.35371398925781,58.75,59.689998626708984,58.29999923706055,59.20000076293945,11215700,0.006165449805012102,59.27600021362305,,,0,-0.008103993684721256,,-0.008873746739446187,,,,0.02365956407912234,0.01387226206127723
2020-01-17,52.20222854614258,58.58000183105469,58.75,58.0099983215332,58.63999938964844,8125700,-0.0028935858543882587,59.220000457763675,,,0,-0.00475702984018711,,-0.010807136470143086,,,,0.012632325970234162,-0.001872350814494661
2020-01-21,51.89924240112305,58.2400016784668,59.0,57.470001220703125,57.9900016784668,9873700,-0.005804031102089269,58.85600051879883,,,1,-0.030303024528960165,,-0.01046620284936417,,,,0.02627058267861563,-0.010071699114818311
2020-01-22,51.99726867675781,58.349998474121094,58.939998626708984,58.31999969482422,58.900001525878906,8124500,0.0018886811896325906,58.4620002746582,,,0,-0.032659171595986636,,-0.0019158051385672614,,,,0.010625517533813517,0.011332414635834898
2020-01-23,51.22199249267578,57.47999954223633,58.06999969482422,56.619998931884766,57.86000061035156,9999200,-0.014910007791527513,58.28000030517578,,,1,-0.015584857970959987,,-0.013726848983362294,,,,0.025226179096852496,-0.008397564294485016
2020-01-24,51.44475555419922,57.72999954223633,58.13999938964844,57.459999084472656,58.09000015258789,10402200,0.004349338935124791,58.07600021362305,,,0,-0.017361709919381685,,-0.0059577221246989165,,,,0.011778976451892756,0.010612397620207492
2020-01-27,49.243690490722656,55.2599983215332,55.9900016784668,55.060001373291016,55.619998931884766,9675500,-0.042785401702558956,57.41199951171875,,,1,-0.056674691118931864,,-0.037483473986065996,,,,0.016829539149902352,-0.03654946521882174
2020-01-28,50.87444686889648,57.09000015258789,57.119998931884766,55.47999954223633,55.72999954223633,8124400,0.03311621220845362,57.18199920654297,,,1,-0.01974590475164939,,-0.0016088813828067927,,,,0.028726561311352462,0.008505270267443743
2020-01-29,50.963565826416016,57.189998626708984,57.52000045776367,56.849998474121094,57.52000045776367,7693400,0.001751593516444494,56.949999237060545,,,0,-0.019880032180747742,,0.0042142123417669985,,,,0.01171536981519829,0.007531972394928976
2020-01-30,49.72490310668945,55.79999923706055,56.040000915527344,55.060001373291016,55.08000183105469,10295700,-0.024304938328837067,56.61399917602539,58.19449996948242,1.2922913241557694,0,-0.029227562953289765,,-0.014378068160031177,-0.04114651270614178,-0.027158937602107743,1.2289235147090771,0.017562716050817512,-0.03689450684247586
2020-01-31,48.067386627197266,53.939998626708984,55.47999954223633,53.599998474121094,55.43000030517578,13467200,-0.03333334472729188,55.85599899291992,57.88949985504151,1.5315064307459192,1,-0.06565045809076286,-0.10159897061628453,-0.034302499297413025,-0.06822482899700788,-0.03512728331067953,1.5605912243396238,0.034853561660721497,-0.0066308053215711205
2020-02-03,48.80703353881836,54.77000045776367,54.939998626708984,54.13999938964844,54.349998474121094,9594300,0.015387501894442046,55.757999420166016,57.724999809265135,1.6815676805570898,1,-0.008867134973809643,-0.056665532857545275,-0.01771941197095772,-0.05119098070619954,-0.03407536415068826,1.1179633521305485,0.014606522373091319,0.007601035555256708
2020-02-04,51.257625579833984,57.52000045776367,57.63999938964844,56.900001525878906,56.91999816894531,12746600,0.05020996854145876,55.84399948120117,57.7314998626709,1.6804554811854144,1,0.007531972394928976,0.002265221632650638,0.03001219454431614,-0.003663500955463417,-0.032694462918157835,1.4527008353263438,0.012865053162037158,0.03925502452459595
2020-02-05,51.61408233642578,57.91999816894531,58.150001525878906,57.16999816894531,58.099998474121094,6594400,0.006954063073684402,55.98999938964844,57.711499786376955,1.675455654577592,1,0.012764461615066391,-0.006858736762208939,0.03447041972380682,0.003612770129699072,-0.029829417067668777,0.7552061860392674,0.01691994799576906,0.010083414668664803
2020-02-06,51.70319366455078,58.02000045776367,58.279998779296875,57.279998779296875,58.27000045776367,4236300,0.0017265589084907162,56.433999633789064,57.67499980926514,1.6595168346085145,0,0.039784968656929154,-0.01242552412317155,0.02810364025705203,0.005981805802158124,-0.021517124916864153,0.48835343402507997,0.01723543592054884,0.006042857387485556
2020-02-07,50.081336975097656,56.20000076293945,57.13999938964844,56.060001373291016,57.13999938964844,6808400,-0.031368488115561255,56.886000061035155,57.52349987030029,1.6483561149094217,1,0.041898446306437354,-0.05115648831191044,-0.012059193779834554,-0.023007972573730107,-0.011082423891149249,0.7772638563287971,0.01921704629352276,-0.015167202019514603
2020-02-10,50.81206130981445,57.02000045776367,57.04999923706055,56.34000015258789,56.439998626708984,4281200,0.01459074170271113,57.33600006103516,57.4314998626709,1.6209561368106387,1,0.04108088335210258,-0.03126062068481006,-0.005511364638884797,-0.007165047158635862,-0.0016628470763273926,0.4902257154373237,0.012451755152099177,0.004270424564260855
2020-02-11,52.27352523803711,58.65999984741211,58.900001525878906,57.810001373291016,57.95000076293945,6523200,0.028761827016526187,57.56399993896484,57.36149978637695,1.529097927389167,1,0.019819182555214532,-0.0233100481829408,0.01903967600599965,0.022637135811842013,0.003530245083235785,0.7473367706944818,0.018581659656038644,0.0163100718644269
2020-02-12,53.13791275024414,59.630001068115234,59.75,58.900001525878906,59.25,5962900,0.01653599084940871,57.90600051879883,57.32699985504151,1.4652867585542468,0,0.029523531651055368,-0.011438969333552373,0.0297723989546943,0.040173063633142325,0.010099964505754629,0.6861021426812627,0.014254544002944795,0.010057963759335431
2020-02-13,52.870574951171875,59.33000183105469,59.70000076293945,58.7400016784668,59.130001068115234,6460100,-0.005031011767346105,58.16800079345703,57.373999977111815,1.5153965797933715,0,0.022578444725188218,0.016098689008941847,0.01997663701256802,0.03409212979264442,0.013839035393418065,0.759098167734597,0.016180668377633028,-0.008385040936505272
2020-02-14,51.85468292236328,58.189998626708984,59.16999816894531,57.869998931884766,59.02000045776367,6932400,-0.019214616031732468,58.566000366210936,57.34599990844727,1.4936515965066643,0,0.03540921417712539,-0.009531938268783291,-0.0064201368908722856,0.014717656324925166,0.021274377632465997,0.8356250824939293,0.022340595768013168,-0.005225035626558072
2020-02-18,50.06352996826172,56.18000030517578,56.560001373291016,55.630001068115234,56.099998474121094,10989000,-0.03454198949938836,58.39800033569336,57.22599983215332,1.4856807886021843,1,-0.014731675654932719,-0.040969638969977074,-0.037980753069757456,-0.01827839670858533,0.020480210166315585,1.3021330145048777,0.016553939126449268,-0.035916827666474416
2020-02-19,51.36456298828125,57.63999938964844,57.939998626708984,57.0,57.25,7866300,0.025987879610925413,58.194000244140625,57.195999717712404,1.4701037639489438,0,-0.017388347432951257,-0.010302236805054932,-0.009519896418324847,0.007762774916556525,0.017448781931495138,0.9433303832898022,0.0163080957089288,0.019045918280738094
2020-02-20,50.33085632324219,56.47999954223633,57.040000915527344,55.810001373291016,56.939998626708984,7192900,-0.020124910820530584,57.56399993896484,57.10249977111816,1.4522033129367795,0,-0.0528257834890975,-0.03204796882238359,-0.01883122086508715,-0.010901453200419908,0.008081960854542162,0.8674212641155388,0.021777612468224645,-0.01214435757029464
2020-02-21,49.53775787353515,55.59000015258789,56.650001525878906,55.52000045776367,56.650001525878906,6816600,-0.015757779689479,56.815999603271486,57.00799980163574,1.4874127823028986,0,-0.06303727562855377,-0.032880991731039644,-0.02157841909399416,-0.024873695866929224,-0.0033679518494305403,0.8381254495490678,0.02032741617221653,0.003009950159710062
2020-02-24,48.22779083251953,54.119998931884766,54.689998626708984,53.18000030517578,53.54999923706055,9968800,-0.0264436268513788,56.00199966430664,56.82749977111816,1.6092364827706507,0,-0.06994328563115149,-0.06253248984889426,-0.033605955924844944,-0.04764420131341851,-0.014526419605584593,1.2289742439110989,0.027900930364645454,-0.036697264074973646
2020-02-25,47.99610900878906,53.86000061035156,55.470001220703125,53.83000183105469,55.33000183105469,12670700,-0.0048041080314956686,55.5379997253418,56.757499885559085,1.7084032231921755,1,-0.041295829160230224,-0.025334740385543952,-0.030213531695211016,-0.05105050929039845,-0.02148615007137702,1.5337528022427627,0.030449301356547696,0.022357777587779015
2020-02-26,49.03872299194336,55.029998779296875,55.40999984741211,54.380001068115234,54.4900016784668,10969300,0.021722951275281677,55.01599960327148,56.65449981689453,1.7489201668295622,0,-0.04528106589154979,-0.03608340108224073,0.0002544564513295988,-0.028673821900254803,-0.028920919237106064,1.3053274921059537,0.018717041652640855,0.011697011900778875
2020-02-27,47.4881591796875,53.290000915527344,54.599998474121094,53.27000045776367,54.20000076293945,11878900,-0.03161907872736758,54.37799987792969,56.45949993133545,1.8972044256795992,1,-0.05648014611479357,-0.06819370178058115,-0.020008072471307092,-0.05613756798524194,-0.03686713583962357,1.379221062702316,0.024957740542464402,-0.015082646461363924
2020-02-28,47.97828674316406,53.84000015258789,54.04999923706055,51.0,51.349998474121094,13604500,0.010320871225586448,54.02799987792969,56.36149997711182,1.9817996357391356,1,-0.03148048201468712,-0.03512543210163499,-0.0034796721286474153,-0.044737982941332244,-0.041402377511772344,1.5498051992435806,0.056649317021109716,-0.03640462390836596
2020-03-02,49.88528823852539,55.97999954223633,56.0099983215332,53.83000183105469,54.369998931884766,13797700,0.0397473882537791,54.4,56.463500022888184,1.9014794756928157,0,0.03436808290947213,0.0378198177134772,0.02904410923228551,-0.00856306251748229,-0.03654573347475306,1.5688608796750325,0.03894241708297498,0.00984395946869987
2020-03-03,48.905059814453125,54.880001068115234,56.369998931884766,54.040000915527344,56.29999923706055,14661800,-0.01964984785845092,54.604000091552734,56.469000053405765,1.8964757188160153,1,0.018937995659205953,0.0020084098855612798,0.005054592632403043,-0.028139315089477868,-0.03302696984343976,1.62042859826925,0.042456231250168994,0.005716321854964956
2020-03-04,50.86553955078125,57.08000183105469,57.09000015258789,55.54999923706055,55.970001220703125,9878200,0.04008747667859702,55.014000701904294,56.447000122070314,1.8861660399069924,0,0.037252464060185675,-0.007649489276900678,0.037554097189642865,0.01121408945764113,-0.025386635553121782,1.1093267809736005,0.026979692819307125,0.019861518428817337
2020-03-05,49.662506103515625,55.72999954223633,56.38999938964844,55.25,56.11000061035156,10004200,-0.023651055457462933,55.502000427246095,56.337500190734865,1.8595328524574948,0,0.04578717554493483,-0.03781075096585873,0.004107944096341187,-0.010783237567194126,-0.014830259785402653,1.1023705341056973,0.02045575810178253,-0.016993713903060703
2020-03-06,49.074363708496094,55.06999969482422,55.08000183105469,53.970001220703125,54.599998474121094,12971200,-0.01184281092469619,55.74800033569336,56.19000015258789,1.8358994825643369,0,0.02284545948644845,-0.05084454911521308,-0.01216188270048213,-0.01993238040082279,-0.007866165077313548,1.3636791329611335,0.020156176075953137,-0.02027635164896846
2020-03-09,46.1871223449707,51.83000183105469,54.13999938964844,51.060001373291016,51.54999923706055,13781100,-0.05883417253902845,54.91800079345703,55.97150020599365,2.0786464739527943,1,-0.07413357886954808,-0.07775798705623005,-0.05622926759508429,-0.07399298499587958,-0.018822068528793943,1.3975995253814442,0.05942500303968728,-0.06391865765879967
2020-03-10,48.57533264160156,54.5099983215332,54.619998931884766,52.4900016784668,53.709999084472656,11698700,0.051707435766918275,54.844000244140624,55.84600009918213,2.087762357342336,0,-0.006742032423118882,-0.04401967934198281,-0.00609003575816125,-0.02392296270594485,-0.017942195560325874,1.1434086649709108,0.03907534982580528,0.03627237482155632
2020-03-11,46.55247116088867,52.2400016784668,53.560001373291016,52.09000015258789,53.11000061035156,14498000,-0.041643674792954166,53.876000213623044,55.525000190734865,2.1255351370354885,0,-0.08479327255302682,-0.10944422409896315,-0.030365998379043968,-0.059162512399526634,-0.029698333569514866,1.3638546532438585,0.028139379277796923,-0.02568331965309556
2020-03-12,43.38897705078125,48.689998626708984,50.9900016784668,48.5099983215332,49.65999984741211,15942200,-0.0679556458211431,52.46800003051758,54.97800006866455,2.403091476703783,1,-0.1263233621631723,-0.1834647366333183,-0.07200582072141404,-0.1143730480210664,-0.045654626123396914,1.4324749553648848,0.05093455384846085,-0.04938747603674287
2020-03-13,46.54357147216797,52.22999954223633,52.459999084472656,49.290000915527344,51.900001525878906,14948700,0.07270488838308298,51.9,54.62299995422363,2.245618074466743,0,-0.05157073122073774,-0.11966967924653016,0.006358372682780944,-0.04380939190437616,-0.04985079465620013,1.2938609398315324,0.06069305373785923,0.06592735653537418
2020-03-16,40.011600494384766,44.900001525878906,48.349998474121094,44.900001525878906,46.34000015258789,16628200,-0.1403407635573487,50.513999938964844,53.95850009918213,2.9805971492139234,1,-0.1337063488395166,-0.22838971325787283,-0.11113747515281369,-0.16787899138509466,-0.06383609911109256,1.3812690277322057,0.07683734590195328,-0.11277042774785839
2020-03-17,43.25531005859375,48.540000915527344,48.560001373291016,45.029998779296875,45.75,13415700,0.08106902596763743,49.32000045776367,53.57650012969971,3.1647883329611033,0,-0.10952114455757589,-0.13599144443124145,-0.015815075729861294,-0.0940057525590482,-0.07944713935460081,1.1032933830111553,0.07272357905673085,0.018930923056454274
2020-03-18,39.539306640625,44.369998931884766,46.09000015258789,43.2599983215332,43.79999923706055,15018500,-0.08590856829400362,47.74599990844727,52.91300010681152,3.625529443142714,0,-0.15065089000228782,-0.2302220783879264,-0.0707075144103374,-0.16145372890748289,-0.09765086439880594,1.1998199291460336,0.06378187737617945,-0.09765145424524557
2020-03-19,39.48263168334961,43.88999938964844,45.18000030517578,42.70000076293945,43.7400016784668,11182600,-0.010818110295048866,46.78600006103515,52.28350009918213,4.0426050934898825,1,-0.09858285833730751,-0.22291076938081344,-0.06189887290233631,-0.16053823278111,-0.10514789613775248,0.8793578248581795,0.056504888966146624,-0.014198721401483927
2020-03-20,40.05836486816406,44.529998779296875,48.279998779296875,44.47999954223633,48.02000045776367,14157700,0.014581895615140672,45.24599990844727,51.730500030517575,4.313858460282864,1,-0.14742486751723538,-0.19895667103674464,-0.015824628267674057,-0.13919257008868813,-0.12535158404123065,1.0820757063964808,0.08533571392836559,0.09409890921733077
2020-03-23,40.71505355834961,45.2599983215332,45.61000061035156,43.52000045776367,45.119998931884766,10508600,0.01639343279245109,45.317999267578124,51.2875,4.5061994040800135,1,0.008017745733189141,-0.1637102879751111,-0.001279865549722481,-0.11752379582679595,-0.11639289753686333,0.8015208806463361,0.04617764538434678,0.013249498512499347
2020-03-24,43.96254348754883,48.869998931884766,48.91999816894531,47.5,48.0,12216200,0.07976139514424241,45.38399887084961,51.03799991607666,4.494396361926204,1,0.006798475692897155,-0.09264763501520923,0.07681121425538895,-0.04247817288602218,-0.11078022364755857,0.9333822327152146,0.029056644157584546,0.060539146709671865
2020-03-25,44.07949447631836,49.0,50.04999923706055,48.04999923706055,49.29999923706055,9796600,0.0026601405966149017,46.30999908447266,50.73649997711182,4.4140428954458,1,0.10434981247628716,-0.10957657483295191,0.058086827223222226,-0.03422585274694134,-0.08724490050823448,0.7518804494275091,0.04081632653061224,0.008798860539676268
2020-03-26,44.86213684082031,49.869998931884766,50.459999084472656,48.91999816894531,49.099998474121094,10577500,0.01775508024254613,47.50599899291992,50.56549987792969,4.3759952571077445,0,0.13624970666203118,-0.06417718005041495,0.04976213507934357,-0.013754456056479847,-0.060505698399021424,0.8158884390671528,0.030880307770424522,0.002040785186144811
2020-03-27,42.19935989379883,46.90999984741211,48.09000015258789,46.5099983215332,47.22999954223633,12158500,-0.0593543041481831,47.981999206542966,50.2189998626709,4.37743278843019,1,0.05344713975653104,-0.1287147155560081,-0.022341698488142048,-0.06589139617092321,-0.0445449065541975,0.943097301098076,0.03368155694295641,-0.052937626753397304
2020-03-30,43.01799392700195,47.81999969482422,48.15999984741211,46.77000045776367,47.18000030517578,8428300,0.01939884566983885,48.49399948120117,49.81099987030029,4.188412858232489,0,0.05656211816678414,-0.14576634358947205,-0.013898622377769287,-0.03997109434984869,-0.02643995086483658,0.6676608343482954,0.029067323264723558,0.005755712185928852
2020-03-31,42.991004943847656,47.790000915527344,49.029998779296875,47.65999984741211,47.79999923706055,9595700,-0.0006273270491075067,48.27799987792969,49.456499862670896,4.0339969840078025,0,-0.022099407406632632,-0.12919096236510674,-0.010108102316505274,-0.03369625735284598,-0.02382902122094419,0.7757034579542,0.02866706226489404,-0.0004182446234067827
2020-04-01,41.83953857421875,46.5099983215332,47.560001373291016,46.29999923706055,46.83000183105469,8755200,-0.026783899758793694,47.779999542236325,48.92799968719483,3.657489374975446,1,-0.05081636078503671,-0.18517875211017976,-0.026580184865436673,-0.04941958349248543,-0.02346305085631674,0.7109857992865131,0.027090995091416995,-0.02008786495253545
2020-04-02,43.2968635559082,48.130001068115234,48.220001220703125,46.61000061035156,46.91999816894531,6174700,0.03483127940325037,47.43199996948242,48.54799976348877,3.289928354369817,0,-0.0348906737725444,-0.13637176631162995,0.014715826848581193,-0.008610008597880414,-0.022987554573683035,0.5093504373408718,0.03345108195765536,0.00881530557317367
2020-04-03,42.33431625366211,47.060001373291016,48.150001525878906,46.779998779296875,47.790000915527344,5486200,-0.02223144963803181,47.4620002746582,48.14749984741211,2.9210542023673076,1,0.00319764498756836,-0.14545121419868157,-0.008469910645165779,-0.022586810895011467,-0.014237490522381713,0.46697243762897983,0.029111829719571124,-0.007064204135518559
2020-04-06,44.95209503173828,49.970001220703125,50.099998474121094,48.5099983215332,48.630001068115234,7370300,0.06183594905425749,47.89200057983398,48.054499816894534,2.825693260933148,0,0.04496029986615846,-0.03588656269807644,0.04338930543119002,0.03986102053100882,-0.00338156130393061,0.644938857997157,0.031819093731163164,0.03336165849997785
2020-04-07,44.727195739746094,49.720001220703125,51.31999969482422,49.65999984741211,51.290000915527344,6568700,-0.005003001678863694,48.27800064086914,47.814999961853026,2.424214860029567,1,0.040385023398246345,-0.08787373414645427,0.029868688858114778,0.03984108042183232,0.009683168030649282,0.5879922892420425,0.03338696312663997,0.026415842757220753
2020-04-08,45.22196578979492,50.27000045776367,50.599998474121094,49.540000915527344,50.209999084472656,6325900,0.011061931286347804,49.03000106811523,47.71649990081787,2.270078575808885,0,0.08084287834707715,-0.0377105887711936,0.025290625385175236,0.053513995415703786,0.027527190175883932,0.5877559742817854,0.021086086113811534,0.009855145851555225
2020-04-09,43.47678756713867,48.33000183105469,50.65999984741211,47.720001220703125,50.279998779296875,12274000,-0.03859157766149124,49.070001220703126,47.698500061035155,2.2633706005242433,1,0.00415542818410497,-0.007393649739328989,-0.01508048443528931,0.013239447135894533,0.02875354901963362,1.1601803128535766,0.06083175078259305,0.00019889240983017586
2020-04-13,43.85459899902344,48.75,49.09000015258789,47.959999084472656,48.7400016784668,9873200,0.008690216284565455,49.40800094604492,47.52450008392334,2.0170291828362745,1,0.03591157198027939,-0.06662836631698976,-0.013317700239754315,0.025786697680407977,0.03963220778325941,0.9561851763793247,0.02317950908954327,0.008483340200261758
2020-04-14,45.54581832885742,50.630001068115234,51.27000045776367,49.95000076293945,50.0,11068800,0.03856412447415858,49.540000915527344,47.81100006103516,2.0315177979943497,0,0.013207921378610266,0.12761691197123337,0.022002424958499578,0.058961347879805004,0.03616324386197643,1.1016312777770314,0.026071492533613676,0.02564102564102555
2020-04-15,44.67322540283203,49.65999984741211,49.970001220703125,49.040000915527344,49.7599983215332,9398100,-0.019158625325686462,49.52800064086914,47.86700000762939,2.0677837715469924,1,-0.0012067854347925788,0.023073731165227374,0.002665143047063445,0.037457953067811633,0.034700328681032906,0.9544352891533412,0.018727352155323167,-0.017183541936164892
2020-04-16,47.1380729675293,52.400001525878906,53.13999938964844,51.68000030517578,51.810001373291016,18615900,0.05517522526955032,49.954000854492186,48.2685001373291,2.1316401388466963,1,0.04237121640579322,0.18097820120125574,0.04896506044653992,0.08559415305624252,0.034919268516064424,1.856644826504605,0.027862577136598045,0.04329443279269252
2020-04-17,48.29852294921875,53.689998626708984,54.189998626708984,53.0,54.130001068115234,11288500,0.02461826456613725,51.02600021362305,48.75850009918213,2.1975259027261362,0,0.11090412978652542,0.223285472165486,0.052208646610217624,0.10114130905371255,0.04650471425143276,1.1252570542258569,0.022164251390332495,0.03301525747822609
2020-04-20,47.30899429321289,52.59000015258789,53.81999969482422,52.560001373291016,53.0,9901700,-0.02048795869355602,51.794000244140626,49.16150016784668,2.1189032653461717,0,0.07876923389923873,0.18100160777543772,0.015368573670602181,0.06973953140233036,0.05354800132839904,1.0084090953068143,0.02395889556716801,-0.012851529975002274
2020-04-21,46.21150588989258,51.369998931884766,51.810001373291016,50.52000045776367,51.599998474121094,13102500,-0.02319834982246316,51.94199981689453,49.46700019836426,1.9613960478115475,1,0.014615797909503847,0.13499780903537117,-0.011012300008204856,0.03847006541511355,0.05003334765814464,1.3169896947629494,0.025111951379205792,-0.018824903510065494
2020-04-22,47.63284683227539,52.95000076293945,53.11000061035156,52.40999984741211,52.47999954223633,8255500,0.030757287597956262,52.6,49.67100028991699,2.1030926643827113,0,0.06625052206275406,0.08348684101142334,0.0066540068999896285,0.06601438372256996,0.05896800332159985,0.8466493484117698,0.01322003310393519,0.02160795470958443
2020-04-23,47.35396957397461,52.63999938964844,53.130001068115234,52.2599983215332,52.810001373291016,7619900,-0.0058546056435184735,52.6479995727539,49.853000259399415,2.1973573941146074,1,0.00458011177062656,0.07428570182955996,-0.0001519560699435596,0.0559043410777178,0.05606481653684447,0.790285787477747,0.01652740799144302,-0.002643992212110091
2020-04-24,47.43492889404297,52.72999954223633,52.88999938964844,52.0,52.599998474121094,5701800,0.0017097293622991838,52.455999755859374,49.99600028991699,2.289645646865011,1,-0.017880408065331754,0.057349121147123094,0.005223421298844899,0.05468435947806638,0.049203925347574354,0.6066925795128201,0.01687842589369937,-0.0007598958205005113
2020-04-27,48.13660430908203,53.5099983215332,53.75,52.970001220703125,53.150001525878906,5812300,0.014792315305675263,52.63999938964844,50.32600021362305,2.2970673639744317,0,0.017493785249590665,0.14069491570218373,0.016527335523788933,0.06326745806133549,0.04598019246916031,0.6400605229020159,0.0145766922773943,0.007965142941185777
2020-04-28,47.46192169189453,52.7599983215332,53.72999954223633,52.68000030517578,53.5099983215332,8561100,-0.01401607220193446,52.917999267578125,50.5730001449585,2.2789422741077017,1,0.027058583191553964,0.10330402882130629,-0.0029857694590076367,0.043244382779468626,0.04636859818278733,0.9420742778541953,0.019901426657779202,0.0
2020-04-29,49.00921249389648,54.47999954223633,54.689998626708984,53.43000030517578,53.75,8565500,0.032600479064100574,53.2239990234375,50.90750007629394,2.339137665934036,0,0.028895160665752817,0.13998741365446077,0.023598386852625275,0.07017628955632005,0.045504079824620576,0.9479315492823698,0.023127722689431616,0.018764247724828653
2020-04-30,47.79476547241211,53.130001068115234,54.40999984741211,52.959999084472656,54.20000076293945,6337900,-0.024779707882972568,53.32199935913086,51.23850021362305,2.144392964538973,0,0.00930854263199632,0.1423350459145707,-0.0036007331556059397,0.036915617096639375,0.04066276602205967,0.7109154386506078,0.02729156284187689,-0.00513947837095341
2020-05-01,45.96861267089844,51.099998474121094,52.560001373291016,51.09000015258789,52.47999954223633,10238700,-0.038208216698350506,52.99599914550781,51.38700008392334,2.016841904739593,1,-0.030912214721519504,0.06170781924152924,-0.035776298248118454,-0.005585101471841658,0.03131140286369534,1.1228707026783977,0.028767148035191963,-0.012234171142695316
2020-05-04,46.91318130493164,52.150001525878906,52.18000030517578,51.279998779296875,51.790000915527344,7514000,0.020548005540343972,52.72399978637695,51.641500091552736,1.744905703778625,0,-0.02541575104305349,0.10815979609122417,-0.010886849685602829,0.009846759552388562,0.020961817393087008,0.814992654328252,0.017257938629825154,0.013502983600981677
2020-05-05,46.51736068725586,51.709999084472656,52.58000183105469,51.58000183105469,52.209999084472656,7780700,-0.008437246951716881,52.513999938964844,51.72849998474121,1.6999787366315384,1,-0.019901426657779164,0.03482084893463311,-0.015310219282984483,-0.000357653909817901,0.015185051846764103,0.8420456839030609,0.019338619564978437,0.0011504804762849652
2020-05-06,46.89519500732422,52.130001068115234,52.619998931884766,52.0,52.11000061035156,8206700,0.008122258578200148,52.044000244140626,51.848999977111816,1.6342607739243684,1,-0.04313506780225329,0.0484714358053675,0.0016524637531929454,0.005419604835724234,0.0037609262881615996,0.8803455431615183,0.011893322831024867,0.007735477334382956
2020-05-07,47.075103759765625,52.33000183105469,52.97999954223633,52.099998474121094,52.95000076293945,5493400,0.003836576996768537,51.88400039672852,51.952000045776366,1.5939243243785461,1,-0.015057391699181633,0.04097874188447248,0.008596126569189844,0.007275981385610919,-0.0013088937670913982,0.5919286763335204,0.01681637755252298,0.015729899827793492
2020-05-08,47.59686279296875,52.90999984741211,53.34000015258789,52.470001220703125,52.619998931884766,6086000,0.01108347020949707,52.24600067138672,52.18099994659424,1.3576561409875298,0,0.03542077157218837,0.09476511158363987,0.012709090982901516,0.013970600440083247,0.001245678021866246,0.6783998858558195,0.016442996303038512,0.005541698656275962
2020-05-11,47.1380729675293,52.400001525878906,52.83000183105469,52.380001068115234,52.61000061035156,6459300,-0.009638977943753457,52.29600067138672,52.36350002288818,1.0913885228246876,0,0.004793863714000812,0.07487182617187504,0.001988696136549617,0.0006970791290645817,-0.0012890534718259187,0.7339767499600871,0.00858780056937995,-0.005669991266787355
2020-05-12,45.96861267089844,51.099998474121094,52.63999938964844,51.08000183105469,52.63999938964844,8584500,-0.024809217822556295,52.1740005493164,52.386999893188474,1.0566038421772537,0,-0.011796569737993479,0.009282982344273494,-0.02058500524950413,-0.024567190747541212,-0.004065881694052978,0.9894308568267214,0.030528328868420412,0.00458011177062656
2020-05-13,45.80668258666992,50.91999816894531,52.02000045776367,50.47999954223633,51.90999984741211,8611000,-0.0035225109696811474,51.93199996948242,52.44999980926514,0.9132938342967803,1,-0.023211257900971116,0.025372499504726864,-0.019487056172144412,-0.02917067008357843,-0.00987606943119978,0.9970075878402357,0.030243538313136614,0.015851299363565108
2020-05-14,46.868194580078125,52.099998474121094,52.150001525878906,49.790000915527344,50.43000030517578,13695600,0.023173612482481065,51.885999298095705,52.43499965667725,0.9166158565825769,0,-0.00439524840217187,-0.005725248912629266,0.004124410802920364,-0.006388884995701449,-0.010470112752477778,1.6322104011164569,0.04529751784011688,-0.009622896335223508
2020-05-15,44.79915237426758,49.79999923706055,51.04999923706055,49.380001068115234,50.560001373291016,17777200,-0.04414585996970799,51.26399917602539,52.24049968719483,1.0406250140195266,1,-0.05877907048422859,-0.07245296124320055,-0.028558051702870513,-0.0467166367999442,-0.018692403729223768,2.039777333219357,0.03353410029176306,-0.02955848648623316
2020-05-18,46.66130065917969,51.869998931884766,52.189998626708984,50.77000045776367,50.939998626708984,12726500,0.041566259569011166,51.157998657226564,52.20449962615967,1.0403518666586922,0,-0.010114553025964867,-0.013690838916411319,0.01391767257020371,-0.006407506951896624,-0.020046183306557375,1.4369663879826184,0.027376097902181217,0.022891554359705024
2020-05-19,45.70773696899414,50.810001373291016,51.459999084472656,50.79999923706055,51.349998474121094,12940300,-0.02043565799925562,51.099999237060544,52.17649974822998,1.0710757560305322,1,-0.005675090205275457,-0.010901256963939066,-0.005675105050866769,-0.026189920395825683,-0.020631903565090218,1.4624460142206581,0.012989565628294737,-0.010025071688290033
2020-05-20,46.634307861328125,51.84000015258789,52.09000015258789,50.5,51.58000183105469,8406200,0.020271575505965478,51.283999633789065,52.1209997177124,1.0575588901938462,0,0.018067596557842514,-0.020963184029422544,0.010841598213266135,-0.0053912926967326635,-0.01605878798289619,0.9492170782741056,0.03067129914945644,0.015154505745957891
2020-05-21,45.65376281738281,50.75,52.209999084472656,50.689998626708984,52.099998474121094,7842600,-0.02102623744945098,51.013999938964844,52.02649974822998,1.0926033613681558,0,-0.025911679724744285,-0.03590424414062787,-0.00517504879603059,-0.024535568496964033,-0.019461232528901456,0.8844640250184249,0.02995074793622999,0.005015399706171264
2020-05-22,44.79915237426758,49.79999923706055,50.86000061035156,49.61000061035156,50.84000015258789,12462300,-0.018719226855949844,51.013999938964844,51.87999973297119,1.1857710677432198,1,0.0,-0.05556609767896681,-0.023797402739576867,-0.04009253096793575,-0.016692363116108153,1.3538487945256374,0.025100401990965603,0.0017734020214361657
2020-05-26,45.716739654541016,50.81999969482422,51.400001525878906,50.790000915527344,51.29999923706055,8872000,0.020481937216669577,50.80400009155274,51.745499801635745,1.1429395970689267,1,-0.020242900687917786,-0.050270953300076804,0.0003149280222551898,-0.017885615374465313,-0.018194813340139886,0.9480582277872319,0.01200316044893027,0.030120482389158765
2020-05-27,46.54434585571289,51.7400016784668,51.7400016784668,50.75,51.029998779296875,11405700,0.018103148153624904,50.99000015258789,51.69449996948242,1.11776823822492,0,0.018303489077736046,-0.019332764888472576,0.014708796305834992,0.0008802040644795284,-0.013628138724824313,1.200561455658529,0.019134164019148393,0.0041322134146735134
2020-05-28,45.23096466064453,50.279998779296875,51.619998931884766,50.099998474121094,51.459999084472656,8178700,-0.02821806826066542,50.677999877929686,51.48449993133545,0.9486421398391593,1,-0.030092618994970066,-0.07709252566500757,-0.007853528150114308,-0.02339541325340655,-0.015664909914272978,0.8626442561490313,0.03023071787323794,-0.005411723713002359
2020-05-29,45.275936126708984,50.33000183105469,50.72999954223633,49.86000061035156,50.34000015258789,10918500,0.0009944919047690792,50.594000244140624,51.34449996948242,0.8982939492558858,1,-0.008275825989070174,-0.052700906846789075,-0.005217978649879718,-0.019758652611880922,-0.014616944868250166,1.124459899309938,0.0172858911232536,0.0011933447642746842
2020-06-01,45.90566635131836,51.029998779296875,51.279998779296875,50.540000915527344,50.90999984741211,6187300,0.013908144700488956,50.84000015258789,51.34099998474121,0.8994323761378736,1,0.02469878636706846,-0.0013698570824746126,0.0037371877682677024,-0.006057560342353385,-0.00975827958750742,0.6507860961301298,0.01450123224517403,0.011523902150934351
2020-06-02,46.78723907470703,52.0099983215332,52.040000915527344,51.290000915527344,51.45000076293945,6063600,0.01920438106367195,51.077999877929685,51.33399982452393,0.8933287431040486,1,0.0234159510793972,-0.0026846251246268604,0.018246572806900785,0.013168630913625634,-0.004986947198140294,0.6426773772496914,0.014420304253105209,0.008230491743867585
2020-06-03,47.73179626464844,53.060001373291016,53.25,52.41999816894531,52.63999938964844,8380200,0.02018848463071543,51.34199981689453,51.40149993896485,0.9708723482608996,1,0.025512169540063523,0.026107180675308372,0.033461913492336626,0.03226562330467986,-0.0011575561441002655,0.8853994979334128,0.015642702781242072,0.012113076109337317
2020-06-04,48.829288482666016,54.279998779296875,54.369998931884766,53.029998779296875,53.060001373291016,13269500,0.022992788813231524,52.14199981689453,51.508999824523926,1.1569739656455507,1,0.07955449676039028,0.04124300147955817,0.04100339399927666,0.053796403817059746,0.012289114417423216,1.3654530449618338,0.024686812504111273,0.0
2020-06-05,49.656890869140625,55.20000076293945,56.34000015258789,55.060001373291016,55.5,9776100,0.016949189468174364,53.11599960327148,51.652499771118165,1.413669829048087,1,0.09676135018298115,0.054844235265850694,0.039234904270532,0.06868014147506751,0.028333572211187406,0.9842879012661401,0.023188383362419247,0.02247607310500621
2020-06-08,49.989749908447266,55.56999969482422,55.779998779296875,54.709999084472656,55.7400016784668,6302100,0.006702879108168025,54.023999786376955,51.78549976348877,1.6444884755257356,1,0.08896729422163419,0.05027404753512221,0.028616909421007142,0.07308030140907706,0.04322638640375603,0.6338253397378648,0.01925498831564468,0.009782625146083301
2020-06-09,50.92531204223633,56.61000061035156,56.630001068115234,54.95000076293945,55.290000915527344,9355100,0.01871515064313045,54.944000244140625,51.9959997177124,1.9654180748157766,1,0.08844457675965467,0.0803434916388972,0.030321788708651765,0.08873761284884774,0.0566966794067427,0.9273723079973235,0.029676740629968845,-0.005038668001341673
2020-06-10,51.77091598510742,57.54999923706055,58.040000915527344,56.81999969482422,56.81999969482422,9194300,0.016604815696417807,55.84199981689453,52.31849975585938,2.309687412294766,0,0.08462114111496577,0.12622311067594194,0.030586286769215487,0.0999933007562066,0.06734711579034791,0.9086857002798906,0.021198978920532796,0.0037095757323530876
2020-06-11,49.51296615600586,55.040000915527344,56.40999984741211,55.0099983215332,55.849998474121094,9877100,-0.04361421989241032,55.99400024414062,52.52449989318848,2.361539458306425,1,0.01400151350998824,0.08091129015583332,-0.01703752767178135,0.04789195570551419,0.06605489548701216,0.9700983495137526,0.025436073811618554,-0.029539544491335112
2020-06-12,50.37656021118164,56.0,56.869998931884766,55.349998474121094,56.5,9838800,0.01744184354113676,56.15400009155273,52.71949996948242,2.4825591909219487,1,0.014492739601511984,0.0748560775451097,-0.002742459865755831,0.062225552829912045,0.0651466748367953,0.9849925490841905,0.027142865317208425,0.026526145715611182
2020-06-15,50.39455795288086,56.02000045776367,56.119998931884766,54.52000045776367,54.709999084472656,7509700,0.0003571510314941406,56.24400024414062,53.03050003051758,2.487170245579729,0,0.008097908321229808,0.12489962481915606,-0.003982643222470439,0.05637322720935534,0.06059720748953456,0.7925528715094883,0.02856120066131406,-0.023035730634416884
2020-06-16,50.196651458740234,55.79999923706055,57.0,55.540000915527344,56.59000015258789,8827200,-0.003927190626658361,56.081999969482425,53.227000045776364,2.545226892115656,1,-0.014308450177668797,0.07576634636789992,-0.005028364405251784,0.04834011289517259,0.053638189664093394,0.951169485251927,0.02616485850241683,0.010174931991547842
2020-06-17,50.91630935668945,56.599998474121094,56.81999969482422,55.88999938964844,56.150001525878906,8248700,0.014336904085998858,55.89199981689453,53.51649990081787,2.584818544054424,0,-0.01650739835853343,0.11395388593462363,0.012667262927538836,0.057617717508018584,0.04438817786064442,0.9118832693901082,0.016431101241124596,0.0062724425377034265
2020-06-18,50.88913345336914,56.150001525878906,56.540000915527344,55.790000915527344,56.040000915527344,6831500,-0.007950476331689993,56.113999938964845,53.73199996948242,2.6171531843786275,0,0.02016716191656931,0.08314045834499972,0.0006415794089393856,0.045001145644491425,0.04433112429902666,0.7618447538488131,0.01335707888902431,-0.009893950065207102
2020-06-19,50.12782287597656,55.310001373291016,56.5,55.27000045776367,56.47999954223633,6965100,-0.014959931073211918,55.976000213623045,53.96000003814697,2.541222343736105,1,-0.012321404048374673,0.08985224380868995,-0.011897935504329604,0.02501855697163946,0.037361011379741724,0.7805629722604343,0.022238284427710937,0.005877079383610262
2020-06-22,50.753170013427734,56.0,56.0,55.31999969482422,55.5,4480400,0.01247511498060061,55.97200012207031,54.27000007629395,2.3800973190194434,1,-0.00035702352017563665,0.124498009195259,0.000500247943054033,0.03187764734243559,0.03136171076807918,0.525616840761701,0.012142862592424666,0.003435158596845289
2020-06-23,51.44196701049805,56.7599983215332,57.15999984741211,56.529998779296875,56.63999938964844,7836500,0.013571398598807294,56.16399993896484,54.567000007629396,2.296058535345846,0,0.017204284903198586,0.1168830905623548,0.010611751000926706,0.040189094390330915,0.029266771695569824,0.9249548971619884,0.011099384896849602,0.011428560529436416
2020-06-24,51.27883529663086,56.58000183105469,57.060001373291016,56.15999984741211,56.709999084472656,7080200,-0.0031711856201769306,56.16000061035156,54.80900001525879,2.2367126709000145,1,-0.00035329759020308327,0.09354464622296699,0.007478654133520557,0.032312244618636576,0.024649247289982537,0.857579248137422,0.015906707259682844,-0.0008808886282433148
2020-06-25,51.69573211669922,57.040000915527344,57.09000015258789,55.95000076293945,56.560001373291016,4509600,0.008130064856593622,56.33800048828125,55.14700012207031,2.0161899875062916,0,0.015850389411623533,0.13444714201174457,0.01246051370587975,0.03432645092691877,0.021596829629437892,0.5586321588836276,0.019985963733358016,-0.00035348987480399163
2020-06-26,51.05225372314453,56.33000183105469,57.2599983215332,56.209999084472656,57.0,6229300,-0.0124473890791853,56.54200057983398,55.447000122070314,1.6800914723923546,1,0.018441519299188247,0.11921318858959129,-0.0037494030385423205,0.01592514846683124,0.01974859695480279,0.7947446548053965,0.01864014207224263,-0.0007012783114533905
2020-06-29,51.10663604736328,56.38999938964844,56.40999984741211,55.65999984741211,56.34000015258789,5016600,0.0010651084083699303,56.62000045776367,55.71500015258789,1.3293113806135852,1,0.006964274815150606,0.10503626765764573,-0.004062187676716955,0.0121152155651425,0.016243386928066744,0.6448420094658066,0.013300230681287757,0.00017749549455348124
2020-06-30,51.45104217529297,56.77000045776367,56.9900016784668,56.189998626708984,56.25,7158700,0.0067388024867578444,56.62200088500977,55.95300025939942,1.0215419780359891,1,0.00017621805014522707,0.09152090539983204,0.0026138174285728066,0.014601544056201066,0.011956474585971244,0.913759751146715,0.014092003616470058,-0.0024826989034182345
2020-07-01,51.49635696411133,56.81999969482422,57.470001220703125,56.7599983215332,56.970001220703125,6866500,0.0008807334271161427,56.67000045776367,56.14100017547607,0.7780805783603558,1,0.004241743655048813,0.0708631402981057,0.0026468896391194097,0.012094539057477594,0.009422708548727985,0.8850122121760874,0.012495651231666526,0.0035230009041176125
2020-07-02,53.12770462036133,58.619998931884766,59.06999969482422,57.95000076293945,57.95000076293945,10021200,0.03167897301527978,56.986000061035156,56.35800018310547,0.8348686286029573,1,0.0276998245266038,0.07995578942870618,0.02867368948688287,0.04013624935998683,0.011143047586666241,1.3192324881997464,0.01910608925780059,0.019887382509404805
2020-07-06,56.08226776123047,61.880001068115234,62.130001068115234,60.560001373291016,60.66999816894531,12725600,0.055612456424956935,58.09599990844727,56.692000198364255,1.4539151829777137,0,0.09852652328516065,0.1210144966095843,0.06513359208260683,0.09151204493752663,0.024765393797545415,1.6433466645832553,0.025371681766715237,0.034970987281023325
2020-07-07,55.02188873291016,60.709999084472656,61.5,60.68000030517578,61.2599983215332,6672300,-0.01890759475512427,58.95999984741211,56.94900016784668,1.6816027451764526,1,0.07660932331233972,0.09249594057721722,0.029681126892631138,0.06604152672638897,0.03531229123669211,0.8595865615764562,0.013506830953551175,-0.010019436585005148
2020-07-08,56.725738525390625,62.59000015258789,62.7400016784668,61.5,61.63999938964844,8721900,0.030966909841315893,60.123999786376956,57.248000144958496,2.0981935646586725,1,0.1025189298554654,0.1056350375863242,0.0410152414172833,0.09331330341850963,0.05023755649343382,1.1282365055054226,0.01981149824962138,0.01531873363861802
2020-07-09,58.71055221557617,64.77999877929688,64.97000122070312,62.88999938964844,62.95000076293945,16903300,0.03498959292810344,61.715999603271484,57.609500122070315,2.6918205907969934,0,0.14009150171110862,0.12562988076601767,0.04964675603930391,0.1244672951862591,0.07128163709978037,2.0827105930130694,0.032108704387926575,0.0057517272643221595
2020-07-10,57.8676872253418,63.849998474121094,64.55999755859375,63.189998626708984,64.47000122070312,10700000,-0.014356287784818567,62.76199951171875,58.05,2.956996648700892,1,0.08921869050720188,0.16006535995729543,0.01733531389800924,0.0999138410701308,0.08117139555071062,1.31173184768464,0.021456522546982316,-0.004785390003632095
2020-07-13,58.97338104248047,65.06999969482422,67.08000183105469,64.9800033569336,65.19999694824219,16667700,0.01910730226873225,63.39999923706055,58.50349998474121,3.3014941228437538,1,0.05155136670404303,0.1619642802647181,0.026340701543533518,0.11224114303923138,0.08369583449872972,1.9612289082907772,0.032272913538804446,0.02114328122761444
2020-07-14,60.686302185058594,66.95999908447266,67.02999877929688,65.33000183105469,66.0,10482700,0.029045633909827284,64.64999923706054,59.05049991607666,3.7448760364973324,0,0.10294844497203282,0.1952873712480101,0.03573085653012531,0.13394466058097865,0.09482560399898328,1.2122582323860187,0.0253882462886174,0.01429230535634618
2020-07-15,59.87062072753906,66.05999755859375,67.20999908447266,65.16000366210938,67.18000030517578,12432500,-0.013440883186744412,65.34399871826172,59.56349983215332,3.972018963649168,1,0.05544012458134473,0.18387094017590666,0.010957377178876682,0.10906843527910892,0.09704767017380656,1.4083805011942772,0.03103232664435055,0.0032855618833802502
2020-07-16,60.3509635925293,66.58999633789062,66.62999725341797,64.31999969482422,65.37999725341797,15709400,0.008022991203213037,65.70599822998047,60.0629997253418,4.2012596374518445,0,0.027940685284054245,0.1765017338001733,0.013453841836722935,0.10866917473978499,0.09395132661444103,1.7074414029596057,0.03468985862189227,-0.010293677419116354
2020-07-17,60.17878341674805,66.4000015258789,68.0,66.37000274658203,67.30999755859375,11716600,-0.0028532035209560824,66.21599884033203,60.5754997253418,4.32224344887412,1,0.03993740192165163,0.18254674481666555,0.0027788251898239746,0.09615276517645333,0.09311518915345453,1.2405338172677995,0.02454815084277806,0.010812453225702123
2020-07-20,60.62284469604492,66.88999938964844,66.9800033569336,65.80000305175781,66.69999694824219,6357300,0.007379485730562241,66.57999877929687,61.15449962615967,4.355254513123127,1,0.027969874033501485,0.2093653539836895,0.004656062121286109,0.09378704426575557,0.08871790606257159,0.6752729723514419,0.017640907698354566,0.0045180032450204965
2020-07-21,61.4566535949707,67.80999755859375,69.25,67.70999908447266,68.83999633789062,10619700,0.01375389710479924,66.7499984741211,61.74499950408936,4.419749813253685,1,0.012694123144308733,0.21089281354631706,0.01588013645998232,0.09822654633113581,0.08105917904656008,1.09240663362609,0.022710528992375332,0.02915229430460964
2020-07-22,62.10919189453125,68.52999877929688,68.9000015258789,68.02999877929688,68.0999984741211,7366100,0.010617921348264003,67.24399871826172,62.33349952697754,4.503851642054231,0,0.03739027114725957,0.20736435528220332,0.019124384116762982,0.09940881386961964,0.07877785185410532,0.7595593254594313,0.012695210303211938,0.0042766690159037335
2020-07-23,61.05790710449219,67.37000274658203,68.5,66.75,68.26000213623047,8559500,-0.0169268357416823,67.4,62.872999572753905,4.42392618915835,1,0.01171356737629936,0.19070343878294316,-0.00044506310709158114,0.07152518894258231,0.07200229761596873,0.8759366853172258,0.025975952629581644,-0.003939831429677132
2020-07-24,66.97606658935547,73.9000015258789,76.88999938964844,71.3499984741211,71.4000015258789,41226800,0.09692739369270953,68.9,63.715999603271484,4.840667925450751,1,0.11295180463327137,0.29558205364197243,0.07256896263975188,0.15983429571878727,0.08136104634639288,3.551681493768999,0.07496618134151595,0.05981888993616424
2020-07-27,75.45003509521484,83.25,83.4000015258789,80.43000030517578,81.36000061035156,39899200,0.12652230420924737,72.17200012207032,65.06199951171875,6.223889233652211,0,0.24458066616283092,0.47789805243898176,0.15349442802184465,0.2795487477295451,0.1092803889168966,3.001930603603292,0.035675690338776274,0.10094721150797614
2020-07-28,69.71311950683594,76.91999816894531,79.58000183105469,76.48999786376953,79.3499984741211,31500100,-0.07603605803068691,73.99400024414062,66.0884994506836,6.408602976946287,1,0.13434598050943336,0.36407162620160594,0.03954371861435346,0.16389385155195368,0.11961991661433086,2.155274367266481,0.04017165939731749,-0.04684686517572256
2020-07-29,74.92438507080078,82.66999816894531,83.37000274658203,77.05999755859375,77.11000061035156,28304000,0.07475299189907458,76.8220001220703,67.38349933624268,7.014664460584205,0,0.20633298761884955,0.456226836398407,0.07612400142644726,0.22685819203931845,0.14007139550188166,1.805952036098623,0.07632763188276702,0.0024701306023036107
2020-07-30,72.44108581542969,79.93000030517578,81.27999877929688,78.61000061035156,80.01000213623047,16820300,-0.0331437997394175,79.33399963378906,68.53899936676025,7.086044059594405,0,0.18643308663410996,0.40672299779080556,0.00751255040887755,0.1661973627228046,0.15750157380126742,1.0401965082920488,0.03340420566434578,-0.03217607465381633
2020-07-31,71.49855041503906,78.88999938964844,79.7699966430664,77.51000213623047,79.62999725341797,12021200,-0.013011396366277794,80.33199920654297,69.55249938964843,7.0421339984658955,1,0.0675236503482628,0.34578643512629537,-0.017950503300521503,0.1342511064582923,0.1549836441751059,0.7388427141216117,0.028647414429217033,-0.0037533222896583007
2020-08-03,71.55292510986328,78.94999694824219,79.1500015258789,77.41000366210938,77.7699966430664,10129800,0.0007605217271888787,79.47199859619141,70.40599918365479,7.097508331123957,1,-0.05165168830940314,0.27585642510472685,-0.0065683719696240095,0.12135326341012931,0.12876742774273925,0.6276005977502583,0.022039239151715663,-0.014197018066259393
2020-08-04,72.6767578125,80.19000244140625,80.19000244140625,78.73999786376953,79.33000183105469,12569400,0.015706213313434025,80.1259994506836,71.37999935150147,7.033224314794638,1,0.04251175702421084,0.320869768583407,0.000798779312101372,0.12342397268065342,0.12252732107930672,0.7647771955309812,0.018082111653459763,0.004813234927185883
2020-08-05,73.9818115234375,81.62999725341797,84.0,80.56999969482422,80.9800033569336,14436300,0.017957286047770138,79.91799926757812,72.33199920654297,7.069321926742649,0,-0.012580149250783657,0.3042019021315314,0.02142193249993407,0.12854612272397858,0.10487751125713306,0.8633585300484209,0.042018870765454575,0.009851613561236539
2020-08-06,72.975830078125,80.5199966430664,82.0999984741211,80.22000122070312,82.04000091552734,9838700,-0.013597949867688919,80.03599853515625,73.11899909973144,7.060468720478983,0,0.007381412931790177,0.24297619883253074,0.006047255194767898,0.10121852917106122,0.09459920842174409,0.6010985550039666,0.023348203325836276,0.005022708267850673
2020-08-07,72.53173828125,80.02999877929688,80.79000091552734,79.41000366210938,80.48999786376953,8705800,-0.006085418333307002,80.26399841308594,73.92799911499023,6.866823658508527,0,0.014450493072231119,0.25340643213536906,-0.002915374743540311,0.08253976487061943,0.0857050018118369,0.5351436594991872,0.0172434996184826,-0.00037256309671562793
2020-08-10,72.38673400878906,79.87000274658203,80.8499984741211,79.22000122070312,80.55000305175781,7421400,-0.001999200739163709,80.4479995727539,74.66799926757812,6.656233030213443,0,0.011653018795465986,0.22744741234315735,-0.007184725900476252,0.0696684460549446,0.07740933682262907,0.46953531099897255,0.02040812817535208,0.006497616898570424
2020-08-11,70.63756561279297,77.94000244140625,79.19999694824219,77.94000244140625,79.08999633789062,7056300,-0.024164269923708903,79.99799957275391,75.21699943542481,6.436197141163319,1,-0.028058360537450366,0.1639785469991104,-0.02572560741942087,0.036201962673599875,0.06356276072184558,0.45132821474532,0.01616621076940787,-0.009765949441197241
2020-08-12,71.95170593261719,79.38999938964844,79.55000305175781,77.7300033569336,78.16000366210938,8354400,0.018604014662846113,79.55,75.88349952697754,6.120486895678734,0,-0.027440866582605916,0.20178629009532245,-0.002011321311773173,0.04620898989278022,0.048317493208374834,0.5414171761786553,0.02292479794453212,0.00282269968965565
2020-08-13,70.9638442993164,78.30000305175781,79.0999984741211,77.83000183105469,79.0,6551800,-0.013729642855152213,79.10600128173829,76.4689998626709,5.732460259283804,1,-0.02757071142401446,0.1758523405595087,-0.01018883797589376,0.023944385206752683,0.03448458099103068,0.43758204496372904,0.016219624438927722,-0.004912449838100019
2020-08-14,71.06352233886719,78.41000366210938,79.2300033569336,78.05000305175781,78.41999816894531,5611200,0.0014048608692753817,78.78200225830078,77.06949996948242,5.229127292280572,1,-0.020242348393070042,0.18087352199155693,-0.004721872832982088,0.017393439598774707,0.022220233548893718,0.38256099469131166,0.015049104069178882,0.0015325046297658407
2020-08-17,72.6767578125,80.19000244140625,80.88999938964844,79.66000366210938,79.80000305175781,8663900,0.022701169444748315,78.84600219726562,77.73450012207032,4.683692156398135,0,0.00400650662100932,0.1988339538513444,0.017045889540195924,0.031588320700331796,0.014298697147982653,0.5860799666098325,0.015338517147917582,0.0177273220855636
2020-08-18,71.96983337402344,79.41000366210938,80.81999969482422,79.25,80.22000122070312,6804800,-0.009726883097014638,79.14000244140625,78.31450042724609,4.067755271337295,0,0.018860677119021618,0.17106631059073862,0.0034116908311068173,0.01398851079795893,0.01054085781887932,0.46633612138116304,0.019770804966897978,0.00037409625119777523
2020-08-19,71.18133544921875,78.54000091552734,79.2300033569336,78.25,79.01000213623047,7976800,-0.010955833099868695,78.97000274658203,78.81500053405762,3.353634296005037,0,-0.010706618977905258,0.14606744950438433,-0.005445128733686078,-0.0034891786673456604,0.001966658776553946,0.5455123016894755,0.012477760956326234,-0.005037167956582822
2020-08-20,69.61341094970703,76.80999755859375,77.0999984741211,75.9800033569336,76.31999969482422,11457100,-0.022027035100168568,78.67200164794922,79.2870002746582,2.0808245368406135,1,-0.01902944361546377,0.14012163317732163,-0.023667938406954248,-0.03124096897957873,-0.007756613626175338,0.7758339024334915,0.01458137160248082,-0.028265867008211765
2020-08-21,71.00006103515625,78.33999633789062,78.7300033569336,77.86000061035156,78.0199966430664,7942300,0.019919266084206466,78.65800018310547,79.50900001525879,1.6726620376169146,1,-0.000892836640085215,0.06008111935500948,-0.004042867152413976,-0.014702784302957128,-0.010703188720648009,0.6061325290538828,0.011105473413983782,0.015753145722334105
2020-08-24,71.50762176513672,78.9000015258789,79.91000366210938,78.48999786376953,79.7300033569336,6405600,0.007148394360052102,78.4,79.29150009155273,1.4251101801836896,1,-0.01608680479178104,-0.05225223392337652,0.006377570483149242,-0.0049374594404417715,-0.011243324827041632,0.5604905604905605,0.01799753828742433,0.017743261220586337
2020-08-25,72.54080200195312,80.04000091552734,80.4800033569336,79.47000122070312,79.8499984741211,6113100,0.014448661186331258,78.5259994506836,79.44750022888184,1.3186387068573677,1,0.007933474680326347,0.040561659137450023,0.019280257181502947,0.0074577637425792265,-0.011598864351218945,0.6017298589161952,0.012618717199871166,0.012040518756271323
2020-08-26,74.09056091308594,81.75,82.16999816894531,81.01000213623047,81.25,7821600,0.021364306158333957,79.16799926757812,79.40150032043456,1.212045794166331,0,0.040870881678816584,-0.01112856162238196,0.03261419710374436,0.029577522717930682,-0.0029407637376386753,0.856214881298378,0.014189553917001147,0.015117429668068949
2020-08-27,73.0483169555664,80.5999984741211,82.30999755859375,80.16999816894531,82.18000030517578,8018200,-0.01406729695264719,79.92599945068359,79.43500022888183,1.2364355783581806,0,0.049342547012010796,0.008382311602492587,0.008432788179938644,0.014666057051456738,0.006181144588493814,0.92216375301395,0.02655086141639996,0.005259942570957632
2020-08-28,72.90333557128906,80.44000244140625,80.87999725341797,79.91000366210938,80.05999755859375,5699500,-0.0019850624782110637,80.34600067138672,79.51250038146972,1.2489904114199328,0,0.026806308420771696,0.019647649432751768,0.0011699620296472535,0.011664858424609292,0.010482632113418534,0.6802205540106696,0.012058597238546234,-0.006699763346778798
2020-08-31,71.82482147216797,79.25,79.76000213623047,78.69000244140625,79.0,9812900,-0.01479366490911116,80.41600036621094,79.52750053405762,1.2436694465823293,1,0.004435975505099332,0.003799912138748862,-0.014499606557165534,-0.0034893657187023974,0.011172233833412317,1.1733630832273614,0.013501573436267745,-0.01790157132895631
2020-09-01,73.90933227539062,81.55000305175781,81.5999984741211,79.98999786376953,80.12000274658203,10193300,0.029022120526912554,80.71800079345704,79.59550056457519,1.3168280815085625,1,0.018865593690136295,0.0169597277583986,0.010307518151121187,0.024555439356737985,0.014102558824555314,1.236413257725081,0.019742496015968683,0.010977952638258959
2020-09-02,74.47122192382812,82.16999816894531,82.70999908447266,79.87999725341797,81.3499984741211,12567800,0.007602637571871185,80.8020004272461,79.62250061035157,1.365379623657786,0,0.005137592280676673,0.0066152264326424515,0.01693024596502357,0.031994694201585405,0.014813649506772582,1.5419052672582223,0.03444081652814538,-0.0024525391802839858
2020-09-03,73.5739974975586,81.18000030517578,81.80999755859375,78.37999725341797,81.12000274658203,20090100,-0.012048167041869062,80.91800079345703,79.65550079345704,1.3958490105768016,0,0.007196052630707106,0.00819676713394668,0.0032378396543373267,0.019138659559390536,0.015849501759754064,2.3189638703995374,0.04225178975463856,-0.012778330847768138
2020-09-04,71.51668548583984,78.91000366210938,81.47000122070312,77.41000366210938,80.5,13638700,-0.02796251089594637,80.61200103759765,79.59950103759766,1.4024844970446235,0,-0.01902037211412755,-0.013994691169197382,-0.021113449034647624,-0.008662081627403784,0.012719928979476254,1.5307114221709441,0.0514509868226411,-0.008376451128596862
2020-09-08,70.07564544677734,77.31999969482422,79.1500015258789,77.22000122070312,78.0199966430664,11553500,-0.020149586788685392,80.2260009765625,79.47200088500976,1.4897919661112564,1,-0.024353316153637672,-0.031926918293075146,-0.0362226864902222,-0.027078734223633494,0.009487619327009568,1.2672973445823545,0.024961204252371135,-0.011278760331249749
2020-09-09,71.96077728271484,79.4000015258789,79.69999694824219,78.55000305175781,78.62000274658203,7867500,0.026901213648012012,79.79600067138672,79.5450008392334,1.4458963119569224,0,-0.02636421147052992,0.018732345890933866,-0.004962644019449125,-0.001822858907846947,0.00315544445917621,0.8591595361248329,0.014483550055217021,0.016813283198251705
2020-09-10,71.50762176513672,78.9000015258789,81.2300033569336,78.76000213623047,80.73999786376953,11241800,-0.0062972290981258006,79.14200134277344,79.52050094604492,1.452795862126239,0,-0.03979550585291658,-0.006172035111936536,-0.0030577924842511983,-0.0078030119627519046,-0.004759773879295512,1.20859101818778,0.03130546480272214,0.016876527860693713
2020-09-11,71.43508911132812,78.81999969482422,80.30000305175781,78.5999984741211,80.01000213623047,7853500,-0.0010139648860265638,78.67000122070313,79.54650077819824,1.4343395250771775,1,-0.029071207212117978,0.006641080750950712,0.0019066794431625844,-0.009133036353160762,-0.011018706654854337,0.8384525540587573,0.02156818807686891,0.014068448528324673
2020-09-14,72.95769500732422,80.5,81.12000274658203,79.94999694824219,80.5,7091100,0.02131439116569922,78.98800048828124,79.65100059509277,1.4232727006381127,1,0.020149490103928303,0.026654715473512836,0.019142141874360696,0.010658992336118,-0.008323813911414572,0.751123730292019,0.014534233519749612,0.02131439116569922
2020-09-15,77.80643463134766,85.8499984741211,86.79000091552734,81.37999725341797,81.55999755859375,21048400,0.06645960837417508,80.69400024414062,79.93400039672852,1.9871120592802605,0,0.11032072960377759,0.07058231525620084,0.06389568263292111,0.07401103470400927,0.009507842015163404,2.092311240293125,0.0630169337014046,0.013167671535326164
2020-09-16,75.34127807617188,83.12999725341797,86.48999786376953,83.04000091552734,86.48999786376953,14492600,-0.031683183098984546,81.43999938964843,80.12000007629395,2.1060261669378595,0,0.04697727526268802,0.046845402591054075,0.020751447402200585,0.03756861176058113,0.01647527848349379,1.3876125377838757,0.041501227742436114,0.0074548561563616556
2020-09-17,74.61888122558594,81.91000366210938,82.29000091552734,80.61000061035156,81.0,10090200,-0.014675732366374317,82.04199981689453,80.28850021362305,2.107773178453147,0,0.03814958273788127,0.042908106790151335,-0.0016088851451665498,0.02019596136647217,0.02183998453833307,0.9564225009810482,0.020510319009458548,-0.02562248675318457
2020-09-18,73.0884017944336,80.2300033569336,82.83999633789062,80.11000061035156,82.37000274658203,10528300,-0.020510319009458544,82.32400054931641,80.45950050354004,1.943004548610302,1,0.017888907226194295,0.04452552931968157,-0.025436047548835994,-0.0028523312370842824,0.02317314964805596,1.002361117722664,0.034027117204440856,0.005615908483782128
2020-09-21,73.41635131835938,80.58999633789062,80.6500015258789,79.08000183105469,79.80000305175781,8417100,0.004487011914426464,82.34199981689453,80.57200050354004,1.8778721594437393,0,0.0011179669303182926,0.028720961260904954,-0.0212771548286399,0.00022335096855141678,0.021967920646040334,0.7995542991325362,0.019481322324940462,-0.00535959475487946
2020-09-22,73.31616973876953,80.4800033569336,80.88999938964844,79.4000015258789,80.83000183105469,6375200,-0.0013648465809064092,81.26800079345703,80.65100059509277,1.8366120941250423,0,-0.06255090521412476,0.02002537136246385,-0.009696281793939332,-0.0021202122341625884,0.007650248525271339,0.6056782813907268,0.018513889185134625,0.002978105274478393
2020-09-23,70.98403930664062,77.91999816894531,79.93000030517578,77.88999938964844,79.69999694824219,9094700,-0.03180920826549305,80.2260009765625,80.54500045776368,1.932411484489611,1,-0.06267291298699573,-0.026486790633841184,-0.0287438334149408,-0.032590505604315756,-0.003960512500939797,0.8519784914003072,0.02618071051675637,-0.009691928133154115
2020-09-24,71.40309143066406,78.37999725341797,79.0,76.16999816894531,76.81999969482422,9940900,0.005903479148899438,79.51999969482422,80.37650032043457,1.9684008713299581,1,-0.04309615737844663,-0.04122327518754776,-0.014336046853386186,-0.024839387869056373,-0.010656107471658585,0.9220959737087303,0.036106174154417664,-0.014117023870253265
2020-09-25,71.85857391357422,78.87999725341797,78.91999816894531,77.38999938964844,78.16999816894531,6057500,0.006379178585365297,79.2499984741211,80.29050025939941,1.9955092689880334,1,-0.01682669882873633,-0.02133996592140608,-0.00466878520917513,-0.017567495549591028,-0.012959214127657648,0.5670367031648277,0.01939653692407524,-0.0026792433252286196
2020-09-28,72.66936492919922,79.7699966430664,80.37000274658203,79.47000122070312,80.30999755859375,5999300,0.011282954115593213,79.08599853515625,80.25699996948242,1.9984891047386983,1,-0.01017495634800869,-0.008329261287975287,0.008648788920659456,-0.00606804797838445,-0.014590645486019202,0.5608017409317125,0.011282456609669849,0.018128807745537934
2020-09-29,73.343505859375,80.51000213623047,81.23999786376953,79.30999755859375,79.69999694824219,6114600,0.009276739680399437,79.09199829101563,80.32000007629395,1.984887590905774,1,0.00037274823615285335,0.015899080583349656,0.017928537347069673,0.002365563492978673,-0.01528886683406219,0.5816335411909571,0.023972180523732192,-0.0008775190895072837
2020-09-30,73.8536376953125,81.06999969482422,81.94000244140625,80.56999969482422,80.58999633789062,5878900,0.0069556271734558806,79.72199859619141,80.29599990844727,1.972093039455596,1,0.04042609856136159,-0.005886000477877906,0.016908772012361517,0.009639331813035001,-0.007148566714535346,0.5709285686191772,0.016899010136168742,0.0009935933366986838
2020-10-01,75.26566314697266,82.62000274658203,82.72000122070312,81.73999786376953,82.05999755859375,6253800,0.01911931735034611,80.56999969482422,80.3185001373291,1.997009114630507,0,0.05409550448764744,0.005476507090963922,0.025443751514492075,0.02865470103796519,0.0031312780625274038,0.6265463159671729,0.011861574974035404,0.012211642623612073
2020-10-02,73.6076889038086,80.80000305175781,82.19999694824219,80.61000061035156,80.70999908447266,6145900,-0.022028560086189475,80.9540008544922,80.2995002746582,1.990177263940422,1,0.024340845146982426,-0.004680922049636216,-0.0019022877326493326,0.006232950085463651,0.008150742876298415,0.6619758890800744,0.019678171755415974,-0.023117932687171105
2020-10-05,77.0147705078125,84.54000091552734,84.62999725341797,81.55000305175781,81.55000305175781,10129100,0.04628710052614493,81.90800170898437,80.5810001373291,2.173060014326813,0,0.05979697221004643,0.0713470661783957,0.03213360296463286,0.04913069794928293,0.01646792133869955,1.112025377949311,0.03643238902655912,0.009282177867240504
2020-10-06,75.72115325927734,83.12000274658203,84.44999694824219,82.7699966430664,83.7699966430664,7795600,-0.01679676074718972,82.43000183105468,80.87100028991699,2.1007769901585336,1,0.032418339847205546,0.07501297302961651,0.008370749729468052,0.027809751933357107,0.01927763395467814,0.8738678145457807,0.020211745063312865,-0.009108164941118546
2020-10-07,79.18289947509766,86.91999816894531,87.0,84.77999877929688,84.77999877929688,11446400,0.04571697902788552,83.60000152587891,81.24700012207032,2.465029473361887,1,0.07215984329767533,0.09471028335705278,0.03971287778073407,0.06982409243850896,0.028961086566560018,1.2578814021711597,0.02554074168740934,0.019971077693246464
2020-10-08,79.98458099365234,87.80000305175781,88.86000061035156,86.5199966430664,88.86000061035156,10920800,0.010124308575134133,84.63600158691406,81.69200019836425,2.7996614401918913,1,0.06269668522118366,0.11280103109959683,0.03738363587030502,0.07476867794352104,0.0360378174288938,1.2022420391701836,0.026651524896938006,0.022319402695286428
2020-10-09,80.87734985351562,88.77999877929688,88.80000305175781,87.63999938964844,88.33999633789062,7608800,0.011161682158044473,86.23200073242188,82.19000015258788,3.1284369505442666,1,0.09876231963045035,0.12636385591265986,0.0295481726648259,0.08018005371060322,0.04917873916936265,0.8387624483820686,0.013066047286090784,0.006150265004142286
2020-10-12,82.81774139404297,90.91000366210938,91.2699966430664,88.68000030517578,89.12000274658203,10022000,0.023991945394227887,87.50600128173828,82.71050033569335,3.654263473887275,0,0.07534897891646541,0.12931681567837727,0.0389002163338652,0.09913497431568019,0.05797934877169939,1.087220065513091,0.02848967367240484,0.003829736111287785
2020-10-13,81.66079711914062,89.63999938964844,90.6500015258789,89.43000030517578,90.5,8247000,-0.013969906735250337,88.81000061035157,82.90000038146972,3.91463174597786,0,0.07844076549112611,0.0441467790668606,0.009345780583184915,0.08130276208883203,0.07129071413373453,0.9614202019483711,0.013610009248215255,-0.004509995001576117
2020-10-14,80.71336364746094,88.5999984741211,89.87999725341797,88.2699966430664,89.6500015258789,8159000,-0.01160197370156879,89.14600067138672,83.17350044250489,4.11737989281338,0,0.019328121727641756,0.06580057020846608,-0.0061248086639166255,0.065243112322384,0.0718077295906335,0.9876223406734207,0.01817156476387325,0.0001115811724516913
2020-10-15,80.30342864990234,88.1500015258789,89.48999786376953,87.19000244140625,87.29000091552734,10327900,-0.005078972415260563,89.21600036621093,83.48550033569336,4.250856178186469,0,0.003986315056444534,0.07618114497357897,-0.011948516364288397,0.05587199180012914,0.06864066224045326,1.248365191450888,0.02609183644413271,-0.014785525746666695
2020-10-16,78.98249816894531,86.69999694824219,88.58999633789062,86.44000244140625,88.55000305175781,7457200,-0.01644928590512873,88.8,83.80900001525879,4.236231404547971,1,-0.023428721104462702,0.08064306768783713,-0.02364868301529066,0.03449506535642999,0.05955207655302552,0.9184213232572846,0.024798085030705016,0.004537737027281663
2020-10-19,79.76592254638672,87.55999755859375,89.62000274658203,87.29000091552734,88.33999633789062,7994500,0.009919269211335235,88.12999877929687,84.15750007629394,4.244168914919786,1,-0.036849697157276484,0.08648717629269909,-0.006467732084401434,0.040430115904289465,0.04720314528594139,0.9871636009584545,0.026610346002984838,0.01891579524077125
2020-10-20,80.40364837646484,88.26000213623047,88.9800033569336,87.7699966430664,87.79000091552734,7357600,0.00799457054767827,87.85399932861328,84.54650001525879,4.2459054441317265,0,-0.015394882449958236,0.09666996091926228,0.004621335519383152,0.04392260022947703,0.0391204758654417,0.9030417025924892,0.01370957041219562,0.002626808626618349
2020-10-21,79.83883666992188,87.63999938964844,88.87000274658203,87.56999969482422,88.0,7387600,-0.007024730699927373,87.66199951171875,85.03250007629394,3.9964578938122557,1,-0.010835204300291945,0.12474334508617835,-0.00025096532354784706,0.03066473772986744,0.03092346377050577,0.9163232955687143,0.01483344432692182,-0.0029458659634876705
2020-10-22,80.35807800292969,88.20999908447266,88.94000244140625,87.87999725341797,88.44000244140625,5656200,0.006503876070217629,87.6739990234375,85.52400016784668,3.730888828641445,1,0.0006806302615449678,0.1254146743495328,0.006113557805112357,0.031406376120791,0.0251391287985981,0.7207200319572477,0.012016837081850404,0.009128286824843457
2020-10-23,80.44917297363281,88.30999755859375,88.44999694824219,87.43000030517578,88.25,4165400,0.0011336410288966814,87.99599914550781,85.99550018310546,3.430849664813609,0,0.018569788546967336,0.11954868957309928,0.0035683260163534847,0.026914168422302875,0.023262833033621467,0.5372366632359049,0.011550183119296745,0.00045347370981185797
2020-10-26,79.00981140136719,86.7300033569336,87.77999877929688,85.7699966430664,87.20999908447266,5568000,-0.01789145335002218,87.83000030517579,86.34350051879883,3.1035156206177805,0,-0.00947914829605534,0.08725093401984174,-0.012524159676877145,0.004476339687555342,0.017216116759747425,0.7201413898289082,0.02317539557744961,-0.012456103550351094
2020-10-27,78.99160766601562,86.70999908447266,87.22000122070312,85.9800033569336,86.95999908447266,5315800,-0.0002306499675620577,87.51999969482422,86.65350036621093,2.7832865337701223,0,-0.01756178352868565,0.07700902724795866,-0.009255034428427567,0.0006520073398414983,0.009999588302276635,0.6910928739741611,0.0143005175511711,0.0026518588566464274
2020-10-28,76.38617706298828,83.8499984741211,85.41000366210938,83.83999633789062,85.1500015258789,8727300,-0.032983515633131955,86.76199951171876,86.79250030517578,2.5493520136774785,1,-0.04324510431220974,0.03429133822328567,-0.03356309275934044,-0.03390271994364025,-0.0003514219932572197,1.1139866446183095,0.018723999436962502,-0.017990976531714664
2020-10-29,77.33360290527344,84.88999938964844,85.33000183105469,84.0199966430664,84.2699966430664,5845600,0.012403111919534693,86.0979995727539,86.9060001373291,2.3999654353028763,0,-0.03763745300172694,0.027475146061530564,-0.014030525553438644,-0.023197486301233194,-0.009297408272137604,0.7481041760916625,0.015431796411910736,0.005008922797714144
2020-10-30,76.4044189453125,83.87000274658203,84.75,83.16000366210938,84.43000030517578,4963600,-0.012015510076570757,85.21000061035156,87.05950012207032,2.063462631031802,1,-0.050277374416931475,0.037995044292977065,-0.01572582859020355,-0.036635833780531035,-0.0212440860460431,0.6400705630212115,0.01895786676787038,-0.00541876649522921
2020-11-02,78.08061218261719,85.70999908447266,85.95999908447266,84.52999877929688,84.5999984741211,6597100,0.021938670294912033,85.00599975585938,87.11800003051758,2.004002765211992,1,-0.011760685264396331,0.013839580746094038,0.008281760471439581,-0.016161998043477732,-0.0242429839289052,0.870539985247098,0.016684171280487648,0.00870389535749494
2020-11-03,79.88436889648438,87.69000244140625,88.23999786376953,86.05999755859375,86.19000244140625,6274700,0.02310119447069625,85.20200042724609,87.34650001525878,1.771164858916314,1,0.011302080120873637,0.0549807452335791,0.02920121595366365,0.003932640988333347,-0.024551637302445597,0.8363896895879501,0.02486030612933829,0.005600319240005147
2020-11-04,81.48768615722656,89.44999694824219,89.7699966430664,88.45999908447266,88.72000122070312,7620800,0.02007064041322093,86.3220001220703,87.47299995422364,1.8285200374927972,1,0.06678591026867386,0.029107211603701888,0.036236380317282935,0.02260122546446497,-0.013158344091956065,1.0423966039493382,0.014645026308404958,0.01174590889064131
2020-11-05,82.38047790527344,90.43000030517578,90.95999908447266,89.7699966430664,90.41999816894533,6670100,0.010955879154480597,87.43000030517578,87.60449981689453,1.9441856744070942,1,0.06526093715819825,0.029954409590027042,0.03431316469779766,0.032252915023622375,-0.0019919012389030015,0.9396743731958734,0.013159376726643005,0.010844060970336411
2020-11-06,83.27326202392578,91.41000366210938,91.5,89.05000305175781,89.80999755859375,6403000,0.010837148663345841,88.93800048828125,87.73600006103516,2.1097707061242565,0,0.08990104529160314,0.029623844548033462,0.027794678992742128,0.04187566789594155,0.01370019634368899,0.9097729190880389,0.02680228476194387,-0.006856162163990875
2020-11-09,81.1050796508789,89.02999877929688,92.4800033569336,88.94000244140625,92.1999969482422,8978000,-0.026036591045439872,89.6020004272461,87.64199981689453,1.9999332767980778,0,0.03873526695003404,-0.0206798460794263,-0.0063838044376438585,0.015837143895646166,0.02236371390938693,1.2851748255752367,0.03976188884718416,0.008642306689462309
2020-11-10,79.85706329345703,87.66000366210938,88.80000305175781,86.69999694824219,88.4000015258789,8350100,-0.015388016803006832,89.59600067138672,87.54300003051758,1.9440493795562215,1,-0.00034210033597525946,-0.022088305901614147,-0.021608073962788188,0.0013365275527570386,0.023451339800480513,1.1944113660826994,0.023956263013748227,-0.007076235673996956
2020-11-11,82.79042053222656,90.87999725341795,91.18000030517578,89.36000061035156,89.5,7707300,0.03673275675096055,89.88200073242187,87.65699996948243,2.0719380305594206,0,0.015986588641285326,0.025733620977011817,0.011103407944457189,0.03676828188345027,0.02538303573832179,1.1060374060579272,0.020026405697935575,0.02099014671483479
2020-11-12,81.82476806640625,89.81999969482422,91.88999938964844,89.77999877929688,90.87999725341795,7474600,-0.011663705882802189,89.76000061035157,87.7404998779297,2.1258025039486905,1,-0.006745555770131362,0.018944959047505483,0.000668438993590259,0.023700569517926873,0.023016745234316377,1.0950631617886744,0.023491434174132478,0.0
2020-11-13,84.922119140625,93.22000122070312,93.80999755859376,91.20999908447266,91.54000091552734,9170900,0.037853501864071326,90.12200012207032,88.06650009155274,2.435250503306303,1,0.019800869555637313,0.07520189736976834,0.034375636297869105,0.05851829156140953,0.023340317014763936,1.326921713514319,0.027890993778958213,0.019149423586585
2020-11-16,90.43358612060548,99.2699966430664,102.44000244140624,96.36000061035156,96.41999816894533,18436200,0.06490018604526315,92.16999969482421,88.65200004577636,3.4874515012601077,0,0.11501738744436274,0.13373685942186686,0.07703153923999517,0.11977165311337967,0.03968325189765935,2.480152337494005,0.06124712437450592,0.0343273643675035
2020-11-17,87.19046783447266,95.70999908447266,98.08999633789062,95.69000244140624,97.9800033569336,10843700,-0.0358617676939591,93.77999877929688,89.02449989318848,3.824922474906793,1,0.09183202242829536,0.08440966199777589,0.020580084562784817,0.07509729568046364,0.05341786689971909,1.425339782854439,0.025075686129368568,-0.012994795303268636
2020-11-18,88.30188751220703,96.93000030517578,98.8000030517578,96.37000274658205,98.5199966430664,8526600,0.012746852286837473,94.98999938964843,89.48899993896484,4.194203369005716,0,0.06657133840890705,0.10600183683507214,0.02042321221173471,0.08314988849228411,0.06147123617914493,1.1124433282233601,0.02506964095249258,0.029359498333227263
2020-11-19,88.0103759765625,96.61000061035156,96.86000061035156,95.62000274658205,96.7699966430664,5542800,-0.003301348331958387,96.3479995727539,89.90900001525878,4.470842980711445,0,0.07559564616563463,0.09522731677884733,0.0027193199522510536,0.07453092119760574,0.07161685211049325,0.723690051546661,0.012835088044049281,-0.0016507135211556445
2020-11-20,86.84432983398438,95.33000183105467,97.1999969482422,95.3000030517578,96.66000366210938,5329800,-0.01324913333205946,96.76999969482422,90.26000022888184,4.612036489542349,1,0.02263463401331678,0.07949274676180518,-0.014880622799532395,0.05617107898644247,0.07212496620246278,0.6906301426664766,0.01993070240207907,0.0005175763527782706
2020-11-23,89.39506530761719,98.12999725341795,98.93000030517578,96.8499984741211,97.16000366210938,8802400,0.029371607768617025,96.54199981689452,90.82999992370605,4.851069948419849,0,-0.011483826213346315,0.1314423320101601,0.01644877296446423,0.08036989250075566,0.06288671031582448,1.1171947780307703,0.021196391412129985,0.019196494240059536
2020-11-24,88.03768920898438,96.63999938964844,98.58999633789062,96.0199966430664,98.48999786376952,7022800,-0.015183918327457357,96.72799987792968,91.32649993896484,4.914940460209635,1,0.009716856274911922,0.1145196679739553,-0.0009097726448629162,0.0581813543082752,0.05914493539744491,0.88177721527252,0.026593540056453098,0.003668609196246786
2020-11-25,88.8120346069336,97.48999786376952,97.98999786376952,96.13999938964844,96.1999969482422,5194900,0.008795514067564625,96.83999938964843,92.00849990844726,4.767015551896774,1,0.00577733990333873,0.16267143277120244,0.006712086722612698,0.05957599526974788,0.05251144715986816,0.6670604474976727,0.018976290026246883,-0.0045530054241015305
2020-11-27,89.95077514648438,98.73999786376952,99.2699966430664,98.0500030517578,98.54000091552734,4367100,0.012821828160738402,97.26599884033202,92.70099983215331,4.683752433838081,0,0.022047378531842465,0.16315229795855046,0.015154309224307161,0.06514490720219368,0.04924433411121995,0.5661393666566198,0.012355616950608198,0.010770366958311683
2020-11-30,88.38386535644531,97.0199966430664,97.9499969482422,96.1999969482422,97.55999755859376,13840500,-0.017419498257192356,97.60399780273437,93.35849952697754,4.284822094947336,1,0.01772783782178844,0.1567901927488644,-0.005983373353705024,0.03921975111683129,0.04547521968827296,1.696624158613918,0.018037518661623918,-0.011950580622898
2020-12-01,91.88204956054688,100.86000061035156,104.3000030517578,98.5199966430664,98.69000244140624,16157300,0.03957951041178043,98.14999847412109,94.11599960327149,4.199819165873858,0,0.027820273446899746,0.17675885763279053,0.027610821990435408,0.07165626498691147,0.04286198826824529,1.8709933670538974,0.05730722163111084,0.017213006144328524
2020-12-02,90.67955780029295,99.54000091552734,102.04000091552734,99.5199966430664,102.0,8676300,-0.013087444842715401,98.72999877929688,94.70849952697753,4.079708239142432,0,0.030008294124529433,0.13513511397196232,0.008204214992863168,0.05101444339928074,0.04246186216025762,0.9909248311968349,0.02531649838540276,0.011302789834917393
2020-12-03,90.64312744140624,99.5,101.19000244140624,99.43000030517578,101.05999755859376,7359000,-0.0004018576970005183,99.13199920654297,95.21099967956543,4.0163669519355265,1,0.020617521594771482,0.11235330793329124,0.003712230121479587,0.04504731947851903,0.041182211510999184,0.8417337037769926,0.017688463680708085,0.015270209253426925
2020-12-04,94.4966049194336,103.7300033569336,103.75,100.6999969482422,101.51000213623048,10824500,0.04251259655209649,100.13000030517578,95.87599983215333,4.275781436352385,1,0.050536819942499145,0.14707511895249414,0.035953291129389164,0.08191834805926401,0.0443698160172492,1.209388641165357,0.02940328692811064,0.02020102649477873
2020-12-07,96.91980743408205,106.38999938964844,107.61000061035156,104.97000122070312,106.0199966430664,11793000,0.025643458465549607,102.00400085449219,96.62499961853027,4.739214248896694,0,0.09657805680053766,0.16387698421839647,0.04299829907076713,0.10106080010007568,0.055668835779538406,1.2790825053227317,0.02481435665752344,0.022076479437226793
2020-12-08,96.2365951538086,105.63999938964844,107.83999633789062,105.11000061035156,107.77999877929688,9876200,-0.007049534771150445,102.96000061035156,97.45549964904785,4.793276318000995,0,0.04739241275402373,0.1865663353711522,0.026029514019130895,0.08398191759391938,0.05648219937434269,1.0659917105604007,0.025842443613328648,0.013065132038939442
2020-12-09,95.12516021728516,104.41999816894533,106.5999984741211,103.51000213623048,106.01000213623048,8204100,-0.01154866743422811,103.93600006103516,98.29349937438965,4.442865875485647,0,0.04902548933628492,0.1911931759829526,0.004656693615551433,0.06232862634405234,0.057404617014944294,0.8862111801242236,0.029591997625696,0.003502487208631111
2020-12-10,94.95209503173828,104.2300033569336,105.11000061035156,102.1999969482422,103.0,7135000,-0.0018195251421507797,104.88200073242187,98.96099967956543,4.269925546327693,0,0.04753772218023711,0.14689707864195123,-0.00621648491576432,0.05324323414707943,0.059831661685194895,0.7731161456665675,0.027919059468357786,-0.013598910111527251
2020-12-11,94.7698974609375,104.02999877929688,105.12000274658205,103.22000122070312,104.01000213623048,7492600,-0.0019188772061323744,104.94199981689454,99.67149963378907,3.828244662377803,0,0.0028920795589970627,0.15820528983247684,-0.008690524663041876,0.04372864019826839,0.05287870858239547,0.8117848898972186,0.01826397720055575,-0.0021107283279049316
2020-12-14,94.34173583984376,103.55999755859376,104.9000015258789,103.5,103.7699966430664,5878000,-0.004517939308066654,104.3759994506836,100.1884994506836,3.602678059657689,1,-0.026600261747252385,0.11092036260984561,-0.007817907338701802,0.033651548095794626,0.04179621436551447,0.6484180056788974,0.013518748154535172,-0.002499299618200279
2020-12-15,95.73552703857422,105.08999633789062,106.37999725341795,104.41999816894533,105.68000030517578,7399900,0.01477403259333987,104.26599884033203,100.4794994354248,3.7563553117529023,1,-0.005206390145167883,0.05862798319365825,0.007902839916398952,0.045884950943937186,0.03768429805266599,0.8692138500527115,0.01865067230729308,0.020471251415224545
2020-12-16,95.83572387695312,105.1999969482422,105.66999816894533,103.95999908447266,105.6500015258789,5986900,0.001046727701825123,104.4219985961914,100.95399932861328,3.7213881078281807,0,0.007469821805923482,0.09915367207760362,0.007450521561643164,0.04205873613592925,0.03435227222934982,0.7238874140996568,0.016254744620515342,0.005328815372566131
2020-12-17,95.05081939697266,103.9000015258789,105.31999969482422,103.8499984741211,104.9000015258789,7779300,-0.012357371293488573,104.35599822998047,101.30249938964843,3.650401380147355,1,-0.0031660924918576194,0.07190757452552021,-0.004369626201041532,0.025641046883152274,0.030142384035235965,0.9448787336999825,0.014148230982816533,-0.002851667595683449
2020-12-18,95.3984375,104.27999877929688,104.8000030517578,103.16000366210938,104.0,7417000,0.0036573363603207287,104.40599822998047,101.68599929809571,3.5324636453861777,1,0.002403152964851829,0.07939134789865099,-0.0012068219529499657,0.02550989810894988,0.02674900134394114,0.8907351296952142,0.015726883475702714,0.0009624492074351565
2020-12-21,95.901611328125,104.83000183105467,104.95999908447266,103.31999969482422,103.55999755859376,6116400,0.00527429093015086,104.65999908447266,102.1609992980957,3.261104404788958,0,0.012263463715730172,0.09965383213603674,0.0016243335378285373,0.026125454442463836,0.0244613874526141,0.731088097765283,0.015644370514191926,-0.006904499703983991
2020-12-22,95.08740997314452,103.94000244140624,105.22000122070312,102.91000366210938,105.06999969482422,5597100,-0.008489930116406641,104.43000030517578,102.45149955749511,3.13963879522566,0,-0.010942943539429484,0.05920722868241923,-0.00469211780463108,0.014528854046453432,0.019311584078575132,0.6820828197289875,0.02222433619718219,0.002289400549246645
2020-12-23,94.92274475097656,103.76000213623048,104.87000274658205,103.5999984741211,104.66999816894533,3320800,-0.0017317712232807203,104.14200134277344,102.80749969482422,2.8348695910537387,1,-0.013688164009360126,0.07367552557481383,-0.0036680609323576086,0.009264912036901052,0.012980586551667778,0.4140237968929514,0.012239825041575407,0.007023241393039337
2020-12-24,96.94451141357422,105.97000122070312,106.33999633789062,104.66999816894533,104.76000213623048,3172100,0.021299142626954204,104.55600128173828,103.2314998626709,2.6240115301674045,1,0.019922999657595142,0.08698331667606962,0.013523852496564626,0.026527768768982884,0.0128303998375434,0.40053512432044075,0.015759159665075427,0.009637625090707536
2020-12-28,97.10919189453124,106.1500015258789,108.16999816894533,105.9499969482422,107.5999984741211,5157000,0.001698596801946728,104.93000183105468,103.60200004577636,2.4753728877735908,0,0.01793251599992618,0.07504561294737822,0.01162679570699443,0.024594134080198282,0.012818302587706243,0.647933510487929,0.02091381242384531,0.01538168570955456
2020-12-29,96.5694351196289,105.55999755859376,107.1500015258789,105.22000122070312,107.0,4602400,-0.0055582096919829516,105.0760009765625,104.02900009155273,1.9639695627132754,1,0.0069636145644218495,0.08802310050520568,0.004606157234126496,0.014717025691813435,0.010064509743324767,0.6138788314907676,0.018283444011113068,0.008007522015097468
2020-12-30,99.62496948242188,108.9000015258789,109.6999969482422,107.4000015258789,107.6999969482422,9571800,0.03164081133510055,106.06800079345703,104.43100013732911,2.099352894625651,1,0.04771982843918776,0.07971446427596174,0.02669985963001742,0.04279381967684848,0.015675428311279518,1.3353571513273632,0.021120251516403572,0.020272825304496367
2020-12-31,99.7530746459961,109.04000091552734,109.66999816894533,108.44000244140624,109.66000366210938,4909500,0.0012855774810542897,107.1240005493164,104.9060001373291,2.0071829399362904,1,0.05088664871425652,0.09543901861184412,0.01788581789688548,0.039406714323170666,0.021142741207212084,0.7034040486386814,0.011280224846035736,0.006978899224807211
2021-01-04,102.18648529052734,111.6999969482422,114.0999984741211,110.4499969482422,111.47000122070312,11262100,0.024394680946266067,108.26999969482422,105.51599998474121,2.1279894469229377,1,0.05407186620301396,0.12261303465570061,0.03168003383288043,0.058607196675340756,0.02610030431859876,1.569677697659233,0.032676827444947674,0.022285402464901738
2021-01-05,103.16535186767578,112.7699966430664,114.9499969482422,112.01000213623048,112.41000366210938,10583600,0.009579227610185148,109.59399871826172,105.96799964904785,2.6296192667368383,1,0.06236453153110477,0.08714926244652976,0.028979670072714292,0.06418916103489614,0.03421786842464419,1.477590977754323,0.026070718271964076,0.006356371828695417
2021-01-06,105.7634735107422,115.61000061035156,116.38999938964844,112.5500030517578,113.8499984741211,10609300,0.025184038767635863,111.60399932861328,106.428999710083,3.40218760817448,1,0.0952065487324334,0.08666229226052824,0.03589478249737965,0.08626409085191056,0.04862396182081192,1.4935197939623188,0.033215087947563,0.009577031685768844
2021-01-07,111.08777618408205,121.43000030517578,122.94000244140624,117.58999633789062,119.33999633789062,13556100,0.050341663040378126,114.10999908447266,107.21849975585937,4.76756597285964,0,0.11505967496537872,0.14946990729606724,0.06414863972862106,0.13254709384739138,0.06427528219761981,1.860172485952069,0.04405835534933762,0.0322636078872669
2021-01-08,108.58113861083984,118.69000244140624,126.29000091552734,116.9800033569336,125.91000366210938,18976800,-0.022564422769360326,116.03999938964844,107.93199996948242,5.3579558771171865,1,0.08849964641283048,0.1366596870589185,0.022836979194212237,0.09967389166295093,0.07512136736517944,2.424782956191299,0.07843961047342485,0.03689371115601192
2021-01-11,112.15813446044922,122.5999984741211,123.5999984741211,118.8000030517578,119.73999786376952,12006800,0.0329429265505754,118.21999969482422,108.85049972534179,6.198551178868718,1,0.0975828274277355,0.17624479061254372,0.037049558370863656,0.12631543983236537,0.08607677496312949,1.4878729580440595,0.03915167603673746,0.008846536361658774
2021-01-12,112.52406311035156,123.0,125.1999969482422,121.68000030517578,125.16000366210938,14163200,0.003262655227221245,120.26600036621093,109.79899978637695,6.840270766263176,0,0.09071564832366774,0.18235125870710256,0.02273293886438399,0.12022878386239122,0.09532874252223057,1.685432100822236,0.028617858886718864,0.02088095611623242
2021-01-13,109.07516479492188,119.2300033569336,124.8000030517578,118.0,124.4000015258789,20650500,-0.03065037921192204,120.99000091552735,110.58250007629394,6.983959080876031,1,0.031312193819484246,0.15131330791576936,-0.01454663645983889,0.07819956389730298,0.09411526084193234,2.2588775017966665,0.05703265000673471,0.011382126226657796
2021-01-14,115.68023681640624,126.4499969482422,134.64999389648438,121.66999816894533,123.4499969482422,37125400,0.06055517393297749,121.99400024414062,111.65050010681152,7.696668393343849,0,0.041340662360621394,0.20325436630213423,0.03652635945361249,0.132551997772268,0.09264177166635074,3.493101610290731,0.10264923717516534,0.03539372198686763
2021-01-15,114.56411743164062,125.2300033569336,128.5399932861328,123.20999908447266,128.47000122070312,17343100,-0.009648031797169332,123.3020004272461,112.6520004272461,8.10545379251596,1,0.05510153156122777,0.19039930598615928,0.015636428630572796,0.11165361362411619,0.09453893370387224,1.5490422261849417,0.04256163905440837,0.015974727728049976
2021-01-19,120.11714935302734,131.3000030517578,134.0500030517578,128.44000244140625,130.58999633789062,20443800,0.048470809966548956,125.04200134277343,114.02200050354004,8.831408528663829,0,0.0709625178296649,0.26371512149645393,0.050047197275973954,0.15153218213954545,0.09664802222875621,1.7282428964159997,0.042726584005791136,0.042801188511349286
2021-01-20,119.51336669921876,130.63999938964844,136.1300048828125,130.10000610351562,135.19000244140625,17360700,-0.005026684286132177,126.57000122070312,115.34000053405762,9.257686886206118,1,0.06211381617600353,0.25278098311202624,0.03215610436669247,0.13265128129657877,0.09736431970389578,1.408413226057028,0.046157369928575456,0.029626803497597942
2021-01-21,122.73358917236328,134.16000366210938,135.39999389648438,132.33999633789062,133.25,15460100,0.02694430717166596,129.55600128173828,116.80650062561035,9.811675531061773,0,0.1252201617446953,0.2797863332896178,0.03553677432787561,0.14856624368981564,0.10915060880894617,1.2084235802091825,0.022808567941758194,0.01997857181985241
2021-01-22,118.14112091064452,129.13999938964844,131.25,128.80999755859375,130.0399932861328,19163200,-0.03741803917286812,130.09400177001953,118.06650047302246,9.689731357252482,1,0.021273250346595773,0.24244753084788617,-0.007333177297886295,0.09379035435336047,0.101870566577395,1.4224555306353996,0.01889424231793697,-0.03070967697908744
2021-01-25,119.40357208251952,130.52000427246094,132.1699981689453,127.3499984741211,131.8300018310547,20469300,0.010686114986331097,131.152001953125,119.40450057983398,9.454979078838388,0,0.0422422803938578,0.2579028680155213,-0.004818818403473091,0.09309116187957356,0.09838407527559334,1.4284886812651525,0.03692920270491605,0.02083012586433286
2021-01-26,115.8631820678711,126.6500015258789,129.32000732421875,126.25,129.0500030517578,17084600,-0.029650648328997775,130.2220016479492,120.43850059509278,9.029671406685924,0,-0.03541509076771232,0.19514957126503818,-0.027430081528980743,0.05157404733614901,0.08123233853390452,1.1370808517690392,0.02424008912144737,-0.011262650724669698
2021-01-27,111.3713836669922,121.73999786376952,125.0999984741211,121.5,124.9499969482422,16732700,-0.03876828742955929,128.44200134277344,121.2180004119873,8.380882502019201,1,-0.0681261601918236,0.146867603521323,-0.052179220262367876,0.0043062701084664035,0.05959511711324804,1.0723511976287752,0.029571205333431938,-0.013422854774220672
2021-01-28,115.11302185058594,125.83000183105467,127.58000183105467,123.58000183105467,124.5,14148100,0.03359622177636301,126.7760009765625,122.23150062561035,7.57453659799414,0,-0.06209005369464915,0.1920235386630198,-0.007461973387871024,0.029440047672051106,0.03717945314990242,0.879800336234577,0.0317889210982496,0.022671284579115936
2021-01-29,111.17011260986328,121.5199966430664,124.36000061035156,120.5500030517578,124.0,15169200,-0.03425260371350136,125.25200042724609,122.86250038146973,6.9012304190738085,1,-0.05900575176239964,0.11588608760660568,-0.0297959615131852,-0.010926879513562304,0.019448570868713544,0.9271614253612499,0.031352844501672,-0.01454344595426238
2021-02-01,115.87232971191406,126.66000366210938,126.8499984741211,123.37999725341795,124.54000091552734,10179900,0.04229762311581031,124.48000030517578,123.74350051879883,6.124794129673844,1,-0.029574015353951433,0.16159210013426306,0.017512880395156527,0.023568940033884767,0.0059518260214811505,0.6123459909139715,0.027396187591783545,0.024851912079387306
2021-02-02,117.5007553100586,128.44000244140625,130.25,127.4499969482422,129.47000122070312,9302400,0.014053361186104008,124.83800048828125,124.58050079345703,5.50477650173175,0,0.014133445668862432,0.1498657650001618,0.02885340953104354,0.030979981805884016,0.0020669341765701317,0.5628798458712221,0.02180008563169521,0.022185358261081145
2021-02-03,116.64079284667967,127.5,129.13999938964844,126.05999755859376,129.0,9676600,-0.007318611207867809,125.99000091552735,125.3170009613037,4.778986568037586,1,0.047313966135239305,0.13061987935989938,0.011985070827049693,0.017419815523437077,0.005370380308027441,0.5871334966315942,0.02415687710631116,0.004359993366157333
2021-02-04,117.23542785644533,128.14999389648438,128.1999969482422,125.97000122070312,127.5,7445100,0.005097991344975572,126.45399932861328,125.94400062561036,4.229426745458382,0,0.018437511179127508,0.1084680669486131,0.013411948826258513,0.017515667756431652,0.004049408470983685,0.4561143621713815,0.017401450126797387,0.0
2021-02-05,116.89696502685548,127.77999877929688,128.8800048828125,126.6999969482422,128.7899932861328,6226800,-0.0028872035490409287,127.70599975585938,126.26150054931641,4.109370086221852,1,0.05151417305102135,0.052293489732046394,0.0005794482920062904,0.012026613206512327,0.011440535715625885,0.3902380327912003,0.01706063511814266,0.0049941429584883235
2021-02-08,121.2607192993164,132.5500030517578,133.25,128.6999969482422,128.6999969482422,11160000,0.03732981936163382,128.88399963378907,126.95450057983399,3.9300745063537517,1,0.04650244133389703,0.11677479421397652,0.028444208966088347,0.04407486498208191,0.015198350945752717,0.7169667680121037,0.034326691414568566,0.007199860523823709
2021-02-09,121.37962341308594,132.67999267578125,134.41000366210938,131.75,133.97999572753906,7929100,0.0009806836743162517,129.73199768066405,127.458500289917,3.9881633015789646,1,0.033011446229995745,0.08221855079213469,0.0227237308283319,0.04096621546611212,0.017837157863741987,0.5161606568027346,0.02004826506592745,0.010788326238083012
2021-02-10,122.30360412597656,133.69000244140625,136.0,132.50999450683594,134.1199951171875,12196300,0.007612374294390323,130.96999816894532,127.99300041198731,4.074587938482568,1,0.04854903875612737,0.0869105889545223,0.020768147747488364,0.04451026236654565,0.023259066881591753,0.7990581356838884,0.026105209285890055,0.010853199584695883
2021-02-11,127.30775451660156,139.16000366210938,139.22999572753906,134.05999755859375,135.39999389648438,12347900,0.0409155592849999,133.1720001220703,128.9895004272461,4.251901550410407,0,0.08591502372226834,0.16715591498821158,0.04496443347362988,0.07884752790867466,0.03242511740080159,0.831608378515532,0.037151466174853265,0.012790720501539177
2021-02-12,126.30138397216795,138.05999755859375,139.80999755859375,137.16000366210938,138.9199981689453,11114100,-0.007904613930497684,135.22799987792968,129.57000045776368,4.659906841595152,1,0.08045076598453105,0.09181495366191017,0.020942391244568537,0.06552440434387097,0.0436675109992791,0.8203710606636575,0.01919450922313465,-0.0017246729437203623
2021-02-16,128.1219024658203,140.0500030517578,142.1999969482422,139.4199981689453,141.61000061035156,11833600,0.014414062931729976,136.72799987792968,130.31100044250488,5.09175372363952,0,0.05658242042492767,0.11834224465030085,0.024296436551357603,0.07473661146166966,0.04924372780221324,0.8916097022530218,0.01985004440356549,0.025713480476132533
2021-02-17,124.66387939453124,136.27000427246094,139.63999938964844,136.10000610351562,139.2100067138672,12311200,-0.026990351281177105,137.4460021972656,130.55950050354005,5.261027108741637,0,0.027057671049562693,0.03785225518040525,-0.008556072246589275,0.04373870723230944,0.052746078739316554,0.9569124355011778,0.02597778803216943,-0.005997831628609007
2021-02-18,123.16354370117188,134.6300048828125,135.8800048828125,133.39999389648438,134.85000610351562,11614600,-0.012034925796064355,137.63400268554688,130.75900077819824,5.3393092258643895,1,0.007031209695865126,0.030541989526985613,-0.0218259859055151,0.029604112004346872,0.052577657112954305,0.9233883277787671,0.018420938099845043,-0.010420474971925109
2021-02-19,125.0206298828125,136.66000366210938,137.9499969482422,135.72000122070312,136.14999389648438,10771900,0.015078353306633652,137.13400268554688,130.88400077819824,5.451213054754379,0,-0.017964931979092102,0.018634465800227762,-0.0034564660416454007,0.04413070237438266,0.04775222235099735,0.8726545974790645,0.016317837463642303,0.011290120764646305
2021-02-22,122.19381713867188,133.57000732421875,135.27999877929688,133.17999267578125,133.58999633789062,10363800,-0.022610831663158804,136.2360046386719,131.10550117492676,5.466599989241606,0,-0.03252202168458984,0.03430391788375231,-0.01956896285621379,0.01879788511699254,0.03913263301514544,0.8706251585620126,0.01572213811756567,-0.022464563456395914
2021-02-23,118.10455322265624,129.10000610351562,131.74000549316406,125.37999725341795,129.10000610351562,18444700,-0.03346560586653968,134.04600524902344,131.03450126647948,5.483798997831882,1,-0.07818633851936041,-0.01087954430327065,-0.03689777353916224,-0.014763250474237766,0.022982527146950288,1.5627618590093904,0.049264197823867595,-0.03346560586653968
2021-02-24,121.0319595336914,132.3000030517578,132.3800048828125,127.68000030517578,129.50999450683594,12782900,0.02478696202133679,133.25200500488282,131.31700134277344,5.390784087363757,0,-0.029133346270140414,0.04461114455434423,-0.007144372447454916,0.007485715474255139,0.014735362842001621,1.1031586069352912,0.03552535502057399,0.003175742710589624
2021-02-25,115.26856994628906,126.0,131.5399932861328,125.72000122070312,131.52000427246094,13581200,-0.047619069587573226,131.5260040283203,131.53000144958497,5.066892721575178,0,-0.06410164576852251,0.03499262535717751,-0.04201453597822702,-0.042043650791751874,-3.0391706991681084e-05,1.1882095928510747,0.04619041321769593,-0.00589568224720094
2021-02-26,115.2136688232422,125.94000244140624,127.38999938964844,122.83000183105467,125.43000030517578,17281000,-0.00047617109995046203,129.3820037841797,131.53550148010254,5.060435405859016,1,-0.0784428577011328,0.000874200180806195,-0.026603401107583746,-0.04253983887036561,-0.016371988335397138,1.4914623468545387,0.036207697873559354,-0.0045238071017794645
2021-03-01,118.13199615478516,129.1300048828125,130.3000030517578,127.23999786376952,129.6300048828125,9714900,0.02532954088904682,128.49400329589844,131.91600189208984,4.525556603795521,0,-0.0332410136852721,0.06262350600698685,0.004949659677498497,-0.02111947731372532,-0.025940739160596072,0.8586694243364357,0.02369708876542906,0.029299685325343994
2021-03-02,115.26856994628906,126.0,128.52000427246094,126.0,128.42999267578125,8274500,-0.0242391757489131,127.8740020751953,131.88300170898438,4.568106654097231,0,-0.024012439635595073,-0.005210829330702271,-0.014655067056502324,-0.04460773285981101,-0.030398152770555003,0.7375677778837523,0.020000033908420138,-0.005420988000941596
2021-03-03,112.4234390258789,122.88999938964844,127.76000213623048,122.70999908447266,126.72000122070312,10660300,-0.02468254452659968,125.99200134277343,131.6055015563965,4.941574912633743,0,-0.0711262543087624,-0.04321086068407465,-0.024620626072013096,-0.06622445158961099,-0.04265399354310063,0.9445156946004195,0.04109368603498594,0.005714295402405645
2021-03-04,105.74517059326172,115.58999633789062,123.1500015258789,113.48999786376952,121.9499969482422,24454200,-0.05940274300605719,123.91000061035156,131.010001373291,6.054632609737746,1,-0.08261907668340773,-0.09341179342830885,-0.06714554298667219,-0.11770097606108454,-0.054194341565642644,2.0335448161621166,0.08357127751671034,-0.007649137001179085
2021-03-05,110.51144409179688,120.8000030517578,121.3000030517578,115.37999725341795,120.9000015258789,17448700,0.045073162721083415,122.88200073242187,130.6425018310547,6.447668895061538,0,-0.04081307995876715,-0.05735459379470331,-0.016943064633181404,-0.07533917860839112,-0.05940257565389097,1.3930447160751374,0.04900666927800794,0.045938276288773006
2021-03-08,104.22657012939452,113.93000030517578,121.0,113.6999969482422,120.54000091552734,17246900,-0.05687088222703529,119.84199981689453,129.95000190734862,7.438869856408444,1,-0.11771086504202455,-0.10838940840845501,-0.04933161596728719,-0.1232781944366167,-0.07778377793069112,1.3189141817553354,0.0640744582831899,-0.0021523355104474673
2021-03-09,106.46790313720705,116.37999725341795,118.4000015258789,115.33000183105467,117.06999969482422,17717100,0.02150440570244494,117.91799926757812,129.14150161743163,7.99904756189568,0,-0.07634922814747658,-0.12199174218069109,-0.013042979220416973,-0.09881799579672157,-0.08690856315967249,1.3217332011881133,0.026379100938963722,0.027560777505815537
2021-03-10,104.13507843017578,113.83000183105467,118.02999877929688,113.41000366210938,117.8000030517578,15240300,-0.021910942451825788,116.10599975585937,128.19900207519532,8.644637750919424,1,-0.07372444953691593,-0.1420710874682416,-0.019602758940886145,-0.11208355768411127,-0.0943299255343874,1.1067751972493838,0.04058679647606832,0.012201459287267236
2021-03-11,110.31018829345705,120.58000183105467,120.8000030517578,117.06999969482422,118.23999786376952,15091600,0.059298953627517914,117.10400085449218,127.54350204467774,8.703205546615447,0,0.043169873269805814,-0.09806268509941451,0.029683024928256696,-0.054597059842247275,-0.08185051392526964,1.084574161125193,0.03093384724076973,0.03874194818392529
2021-03-12,108.22438049316406,118.3000030517578,119.0,117.27999877929688,119.0,8171000,-0.018908597982038478,116.60400085449217,126.50050201416016,8.485008859212094,1,-0.02069536371558578,-0.14989939681951414,0.014544974313377423,-0.06482582149345473,-0.07823290028177281,0.5961655269527595,0.01453931679063949,-0.013103348872629983
2021-03-15,108.93793487548828,119.08000183105467,119.11000061035156,116.70999908447266,118.6500015258789,8935000,0.006593396104610516,117.63400115966795,125.5515022277832,8.180020606434171,1,0.04520320821630808,-0.1374764309950376,0.012292370038693434,-0.05154458753498259,-0.06306177885272009,0.657131699194747,0.02015453047509959,0.0029585669069507325
2021-03-16,109.1849365234375,119.3499984741211,121.25,118.0999984741211,119.72000122070312,10793400,0.002267355046311481,118.22800140380858,124.51650199890136,7.53297878629364,0,0.025519859862480843,-0.14780438505229232,0.009490112807374107,-0.04149252060442443,-0.05050335091446971,0.7968572812322813,0.026392974999173775,0.0053745329174286205
2021-03-17,109.0545425415039,118.76000213623048,119.5199966430664,115.38999938964844,117.75,9890400,-0.004943413032540089,119.21400146484375,123.64100189208985,7.100155983216404,0,0.04331020140448438,-0.12849491147898262,-0.0038082718727224796,-0.03947719349701928,-0.03580527785685409,0.7367743550319131,0.034775995108861806,-0.013405936276304375
2021-03-18,105.14268493652344,114.5,118.33000183105467,114.0999984741211,118.0,10283800,-0.03587068086563183,117.99800109863281,122.63450164794922,6.883890266282065,0,-0.05042297013374908,-0.14952094000393512,-0.029644579281549732,-0.06633126517120924,-0.037807472505792535,0.76989649167726,0.036943260759245235,-0.006399478970694816
2021-03-19,104.3437957763672,113.62999725341795,114.88999938964844,113.20999908447266,114.37999725341795,11536000,-0.007598277262725328,117.06399993896484,121.48300132751464,6.3171374748575815,1,-0.03947595670218751,-0.16852045800930093,-0.029334404149331306,-0.06464282235606955,-0.03637547097339407,0.8611792616746488,0.014784830993430718,-0.0010480589221139036
2021-03-22,107.60366821289062,117.18000030517578,118.33000183105467,114.79000091552734,114.79000091552734,9376400,0.03124177715010057,116.68399963378906,120.6635009765625,5.699523428731034,0,-0.01595567262901565,-0.12270724055033533,0.004250802791671671,-0.02886954748696835,-0.032980158130389556,0.7025512476758392,0.03020994117006304,0.01020860415513658
2021-03-23,105.50080108642578,114.88999938964844,116.75,114.62000274658205,116.0999984741211,8977400,-0.019542591820817745,115.79199981689453,119.95300064086913,5.4737135775642365,0,-0.037369075337187585,-0.11006976020181791,-0.007789833742162244,-0.04220820841638606,-0.03468859304680796,0.6973902438077038,0.018539448731251944,-0.00921660546374814
2021-03-24,100.05542755126952,108.95999908447266,114.69000244140624,108.8499984741211,112.47000122070312,24196100,-0.05161459079710007,113.83199920654297,118.78600044250489,5.18311576523036,1,-0.08251939100267247,-0.17641725947772036,-0.04279991703589692,-0.08272019700493438,-0.04170526171019421,1.799835013326133,0.053597687374773224,-0.02106361025155823
2021-03-25,101.42365264892578,110.4499969482422,112.75,107.88999938964844,108.0,16772400,0.01367472353422472,113.02199859619141,118.008500289917,5.21024358747239,1,-0.03537120569220786,-0.1234127226329984,-0.022756646315718942,-0.06405049910053484,-0.04225544500163136,1.232986377339821,0.04400181751592985,-0.008810564358837869
2021-03-26,107.03433227539062,116.55999755859376,116.6999969482422,111.1999969482422,112.0,12910900,0.0553191559906947,113.60799865722656,117.53950004577636,4.869758103679219,0,0.025785447293827923,-0.07447994839587635,0.025984076264505385,-0.008333389939561786,-0.03344834193627386,0.9646111024153567,0.04718599961565025,0.014033527338929153
2021-03-29,105.04165649414062,114.38999938964844,116.76000213623048,112.38999938964844,116.5500030517578,10863600,-0.018617005957421107,113.0499984741211,116.80249977111816,4.073615358475264,1,-0.023809531560515906,-0.11414857071012152,0.011853170575973904,-0.020654526968148512,-0.03212689201301624,0.8081833060556465,0.03820266430543842,-8.574559922192027e-05
2021-03-30,105.66609954833984,115.06999969482422,116.08999633789062,114.29000091552734,115.27999877929688,8206200,0.005944578274360124,113.08599853515625,116.25599975585938,3.4620255738651124,1,0.0015667186537733357,-0.0867460341680617,0.017544180405774767,-0.010201624548632271,-0.027267420411507474,0.6106446474833473,0.015642612558764472,0.007780395090455583
2021-03-31,108.61378479003906,118.27999877929688,118.36000061035156,115.55999755859376,115.79000091552734,9806500,0.02789605538355655,114.94999847412109,116.0254997253418,3.135122057828854,1,0.08553597442304284,-0.03751322836071136,0.028969120046795638,0.019431065233866507,-0.009269524835201447,0.7320526176115892,0.02367266723583951,0.00625707154438726
2021-04-01,114.60094451904295,124.8000030517578,124.87999725341795,121.63999938964844,122.80999755859376,17904000,0.0551234726052614,117.81999969482422,116.48600006103516,3.6943188979377917,0,0.12992310095074178,0.07967823346014002,0.05924294156351295,0.07137340956309224,0.011452016835414443,1.3700239164977157,0.025961520709465093,0.038298941714985935
2021-04-05,114.32545471191406,124.5,127.4000015258789,122.68000030517578,127.06999969482422,14113900,-0.002403870548251308,119.40800018310547,116.67099990844727,4.001584716481974,0,0.06811944584517393,0.030629113036171995,0.042643707365387806,0.06710322271769509,0.02345913103346974,1.0939612739305724,0.037911656391189756,0.018189075220815365
2021-04-06,112.43379974365234,122.44000244140624,124.01000213623048,121.54000091552734,124.0,13042300,-0.01654616512926721,121.01800079345703,117.09650001525878,4.144674637745723,0,0.07037331143203307,0.074695006700916,0.011750331674840186,0.04563332316039448,0.03348947899969036,1.0276474293843516,0.020173155598270757,-0.004016064257028162
2021-04-07,110.09220123291016,119.88999938964844,122.61000061035156,119.83999633789062,122.44000244140624,11193200,-0.020826551787910152,121.98200073242188,117.27200012207031,4.18683705514175,1,0.04188754416969909,0.030159840342558475,-0.017150082226987107,0.02232416318347963,0.04016304493356347,0.9052164053692534,0.023104548223895526,0.0
2021-04-08,113.34288024902344,123.43000030517578,123.81999969482422,121.37999725341795,121.37999725341795,10226700,0.02952707426431922,123.01200103759766,117.75200004577637,4.319649726811243,0,0.0435407641108323,0.084336276198689,0.003398036484670852,0.0482199899550928,0.0446701626280356,0.8441674219574165,0.019768309449675565,0.012428041299149095
2021-04-09,112.76437377929688,122.8000030517578,123.44000244140624,121.6999969482422,122.75,8315200,-0.005104085326584573,122.61200103759765,117.86300010681153,4.423421047252981,0,-0.016025640633762994,0.01841102327908062,0.0015333084246988982,0.041887640230370726,0.04029255089792739,0.7061309202324784,0.014169425487967258,-0.005509197954261635
2021-04-12,111.01966857910156,120.9000015258789,122.45999908447266,119.23999786376952,122.20999908447266,9868400,-0.015472324744797317,121.89200134277344,117.99300003051758,4.474846824232832,1,-0.02891565039454691,0.02197800851267573,-0.008138350391876159,0.024637067407468738,0.033044344251332104,0.8320328078114158,0.026633591232948752,-0.004804592448067524
2021-04-13,111.3593978881836,121.2699966430664,122.9000015258789,120.3499984741211,122.4000015258789,8384800,0.0030603400539106485,121.65800018310547,118.10249977111816,4.529308986026108,0,-0.009555747917431967,0.018390953798596676,-0.0031892973701284077,0.026819896937718024,0.03010520877100693,0.7085898176975056,0.021027485135199833,0.012406947734230789
2021-04-14,110.96453857421876,120.83999633789062,122.43000030517578,120.5,121.98999786376952,9521900,-0.0035458094918680017,121.8479995727539,118.17699966430663,4.563036775544361,0,0.00792390485510519,0.012484272164382304,-0.00827262850763022,0.022533967533009847,0.03106357344386054,0.80903147583522,0.015971535614575403,0.005937175234054681
2021-04-15,108.67804718017578,118.3499984741211,122.0,116.55999755859376,121.6999969482422,18709100,-0.02060574262851722,120.83199920654297,118.15649948120117,4.561200322400234,1,-0.041156945787041876,-0.003452371629625528,-0.020540922509933,0.001637650013071923,0.022643694905395223,1.5322216070837742,0.04596537821329816,0.007116853992173766
2021-04-16,109.12799072265624,118.83999633789062,120.5999984741211,117.8499984741211,119.19000244140624,9512100,0.004140243938208998,120.03999786376953,118.37349929809571,4.480612154644724,0,-0.03224761087504291,0.03790389814751638,-0.009996680666728763,0.003940890846017453,0.01407830786075806,0.7814831839518298,0.02314035749530899,0.00709762550160753
2021-04-19,105.9691162109375,115.4000015258789,118.87999725341795,115.1999969482422,118.0,12630300,-0.028946439902530652,118.93999786376953,118.46199951171874,4.398720220125876,0,-0.04549214169217952,0.015576910281124734,-0.029762875411728507,-0.02584793434570498,0.004035035319520369,1.0330207081789906,0.03188908367865574,-0.007068296564923471
2021-04-20,105.55589294433594,114.9499969482422,116.77999877929688,114.5500030517578,116.0500030517578,9299200,-0.0038995196853250924,117.67599792480469,118.35049934387207,4.4607531003044105,1,-0.052115113958696946,-0.019030579886720522,-0.023165310043127163,-0.02873247189054584,-0.005699185240508299,0.7608132729975594,0.019399702364004085,0.005632595470400625
2021-04-21,107.80567932128906,117.4000015258789,117.48999786376952,113.7699966430664,114.5,8472200,0.021313655003747822,116.98799896240234,118.47599945068359,4.393065269911005,0,-0.028467352832359127,0.021847002781484992,0.00352175066785243,-0.009081990696795716,-0.01255950990226197,0.6945878031883713,0.0316865517236224,-0.0039147190969027745
2021-04-22,105.89566802978516,115.31999969482422,117.5,114.41000366210938,117.5,7411800,-0.017717221499321534,116.38199920654297,118.79399948120117,3.866625197557473,1,-0.025602017899133522,0.058370050144924246,-0.009125118308322078,-0.029243899536581353,-0.020304058161118566,0.6525485693860006,0.026794973517757562,0.0008517757480526189
2021-04-23,108.9443359375,118.63999938964844,118.72000122070312,115.93000030517578,116.58000183105467,8380300,0.0287894528582211,116.34199981689453,119.20349960327148,3.333344682763147,1,-0.0016829094110163423,0.07415122379083572,0.01975210651674053,-0.004727211998795888,-0.02400516592130673,0.7661197060326568,0.023516528404253993,0.010926137179716022
2021-04-26,111.58900451660156,121.5199966430664,121.54000091552734,119.4000015258789,120.0,8444000,0.0242750949783741,117.56599884033203,119.45149955749511,3.310752217256172,0,0.053032885929512386,0.04255318452610024,0.033632154209010334,0.017316627193747935,-0.0157846550620785,0.7880331694397302,0.01761026537824991,0.011463255372118786
2021-04-27,111.3593978881836,121.2699966430664,121.6500015258789,119.88999938964844,121.5,5491800,-0.002057274579543522,118.82999877929687,119.79549942016601,3.10840925832892,0,0.05498042507708689,0.06014509389044176,0.020533517536269086,0.012308452571567763,-0.008059573569477589,0.525697361701476,0.014513088026304457,-0.00016455434182693907
2021-04-28,109.88097381591795,119.66000366210938,120.41999816894533,118.7300033569336,120.0,6476500,-0.01327610312133276,119.28199920654296,120.02499961853027,2.903868190184071,0,0.01925044384034602,0.039888797944366505,0.0031689983239790998,-0.003040999438291614,-0.006190380456977739,0.6251321160478407,0.01412330570191077,-0.010472471989954601
2021-04-29,109.3667449951172,119.0999984741211,120.83000183105467,117.61000061035156,120.72000122070312,8831800,-0.004679969671149253,120.03799896240234,120.06599960327148,2.8836520892652477,0,0.03277834538068003,0.006932699554337063,-0.007814196307746157,-0.008045584364785197,-0.00023321040895556613,0.8565021008148689,0.02703611470996598,0.008858411550670908
2021-04-30,107.19962310791016,116.73999786376952,118.18000030517578,116.6500015258789,118.01000213623048,7950700,-0.019815286654805253,119.65799865722656,119.66299934387207,2.747217279222573,0,-0.016014847738145765,-0.06458337332448294,-0.024386174148006368,-0.02442694480440699,-4.178974848479279e-05,0.8101542622080518,0.013106037410436797,-0.009151942500884691
2021-05-03,106.46501922607422,115.94000244140624,117.5500030517578,115.7300033569336,117.47000122070312,10229500,-0.00685279627379165,118.54199981689453,119.23499946594238,2.617726067090269,0,-0.0459183209003039,-0.06875500047063265,-0.02195000404504277,-0.027634478460976664,-0.005812048913086071,1.0634029101032372,0.015697771748314358,0.006253241136645382
2021-05-04,105.93238830566406,115.36000061035156,115.81999969482422,113.73999786376952,115.0,9638300,-0.005002603233062675,117.36000061035156,118.88099937438965,2.640121171918808,1,-0.048734198040012444,-0.05782425424601578,-0.017041581370131564,-0.029617842906497382,-0.012794296582652631,1.0199917666643032,0.018030528953274446,-0.008107662770503121
2021-05-05,105.95076751708984,115.37999725341795,116.48999786376952,114.8499984741211,116.0,7059000,0.0001733412184516947,116.50399932861328,118.65549926757812,2.740116066526347,1,-0.035768061822704866,-0.0376178343414012,-0.009647755284562742,-0.027605142908493696,-0.01813232384714874,0.7637395214375051,0.014213896937840679,0.005547844887849429
2021-05-06,107.43839263916016,117.0,117.63999938964844,114.45999908447266,115.3000030517578,8581700,0.01404058576135947,116.08399963378906,118.33399925231933,2.5187095439967178,0,-0.01763222922775598,-0.052094306807727975,0.007890840848873593,-0.011273169678605144,-0.019013974282510934,0.936822834735924,0.02717948978782719,-0.0006933108299912449
2021-05-07,107.28227996826172,116.83000183105467,119.41999816894533,116.0500030517578,118.4000015258789,9614300,-0.0014529758029515616,116.1020004272461,118.03549919128417,2.3063850747914536,0,0.000770977976119136,-0.048615643911563144,0.0062703605547673735,-0.01021300683683235,-0.01638065478000578,1.0421570481882327,0.028845288576309407,0.011965825007512088
2021-05-10,103.13166046142578,112.30999755859376,115.37999725341795,112.2300033569336,114.9800033569336,12281200,-0.03868872893622988,115.3759994506836,117.60599899291992,2.5335165602934064,1,-0.03130933936841174,-0.07105048683929449,-0.02657400071667737,-0.04503172865055116,-0.018961613874565852,1.3140559756688004,0.0280473151541203,-0.015834960584836133
2021-05-11,103.62753295898438,112.8499984741211,112.98999786376952,109.12999725341795,109.7300033569336,10007700,0.00480812863739577,114.8739990234375,117.18499908447265,2.591537450206377,0,-0.021757993437503842,-0.06943183311637968,-0.017619309561108465,-0.03699279467695926,-0.019720954721937262,1.0615805167404428,0.03420470237079128,-0.02297207958101999
2021-05-12,99.36670684814452,108.20999908447266,110.08999633789062,108.05999755859376,109.3499984741211,15058900,-0.04111652150985623,113.43999938964843,116.55349922180176,3.1357114470752867,1,-0.06214247130893302,-0.10451835183859326,-0.04610367007506366,-0.07158515353924633,-0.026713053258300902,1.551820791795565,0.018759807748562774,-0.031014621597913683
2021-05-13,99.86260986328124,108.75,111.43000030517578,107.9000015258789,109.36000061035156,10552000,0.004990305148286689,111.78999938964844,116.0734992980957,3.5532063452974634,1,-0.07051282051282048,-0.0811153240210668,-0.027193840292031868,-0.06309363758636888,-0.036903340851700585,1.135091728685969,0.032459758890086204,0.010627497787715212
2021-05-14,103.26942443847656,112.45999908447266,112.83000183105467,110.23999786376952,110.61000061035156,8425200,0.034114934110093476,110.91599884033204,115.7544994354248,3.578068362942862,0,-0.037404799093484375,-0.0536856062775205,0.013920446646865425,-0.028461099715523575,-0.04179967619999074,0.9116386166361171,0.023030446277522314,0.017103453888290154
2021-05-17,100.82681274414062,109.8000030517578,110.02999877929688,107.87000274658205,109.06999969482422,10688600,-0.023652819263468405,110.41399993896485,115.47449951171875,3.818316315766212,1,-0.022348807420518924,-0.04852684922075401,-0.00556086082875773,-0.04914068893093648,-0.043823524623636416,1.1688255591878824,0.019672094468855754,-0.030144046036334138
2021-05-18,101.78179168701172,110.83999633789062,113.4800033569336,110.73999786376952,113.0,7476600,0.00947170543923015,110.01199951171876,115.26899948120118,3.9561422047239114,1,-0.017811273047481757,-0.035754682205012656,0.007526422843388669,-0.038423194121962156,-0.04560636418415142,0.8258146892867537,0.024720367951035438,0.029143869392551647
2021-05-19,103.21431732177734,112.4000015258789,112.48999786376952,108.0,108.5,7280500,0.014074388664112591,110.85,115.01899948120118,3.972339502167856,1,0.03872102834170965,-0.04258943726587461,0.013982873485601344,-0.02277013334436384,-0.03624618106578617,0.8094823004618624,0.0399465996691801,-0.021111479747412232
2021-05-20,104.02238464355467,113.27999877929688,113.72000122070312,112.0999984741211,112.38999938964844,6442500,0.007829156952594563,111.75599975585938,114.9169994354248,3.9903540498177077,0,0.04165516118893686,-0.017689914333384293,0.013636843004105392,-0.0142450696082419,-0.02750680660907509,0.7201900832312808,0.014300871857690238,-8.898697593140437e-05
2021-05-21,102.70925903320312,111.8499984741211,114.0,111.69000244140624,114.0,5979400,-0.01262359040064831,111.63399963378906,114.57749938964844,3.945524740172022,1,-0.005424156280611103,-0.05723197024999127,0.001934884005236892,-0.023804856364091354,-0.02569003313512103,0.6775132541915425,0.020652638266492527,0.006355943047862356
2021-05-24,104.3437957763672,113.62999725341795,114.54000091552734,112.12000274658205,112.26000213623048,6653600,0.0159141600677688,112.39999847412109,114.18299942016601,3.5935836950766427,1,0.03488154913670405,-0.06492758070775206,0.010943049786429127,-0.004843121739280476,-0.01561529260134345,0.761630908460289,0.02129717704338416,0.0036656563943024967
2021-05-25,104.94063568115234,114.27999877929688,114.94000244140624,113.5999984741211,114.8499984741211,5331700,0.005720333904693176,113.08799896240234,113.83349952697753,3.1846995018814237,1,0.03103575022611471,-0.05763996089109469,0.010540462540953088,0.0039223888765145265,-0.006549043714486861,0.6108741020980215,0.01172562112004414,0.010736612251976752
2021-05-26,106.52009582519533,116.0,116.0,114.0,114.0,6605100,0.015050763380080934,113.80799865722656,113.65049934387207,2.9270040363822116,0,0.03202845574065427,-0.030586691877800165,0.019260520953148674,0.020673034167839832,0.001385821569317939,0.7562154992635454,0.017241379310344827,-0.0024501118506101704
2021-05-27,106.30889892578124,115.7699966430664,116.52999877929688,115.0,116.0,6513700,-0.0019827875597723255,114.30599822998047,113.48399925231934,2.685443042658768,1,0.02198091358228904,-0.027959713465305014,0.012807712943815996,0.02014378595932631,0.007243302871566177,0.7557802914889,0.013215848869841946,0.0
2021-05-28,107.7689437866211,117.36000061035156,117.83999633789062,115.9499969482422,116.3000030517578,5386500,0.013734162679362782,115.40799865722656,113.51499938964844,2.728245259959489,1,0.04926242477781817,0.005310971029017564,0.016913922568942974,0.03387218641921397,0.01667620382994729,0.6344298788028692,0.01610428919409633,0.004578098160661348
2021-06-01,108.8249740600586,118.51000213623048,120.04000091552734,117.43000030517578,119.70999908447266,7596100,0.009798922289520506,116.38399963378906,113.64349937438965,2.903376342042364,1,0.042946449007907006,0.022166634817202713,0.01826713731381502,0.04282253528473734,0.024114888000509795,0.9087733276864749,0.022023462689261412,0.02002384510820976
2021-06-02,109.22901153564452,118.9499969482422,119.4499969482422,117.91999816894533,118.9000015258789,5383400,0.00371272301139558,117.31799926757813,113.82299919128418,3.118117058418729,0,0.04086452764113391,0.031119940351044928,0.013910889129142179,0.045043600971556685,0.030705570061639813,0.6608735576306319,0.012862537356454172,0.0032908563211409003
2021-06-03,107.27310180664062,116.81999969482422,118.26000213623048,116.45999908447266,118.0500030517578,4912200,-0.017906660849640765,117.48199920654297,113.89499931335449,3.172119617702131,1,0.007068962886415786,0.012480520676763973,-0.005634901654634761,0.0256815522990812,0.031493919090509984,0.6110807366258446,0.015408346656908756,-0.0075661531700249585
2021-06-04,109.74324798583984,119.51000213623048,119.8499984741211,118.0500030517578,118.2300033569336,5352100,0.023026899918109134,118.23000030517578,114.02049942016602,3.346299892275722,0,0.03230548157218127,0.02145300971137165,0.010826370868229462,0.04814487521086552,0.03691880763912225,0.6794535782045724,0.0150614625570123,0.012069882432740986
2021-06-07,108.55867004394533,118.22000122070312,118.75,117.56999969482422,118.13999938964844,6266000,-0.010794083277288147,118.4020004272461,114.08999938964844,3.421315867758991,0,0.007327885189834404,0.011897623622898701,-0.0015371294900951016,0.036199507872286096,0.037794732760677775,0.8127476603996291,0.009981393106001215,-0.011463498636878677
2021-06-08,106.44664001464844,115.91999816894533,117.68000030517578,115.05999755859376,117.5500030517578,11564800,-0.019455278531624765,117.88399963378909,114.27049942016602,3.4176902547122205,1,-0.021854728888688002,0.032143181273494026,-0.016660458339935902,0.014435035789195139,0.03162233675321956,1.5070440705618968,0.02260181839171137,-0.005667384216098248
2021-06-09,107.55775451660156,117.12999725341795,117.6500015258789,115.97000122070312,116.0,6401600,0.010438225531276712,117.51999969482422,114.48449935913087,3.457824934756572,1,-0.015300544275055117,0.03792644073697837,-0.0033186048538038637,0.023107913377760747,0.02651450941119267,0.854284198691537,0.014343040592248946,0.0006901469316629161
2021-06-10,108.57703399658205,118.23999786376952,118.8499984741211,116.62999725341795,117.04000091552734,8566600,0.009476655309314186,117.80399932861329,114.9859992980957,3.219013283397354,1,0.01215543719101908,0.09269012904682761,0.0037010503687571195,0.028299084980232925,0.024507331742293692,1.194965482897679,0.018775382787649564,-0.0007683457696656681
2021-06-11,108.58621978759766,118.25,118.41999816894533,117.16000366210938,118.29000091552734,6036600,8.459181673869942e-05,117.55199890136718,115.4609992980957,2.9391405581552053,1,-0.010543068477182338,0.08735632183908049,0.005937807141999096,0.02415534872259073,0.018110007846657977,0.8694337144289184,0.010655344666688809,0.0004228945590427635
2021-06-14,111.10227966308594,120.98999786376952,121.0,118.45999908447266,118.5500030517578,7610300,0.023171229291919726,118.10599822998047,115.88749923706055,3.09548207358284,0,0.02343086292052332,0.07584918058633172,0.02441873975082287,0.04402975869098058,0.01914355739424264,1.1025593290444837,0.020993478472388232,0.0025370236935120527
2021-06-15,109.68814086914062,119.4499969482422,122.0,119.2699966430664,120.3499984741211,8196900,-0.01272833244663163,118.81199798583984,116.36999893188477,2.838048227730596,0,0.030452025837268692,0.08788700936497751,0.005369819321432434,0.02646728576632773,0.020984781957284846,1.2093729390466832,0.022854779628973174,-0.0052896884118391885
2021-06-16,108.37501525878906,118.0199966430664,119.9000015258789,117.5,119.5500030517578,8059400,-0.011971539068313386,118.98999786376953,116.72899894714355,2.540200786239014,1,0.0075983899130713795,0.0647780633561903,-0.008151955946866019,0.011059785550867618,0.01936964196574486,1.1839957690301823,0.020335549857176723,0.0008372214823826329
2021-06-17,109.80474090576172,119.12000274658205,120.23999786376952,117.58999633789062,117.68000030517578,7608100,0.009320506141365481,119.16599884033204,117.06499900817872,2.376624544989417,0,0.007442531281389497,0.05978648691704813,-0.0003859833693973247,0.01755438223050554,0.017947292956509864,1.115012757700419,0.022246486440371825,-0.0028808367019268477
2021-06-18,106.73513793945312,115.79000091552734,117.88999938964844,115.20999908447266,117.51000213623048,12532800,-0.027955018084905525,118.6739990234375,117.19049911499023,2.227849189317518,0,-0.020803374921544715,0.022157504972441844,-0.024301853242011173,-0.011950612123331594,0.012658875247144603,1.758287392613055,0.023145351791912763,-0.01351578721649882
2021-06-21,105.21416473388672,114.13999938964844,115.4000015258789,113.0199966430664,115.37999725341795,11116200,-0.014249948292880954,117.30399932861329,117.3049991607666,1.9844835529419147,1,-0.056616237664818714,0.020473857369405213,-0.026972651888033883,-0.026980945345564722,-8.523355018668175e-06,1.5053045593684768,0.02085162866251379,-0.0035409245951081303
2021-06-22,105.38928985595705,114.33000183105467,114.48999786376952,112.01000213623048,113.5,11792400,0.0016646437920295742,116.28000030517578,117.33999938964844,1.9214275701372,1,-0.042863082863083046,0.006160385413682246,-0.0167698526746074,-0.02565193092083229,-0.009033569882276446,1.5431796247525886,0.021691556790174125,-0.0056071437977113225
2021-06-23,106.97478485107422,116.0500030517578,117.41999816894533,115.80999755859376,116.1999969482422,8913700,0.015044180820050768,115.88600158691406,117.42849960327149,1.810635760670765,1,-0.016692032260147927,0.015488311965064394,0.001415196508619987,-0.011739028908407279,-0.013135635910947588,1.1397536673390254,0.013873335355566594,0.01635611901721834
2021-06-24,108.0717544555664,117.23999786376952,117.66999816894533,116.2699966430664,116.72000122070312,6772200,0.010254155801107334,115.51000061035157,117.49049949645996,1.7801194127999407,0,-0.01578244492498948,0.010689636756633814,0.014977034406343126,-0.0021321011806404444,-0.01685667262116003,0.865005849984928,0.011941330189255835,0.00577335761591069
2021-06-25,107.41726684570312,116.52999877929688,117.93000030517578,116.52999877929688,117.4499969482422,6712800,-0.006055945900797832,115.65800018310547,117.52849960327148,1.7493040533384236,1,0.006390861541743842,0.006564759076340465,0.007539457666662752,-0.00849581869372229,-0.01591528375228187,0.8563298926462249,0.012014086849262333,0.0017911897671365473
2021-06-28,110.25640106201172,119.61000061035156,119.9499969482422,117.18000030517578,117.29000091552734,11026600,0.026430977974075898,116.75200042724609,117.64099960327148,1.8092213835814428,1,0.04792361354436103,0.019171779041398107,0.02447923952177966,0.016737370591207723,-0.007556882201132464,1.3577817619418202,0.023158570595531735,0.006521944084714848
2021-06-29,110.82791900634766,120.2300033569336,120.29000091552734,118.41999816894533,119.4000015258789,7874900,0.005183536020552326,117.93200073242187,117.72699966430665,1.8917022841538478,0,0.05160501558110142,0.01451355319972003,0.019485827512802922,0.02126108454104969,0.001741325853030949,0.9680294235511335,0.01555354482549946,-0.001755698381415094
2021-06-30,110.7634048461914,120.16000366210938,120.76000213623048,119.01000213623048,120.16000366210938,7936400,-0.0005822148620956424,118.75400085449219,117.7875,1.9512855868836134,0,0.035415773393116856,0.010172398023630569,0.011839624749484745,0.020142236333306807,0.008205461992929607,0.960517413946891,0.014563914336429368,-0.0005822148620956424
2021-07-01,109.1594696044922,118.41999816894533,120.20999908447266,118.02999877929688,120.0999984741211,8295600,-0.014480737684204437,118.99000091552735,117.86749992370605,1.942309947721759,1,0.010064827078442473,0.013696271856710185,-0.0047903415597641,0.004687451974436652,0.009523413939787274,0.9838468654379847,0.018409055386621923,-0.0004993773814871982
2021-07-02,109.61113739013672,118.91000366210938,119.18000030517578,118.41000366210938,118.75,5144300,0.0041378610094637835,119.46600189208985,117.8375,1.9201122684466718,1,0.020423967285197797,-0.005020487519004191,-0.004654028938565258,0.009101547997109272,0.013819895127525988,0.6108597016414116,0.006475457231120794,0.002786706942723205
2021-07-06,110.66199493408205,120.0500030517578,120.95999908447266,118.22000122070312,119.8499984741211,7181500,0.00958707723942065,119.55400238037109,117.92900009155274,1.9819077542459451,0,0.0036786425813977175,0.015479629607161538,0.004148758397971797,0.01798542308133233,0.013779496879959977,0.8481567368611882,0.022823805032209963,0.007905094466927887
2021-07-07,109.00276184082033,118.25,121.0500030517578,118.20999908447266,120.63999938964844,7391800,-0.014993777642652417,119.15800170898437,118.04550018310547,1.9252712094664903,0,-0.016468462959744246,0.02010008512645811,-0.007620148844069696,0.001732381298544361,0.009424345054688647,0.8950497878861081,0.02401694686921896,0.004914588278988052
2021-07-08,108.65248107910156,117.87000274658205,118.27999877929688,115.37999725341795,115.87000274658205,7565400,-0.003213507428481699,118.7000015258789,118.08250045776367,1.9138276430600485,1,-0.019057929808048435,0.006317813630295266,-0.006992407486329344,-0.0017995698800232773,0.0052294037280833355,0.9096609542818838,0.02460338897347666,-0.020126826667382303
2021-07-09,111.13211059570312,120.55999755859376,120.79000091552734,117.62000274658205,118.0,8374200,0.022821708232205085,119.1280014038086,118.19850044250488,1.9925658573544431,1,0.018071266869936764,0.0196211073810848,0.012020651214747824,0.01997907847602165,0.007863898085203309,1.0080768209863724,0.026293946857494227,0.001102886658087554
2021-07-12,113.04024505615234,122.62999725341795,122.7300033569336,119.5199966430664,121.19000244140624,10668700,0.017169871738079046,119.87200012207032,118.41750030517578,2.2255968827510295,1,0.03128410963537753,0.03704014590628302,0.023007851112345268,0.0355732635580559,0.01228281135090779,1.2494510294880607,0.026176358034434497,0.005225654409177327
2021-07-13,114.21092224121094,123.9000015258789,125.4800033569336,122.12999725341795,123.19000244140624,13460200,0.010356391591826108,120.64199981689453,118.56300048828125,2.482878402665963,1,0.03206995731987816,0.02405160520281968,0.02700553467224709,0.045014051732987115,0.017534975667377502,1.524163463536403,0.02703798274623851,0.004566624810657283
2021-07-14,114.66261291503906,124.38999938964844,125.77999877929688,124.06999969482422,125.1500015258789,10587700,0.003954784969612657,121.86999969482422,118.81000061035157,2.801089922799529,0,0.05192388490188948,0.04135623748526962,0.020677768943419883,0.046965733108587315,0.025755399955835385,1.1828847766303252,0.013747078485916931,0.010088781150974446
2021-07-15,108.3390655517578,117.52999877929688,120.6999969482422,116.87000274658205,120.12000274658205,23734500,-0.055149132920748634,121.80199890136718,118.78550071716309,2.810490534824505,0,-0.0028845673993591614,-0.004151820688924945,-0.0350733170276597,-0.010569488113331693,0.02539449820047143,2.438183779341517,0.03258737549085057,-0.03432749147052194
2021-07-16,106.68903350830078,115.73999786376952,118.98999786376952,115.16999816894533,118.75,12110000,-0.015230161951151788,120.83799896240234,118.61650047302246,2.889821140453032,0,-0.03998009117810131,-0.028374788489580638,-0.04218872492434289,-0.024250442373379255,0.018728410301441404,1.2159128960565164,0.0330050092045144,0.01038033892090895
2021-07-19,106.32952880859376,115.3499984741211,115.62000274658205,113.2300033569336,114.0,9230200,-0.003369616354300109,119.38199920654297,118.59450035095215,2.914045060747403,1,-0.05936556260579995,-0.0038000037820816734,-0.03377394212879703,-0.027357945496879865,0.00664026454228831,0.9423894005440828,0.02071954418087531,-0.015033678035985099
2021-07-20,107.29741668701172,116.4000015258789,116.87000274658205,114.43000030517578,115.87999725341795,7108000,0.009102757396163952,117.88199920654297,118.70750045776367,2.7726045089833753,1,-0.06053268690584701,0.019800264134532952,-0.012571874337382383,-0.019438526824223534,-0.006954078285174701,0.7408754692358966,0.02096222001220322,0.004594701225035358
2021-07-21,108.65248107910156,117.87000274658205,117.87000274658205,115.93000030517578,116.2300033569336,5564700,0.01262887630097076,116.57799987792968,118.88450050354004,2.5850960214962813,0,-0.052415762320591974,0.03096300934866103,0.011082733191556171,-0.00853347368800006,-0.019401188681796862,0.599471919178426,0.016458830883182615,-0.0014604653498008213
2021-07-22,107.44491577148438,116.55999755859376,118.08999633789062,116.20999908447266,118.08999633789062,5746500,-0.011113982840950332,116.38399963378906,118.91000022888184,2.558038318957217,1,-0.008253222417917483,0.004394610025201917,0.0015122175329813636,-0.019762868268141554,-0.021242961821803498,0.6298010479696546,0.016129009032218873,0.00186640863818055
2021-07-23,107.65692901611328,116.79000091552734,117.6500015258789,115.33000183105467,117.6500015258789,5773900,0.0019732615112484364,116.59400024414063,118.88750038146972,2.575420304075958,0,0.009072084595972862,-0.0038382544902897386,0.0016810528069737263,-0.017642724922403263,-0.019291347954747348,0.636284843231973,0.019864711675978648,0.009351441232977153
2021-07-26,106.6060791015625,115.6500015258789,116.0999984741211,114.87000274658205,115.79000091552734,6440600,-0.009761104381469932,116.65400085449218,118.84350051879883,2.6248595991293717,0,0.002600806724978977,-0.007551679933376243,-0.008606642903449258,-0.02687146523772055,-0.018423385837244954,0.7108214133764348,0.010635501178647309,-0.00856237684871064
2021-07-27,104.66109466552734,113.54000091552734,115.4000015258789,112.0500030517578,115.31999969482422,11127500,-0.018244708884672223,116.08200073242188,118.54000053405761,2.8709544646564322,1,-0.024570451656873105,-0.05074826238483354,-0.021898311545767046,-0.04217985149319892,-0.020735614902663433,1.2274110588881548,0.02950500658013447,-0.002853452889759356
2021-07-28,106.07142639160156,115.06999969482422,115.51000213623048,113.87999725341795,113.94000244140624,6819700,0.013475416302270338,115.52200012207031,118.28200035095215,2.942060910473495,1,-0.023755009642086544,-0.042917770257317356,-0.003912678336320918,-0.027155447545676115,-0.02333406791137024,0.7566456268507845,0.01416533316359994,0.0035230009041173904
2021-07-29,107.06697845458984,116.1500015258789,117.11000061035156,115.61000061035156,116.0,7162000,0.00938560731658078,115.44000091552735,118.08150024414063,2.943979068097734,1,-0.003517467753109349,-0.03337218720054813,0.006150386388779516,-0.01635733552053653,-0.022370136923665598,0.7980522266236552,0.012914334742094611,0.008082039694466081
2021-07-30,107.51866912841795,116.63999938964844,117.41999816894533,115.19000244140624,115.5,6482600,0.004218664290420726,115.41000061035156,117.99250030517578,2.960069046138551,1,-0.0012843695924568133,-0.015031234646342706,0.010657644682366962,-0.011462600690969604,-0.021886981699216854,0.7297184731587064,0.019118619163307357,-0.0055962248587150265
2021-08-02,107.72145080566406,116.86000061035156,118.37999725341795,116.66000366210938,117.5,6028800,0.0018861558800955525,115.6520004272461,117.89000015258789,2.962118586803301,1,0.010462594626096111,-0.01723995449182758,0.01044513003357328,-0.008736954287074106,-0.018983796101833036,0.6752744898730668,0.014718411623525364,0.007373119125958061
2021-08-03,109.1502685546875,118.41000366210938,118.63999938964844,116.83999633789062,117.30999755859376,5874700,0.013263760428395166,116.6260009765625,117.80800018310546,2.9215991939258577,1,0.04289239657665034,-0.0136609691625027,0.015296783484031184,0.005110039030186808,-0.0100332677297452,0.6628652926883071,0.015201444101752061,0.0038507354603105615
2021-08-04,109.45445251464844,118.73999786376952,119.5500030517578,118.27999877929688,118.43000030517578,4254000,0.0027868777253128307,117.36000061035156,117.83250007629394,2.9275492363365494,1,0.03189361413642522,0.004143745148156519,0.011758667742340023,0.007701591554859499,-0.004009924813921831,0.4886456509216094,0.010695673701443047,0.00016887629801498605
2021-08-05,109.89690399169922,119.22000122070312,119.23999786376952,118.23999786376952,119.06999969482422,4452300,0.004042474023658871,117.9740005493164,117.9,2.943976672120204,0,0.02643133581139212,0.011453282791751063,0.010561654818731503,0.011195939106896757,0.0006276552104868098,0.520734405920908,0.008387854300963933,0.002779196875456469
2021-08-06,108.96589660644533,118.20999908447266,118.5999984741211,117.4499969482422,118.37000274658205,4338100,-0.008471750762363506,118.28800048828126,117.78250007629394,2.878389188170884,1,0.013460216932781988,-0.019492356683061263,-0.0006594194126759989,0.0036295630327238815,0.004291812549910843,0.5196427747901203,0.009728462353316685,-0.007129663356969296
2021-08-09,108.97510528564452,118.22000122070312,118.79000091552734,117.31999969482422,118.41999816894533,4280200,8.461328405329205e-05,118.56000061035157,117.5620002746582,2.6471249266814603,0,0.011637862427249512,-0.035961804872273295,-0.0028677411259961927,0.0055970546988621805,0.008489140482143467,0.533105155060339,0.012434454453767108,0.0017764917189670992
2021-08-10,107.26055145263672,116.36000061035156,119.0500030517578,114.08000183105467,118.5,5132800,-0.015733383447350424,118.15,117.18500022888183,2.1953311680871064,0,-0.017312752202994885,-0.060855535291922225,-0.015150227589068477,-0.007040146920842316,0.008234840374052713,0.6742647561097361,0.04271228252521156,0.0023684552225147204
2021-08-11,106.9194793701172,115.98999786376952,117.29000091552734,115.1999969482422,116.5,4490400,-0.003179810455837484,117.6,116.76500015258789,1.4059669135539201,0,-0.02315984545624694,-0.06752955677382178,-0.013690494355701355,-0.006637282471679051,0.007151114172234258,0.6144856535854918,0.018018829259225058,0.0012031573471475987
2021-08-12,106.65217590332033,115.6999969482422,115.9499969482422,114.44000244140624,115.5500030517578,6338400,-0.002500223475026875,116.89599914550782,116.67350006103516,1.413090675182657,0,-0.02952528297617274,-0.015570508381363424,-0.010231335597524427,-0.008343823681330242,0.0019070233116882894,0.9845645308856948,0.0130509468164589,-0.003793385810115235
2021-08-13,106.4678192138672,115.5,115.5199966430664,114.48999786376952,115.06999969482422,4593200,-0.0017285821393034917,116.35399932861328,116.66150016784668,1.4224233576928613,0,-0.02292529486051431,-0.0020735948522481173,-0.007339664588592032,-0.009956156625584023,-0.0026358382053289367,0.7577124777092444,0.008917738348890815,-0.005445093085869379
2021-08-16,105.66584014892578,114.62999725341795,115.4800033569336,114.0999984741211,115.0999984741211,5435900,-0.007532491312398637,115.63599853515625,116.62550010681153,1.4658125692003907,0,-0.030367145408694785,-0.006241883226939748,-0.00869972408663422,-0.017110347664670233,-0.008484435828777124,0.9256983948986881,0.012038776200627991,-0.0034632166742762927
2021-08-17,102.42110443115234,111.11000061035156,113.8499984741211,110.75,113.7300033569336,13398800,-0.03070746512611855,114.58599853515625,116.36100006103516,1.9166061407111934,0,-0.04511859721950662,-0.04544674266478621,-0.030335276292401625,-0.045126798909679966,-0.015254264959461158,2.165723388108952,0.027900265116480274,-0.007851294757468263
2021-08-18,101.81273651123048,110.4499969482422,113.0,110.37999725341795,111.73999786376952,9167300,-0.005940092327277657,113.47799835205078,115.98999977111816,2.2907623100953756,1,-0.04776274693990479,-0.06295075613337087,-0.026683599004051817,-0.04776276259856882,-0.021657051677078147,1.43984067562081,0.02372116631030602,0.005670031949934762
2021-08-19,101.87725830078124,110.5199966430664,110.97000122070312,107.68000030517578,109.0,12146900,0.0006337681915646876,112.44199829101562,115.6879997253418,2.5902266051641893,0,-0.04477096319624829,-0.05181881470520022,-0.0170932718838277,-0.04467190282954925,-0.028058238037070395,1.8165204978985046,0.02976837690425089,-0.01312808500050644
2021-08-20,99.66493225097656,108.12000274658205,109.70999908447266,107.7300033569336,109.13999938964844,13042000,-0.021715472035665595,110.96599884033203,115.25449981689454,3.0760358263157235,1,-0.06389608011617276,-0.07423579160014049,-0.0256474606951006,-0.06190211299035708,-0.03720896783531808,1.849847737191698,0.018312945590464806,-0.012486403323688
2021-08-23,102.28282165527344,110.95999908447266,111.33000183105467,109.2699966430664,110.08000183105467,9533500,0.026267076079781182,110.23199920654297,115.01999969482422,3.2197126423325297,1,-0.032016036437930495,-0.04055341443602811,0.00660425178868107,-0.03529821440726588,-0.04162754739162732,1.3231866125465044,0.018565295646947574,0.01812799699114498
2021-08-24,103.3428955078125,112.11000061035156,113.06999969482422,111.8000030517578,111.81999969482422,6719800,0.01036410900655671,110.43199920654297,114.94849967956543,3.2697971426373966,1,0.009000089951460621,-0.012594682875154195,0.015194883873017595,-0.024693659135409107,-0.039291513030729586,0.9620921545635593,0.011328129838125757,0.0077505462999944985
2021-08-25,107.8781509399414,117.02999877929688,119.18000030517578,115.61000061035156,115.70999908447266,22106800,0.0438854530564603,111.74799957275391,115.04649963378907,3.3028352266524617,1,0.059574486309294405,0.017033102369607533,0.047267058262677075,0.017240847412321125,-0.028671016254599627,2.8528860454837286,0.030504996428794014,0.03211130545465979
2021-08-26,108.86449432373048,118.0999984741211,118.45999908447266,116.3499984741211,117.9800033569336,9892100,0.009142952285611017,113.26399993896484,115.14399948120118,3.3653161616631064,1,0.06858489016729652,0.016788608890441648,0.04269669566466172,0.025672193134150367,-0.016327377463931755,1.2544781958624958,0.017866220470899672,0.008117615889480678
2021-08-27,109.22400665283205,118.48999786376952,119.3000030517578,117.69000244140624,118.33000183105467,6827700,0.003302281072712132,115.33799896240234,115.23649940490722,3.4333371001604878,1,0.09591190208802769,0.01586075517662655,0.02732836471694511,0.028233228843844493,0.0008807934813993051,0.8639721816066311,0.013587649923013879,0.0019475305665137554
2021-08-30,109.68488311767578,118.98999786376952,119.5,118.47000122070312,118.87999725341795,6434200,0.004219765457122104,116.94399871826172,115.34299926757812,3.518331088554208,1,0.07236841064845101,0.01822691461828785,0.01749554631218797,0.031618725187914754,0.013880334834795897,0.8120959919625947,0.008656179492297416,0.0032914119054743285
2021-08-31,109.7033233642578,119.01000213623048,120.8000030517578,118.6999969482422,120.01000213623048,8424900,0.00016811726044285713,118.3239990234375,115.37299919128418,3.54828953232723,1,0.061546708485539225,0.005067126556580925,0.005797666732486828,0.03152386581297306,0.025577906900562285,1.0465109779372992,0.01764562697101479,0.008572184980024655
2021-09-01,111.03994750976562,120.45999908447266,121.36000061035156,119.55999755859376,120.22000122070312,8603900,0.012183824235061813,119.00999908447265,115.45899925231933,3.653475498481275,1,0.02930872717211863,0.014485440893105883,0.01218385019035928,0.04331407568520795,0.03075550502904598,1.0406315463548446,0.014942745022731943,0.010167204963895005
2021-09-02,111.34413146972656,120.79000091552734,121.38999938964844,120.45999908447266,120.94000244140624,6866400,0.002739513810084526,119.54799957275391,115.53749923706054,3.7540222577145532,1,0.02277732833329127,0.013168928692743442,0.0103891436679171,0.0454614450992199,0.03471167683372302,0.8185331038967464,0.007699315325166384,0.003984753117895812
2021-09-03,114.27545928955078,123.97000122070312,124.4800033569336,121.26000213623048,121.58000183105467,10361400,0.026326684999362415,120.64400024414063,115.82549934387207,4.167966386343883,1,0.04624865774100262,0.04872686050961206,0.027568722603957596,0.07031700206748948,0.04160138248973144,1.1923593441989084,0.025974035565028027,0.006540284042880318
2021-09-07,114.9483642578125,124.6999969482422,125.27999877929688,123.88999938964844,124.62000274658205,9739900,0.005888486894821243,121.78600006103515,116.14949913024903,4.593991977037042,0,0.047987218984657964,0.05481302368997332,0.023927191021518412,0.07361631244233546,0.048527983099310695,1.0867009973986967,0.011146747583525352,0.005243216257792227
2021-09-08,112.35810089111328,121.88999938964844,123.13999938964844,121.2300033569336,122.97000122070312,7983300,-0.02253406276954506,122.36199951171875,116.42599906921387,4.770360636519393,1,0.024199623575514417,0.047524911913801704,-0.0038574077242429228,0.04693110099219577,0.05098517934105075,0.8767712133758871,0.015669833803256636,-0.013873261987785934
2021-09-09,113.08634185791016,122.68000030517578,123.48999786376952,121.87999725341795,122.19000244140624,5101300,0.006481261132850857,122.80599975585938,116.76049919128418,4.968612531214969,1,0.018429364416202132,0.057677408092236426,-0.0010260040302109141,0.05069780580668737,0.051776933179011886,0.5583804962518684,0.013123578467122303,0.0024612605895482087
2021-09-10,113.35366821289062,122.97000122070312,124.33999633789062,122.88999938964844,123.0199966430664,5163900,0.002363880948858421,123.24199981689453,117.12399940490722,5.149582004300837,1,0.01804785403305309,0.06283495647552284,-0.0022070284204697144,0.049912928567148684,0.05223524165049115,0.5688893883108814,0.011791468926147065,0.002771408029384137
2021-09-13,113.95281219482422,123.62000274658205,124.0999984741211,122.1999969482422,122.94000244140624,6622800,0.0052858544313771905,123.17200012207032,117.52999954223633,5.33168120359722,0,-0.0028232513565760176,0.07030305408296145,0.003637211574609056,0.051816584940572286,0.04800476986138714,0.7215448040232539,0.01536969328316428,-0.00024395201267868316
2021-09-14,113.4642562866211,123.08999633789062,123.62999725341795,122.4000015258789,123.62999725341795,5110500,-0.004287383893510466,122.85,117.95299949645997,5.424285723271796,0,-0.012910991577809061,0.07380266323979545,0.001953572144001825,0.04355121839512721,0.04151654069371078,0.5577705331699113,0.00999265386410951,8.084862169432938e-05
2021-09-15,111.99861145019533,121.5,122.5,120.87999725341795,122.41000366210938,5566500,-0.012917348161470166,122.77200012207031,118.47249946594238,5.22842237953235,0,-0.003199601210938763,0.09351092910245606,-0.010360669540331546,0.025554458188230766,0.03629112811419938,0.6346660008174895,0.013333355938946877,-0.005524353692518025
2021-09-16,111.80146026611328,120.79000091552734,121.12999725341795,119.3499984741211,120.0,7301400,-0.005843613863972474,122.39400024414063,118.98949966430663,4.893906486197355,0,-0.015405929124118978,0.09361705978254165,-0.013105212064429383,0.015131597798967888,0.028611773218971216,0.8414213375803519,0.014736309014035656,-0.012345679012345734
2021-09-17,108.98767852783205,117.75,120.47000122070312,117.69000244140624,120.19000244140624,10722700,-0.02516765371707652,121.35,119.35099983215332,4.4853347218944055,0,-0.04244938740249671,0.06541805624807884,-0.02966625463535222,-0.013414213826485333,0.016748918489647546,1.245920116194626,0.023609331458996935,-0.004967285947292122
2021-09-20,106.16464233398438,114.6999969482422,116.01000213623048,113.5500030517578,115.1999969482422,8991000,-0.025902361373739247,119.56599884033203,119.67999954223633,3.80842583785606,1,-0.0721566542643235,0.06085825041165349,-0.040697204383228214,-0.04161098440041888,-0.0009525459754373621,1.069885883598891,0.021447246294023416,-0.021656076872677676
2021-09-21,106.40528106689452,114.95999908447266,115.87000274658205,114.5500030517578,115.6500015258789,8182200,0.0022668015967584054,117.93999938964843,119.87999954223633,3.4106492376582134,1,-0.06604921192052493,0.036049026973719034,-0.025267087676764333,-0.041041045016272704,-0.016182850850815986,0.9815340082664208,0.011482252134103714,0.008282516154428432
2021-09-22,107.2475814819336,115.87000274658205,116.23999786376952,114.91000366210938,115.2300033569336,5345600,0.007915828717437012,116.81399993896484,120.06799964904785,3.04370226707088,1,-0.04633742595405721,0.03353850785621448,-0.00808119911034666,-0.03496349497564977,-0.027101306922696054,0.6465858474676214,0.01147833063030953,0.00234868018972878
2021-09-23,107.54376983642578,116.19000244140624,116.97000122070312,115.58999633789062,116.97000122070312,5484700,0.0027617130166472936,115.89400024414063,120.02599983215332,3.093222469634311,0,-0.03808260981252953,-0.007177615540052806,0.0025540769724234913,-0.03195972036151684,-0.03442587100953925,0.7375556726983239,0.011877139631771902,0.009493384379448688
2021-09-24,107.03472137451172,115.63999938964844,116.55999755859376,115.52999877929688,116.0,4455900,-0.004733652123255272,115.47200012207031,119.90299987792969,3.2201456207844847,1,-0.017919325777932538,-0.020829797766777403,0.0014548918127383903,-0.03555374338107731,-0.036954869856221005,0.6219406491162689,0.008906942102501342,-0.0016352735813225383
2021-09-27,107.50674438476562,116.1500015258789,116.56999969482422,115.01000213623048,115.6999969482422,5198800,0.004410257168127707,115.76200103759766,119.78600006103515,3.3152920118865854,0,0.0126417141779962,-0.01974847143284575,0.0033517085468766084,-0.030354119290264103,-0.033593233110606656,0.7339760400335166,0.013430887112353237,0.0005188304990524362
2021-09-28,103.572998046875,111.9000015258789,115.04000091552734,111.8499984741211,114.33000183105467,9792300,-0.03659061510260142,115.1500015258789,119.43150024414062,3.7548145399036987,0,-0.026617933045956832,-0.059584809355218926,-0.02822405520567528,-0.06306124182368888,-0.03584899050509724,1.3504813838700203,0.028507617496935457,-0.01566939019298008
2021-09-29,103.31385803222656,111.62000274658205,112.8499984741211,111.0199966430664,112.3000030517578,6522400,-0.002502223194627118,114.30000152587891,119.0620002746582,4.142115149374112,1,-0.036679035982204344,-0.06209561597342983,-0.023447058123530096,-0.06250522846003415,-0.03999595788575762,0.9114786583555121,0.016394927307155298,0.003574633783953729
2021-09-30,103.34160614013672,111.6500015258789,113.3499984741211,111.6500015258789,112.43000030517578,6433400,0.00026875809495341407,113.39200134277344,118.62150039672852,4.443136411385186,0,-0.039073937689405036,-0.07313629109706143,-0.015362634015327337,-0.05877095507588004,-0.044085591873859874,0.9128860332722226,0.01522612561584383,0.007256741969741132
2021-10-01,103.2583236694336,111.55999755859376,112.3000030517578,110.3000030517578,112.0,5315200,-0.0008061259834759582,112.5760009765625,118.16000022888184,4.679128022499524,0,-0.03528192539423258,-0.07641363761052078,-0.0090250444957648,-0.05585648829979295,-0.04725794889558952,0.7626087555382108,0.017927572999000434,0.003134782528775526
2021-10-04,100.90733337402344,109.0199966430664,111.43000030517578,108.5199966430664,111.0,8514500,-0.022768025915322343,111.15,117.4125,4.89144776839642,1,-0.06138617984627315,-0.12059372776016442,-0.0191633230493351,-0.07147878937024243,-0.053337591823698405,1.238037838344785,0.026692384440597478,-0.005019698555475904
2021-10-05,101.12945556640624,109.26000213623048,110.3499984741211,109.22000122070312,109.8000030517578,8039600,0.0022014813846478187,110.62200012207032,116.64050025939942,4.899166963595035,1,-0.023592487521440053,-0.12381712261324451,-0.01231218007572532,-0.06327560415769207,-0.051598716774571625,1.183616983687651,0.010342277423800846,0.007154709527694703
2021-10-06,101.2034912109375,109.33999633789062,109.5199966430664,107.58000183105467,108.44000244140624,7553600,0.0007321453422670654,110.16599884033204,116.01300010681152,4.99420658766875,1,-0.020426503785955452,-0.10296171231930962,-0.007497798877479145,-0.05751944836162459,-0.05039953506155543,1.1155951595906906,0.0177427737057592,-0.007505030924325196
2021-10-07,102.58263397216795,110.83000183105467,111.70999908447266,110.48999786376952,111.0,7821900,0.013627268548277005,110.00199890136719,115.42050018310547,4.862819983548873,0,-0.00734437692447476,-0.09659274897818182,0.00752716257847208,-0.03977194991156974,-0.04694574424077407,1.132468841144674,0.011007860692476265,0.015182035098844304
2021-10-08,101.85140991210938,110.04000091552734,111.06999969482422,109.51000213623048,110.9800033569336,5143400,-0.007128042068713314,109.6979995727539,114.77400016784668,4.661651541047011,1,-0.01362492538840443,-0.10514759841279808,0.003117662528992815,-0.04124626871413639,-0.044226049346276886,0.7447812890968908,0.014176640727141344,0.0013534379085149428
2021-10-11,102.05504608154295,110.26000213623048,111.70999908447266,109.9000015258789,110.08000183105467,5318500,0.0019992840682727664,109.94600067138671,114.1060001373291,4.26792715929425,0,0.011374110542526239,-0.10807312986183337,0.0028559607709812695,-0.033705484343241165,-0.036457324425847364,0.7774783447027755,0.01641572214335193,0.00036351249722388346
2021-10-12,101.07391357421876,109.1999969482422,111.02999877929688,108.55999755859376,110.47000122070312,9294600,-0.009613687352178713,109.93399963378906,113.41150016784668,3.8374807931026007,1,-0.0005491962915529225,-0.11284425869604708,-0.0066767577636760445,-0.037134710442693564,-0.030662679965532565,1.3183998093592684,0.02261905942977108,0.0019045808126612052
2021-10-13,101.79588317871094,109.9800033569336,110.0500030517578,108.9499969482422,109.31999969482422,7845100,0.007142916030126845,110.06200103759765,112.83550033569335,3.3990303772736143,1,0.005853366018644834,-0.09481478718573177,-0.0007450135368340938,-0.025306725013532594,-0.024580023927260036,1.0950970429266986,0.010001873703764055,0.0010989262814622425
2021-10-14,104.18389129638672,112.55999755859376,114.73999786376952,111.16000366210938,114.13999938964844,16930500,0.023458757255052642,110.40800018310547,112.42400016784669,2.8370659153224365,1,0.015609453207230173,-0.06813480664421145,0.019491317403805164,0.001209682901729403,-0.017932113976832063,2.2144992443064657,0.03180520859372403,0.037825021874329456
2021-10-15,106.31275177001952,114.86000061035156,114.9499969482422,112.95999908447266,114.77999877929688,11558800,0.020433574108426278,111.37200012207032,112.27950019836426,2.6165479092839026,1,0.043802250588168556,-0.024543519232683164,0.031318468595860516,0.022982827741736767,-0.008082509048318361,1.5036619791598913,0.017325420975056134,0.01972282577162887
2021-10-18,106.75702667236328,115.33999633789062,115.3499984741211,113.41999816894533,113.41999816894533,6773800,0.004178963303050898,112.38799896240235,112.31150016784667,2.651389788621588,1,0.04607286507562014,0.005579768148879838,0.026266126301223824,0.02696514751844603,0.0006811305560102922,0.8940846646885526,0.016733139990067245,-0.01253702275600077
2021-10-19,108.2564697265625,116.95999908447266,116.9800033569336,115.62999725341795,115.8000030517578,5406100,0.01404545515881761,113.93999938964843,112.41150016784668,2.7905996722024633,0,0.07106229261076336,0.017397355740498943,0.02650517562753807,0.04046293226079545,0.013597356316030663,0.7268769407732639,0.011542459935730822,0.003988267110045518
2021-10-20,106.98841094970705,115.58999633789062,117.02999877929688,115.5500030517578,116.87999725341795,8205800,-0.011713429867527325,115.06199798583984,112.3974998474121,2.7729820706222132,1,0.05100920903548367,-0.0024165565034448555,0.004588816127769402,0.02840362547932629,0.02370602675366431,1.082495816538475,0.012803839211247827,-0.0006840101887904959
2021-10-21,107.6363296508789,116.29000091552734,116.3499984741211,114.61000061035156,115.01000213623048,4640300,0.0060559269816955474,115.80799865722656,112.40249977111816,2.7802607826466628,0,0.03313791256073806,0.0008606461142948163,0.0041620808915576735,0.0345855399330548,0.03029735898261088,0.6155693150575898,0.014962575028556925,-0.005017685094172997
2021-10-22,105.7296142578125,114.2300033569336,117.1500015258789,114.2300033569336,116.23999786376952,6283000,-0.017714313718942387,115.68199920654297,112.33199996948242,2.7108564533868047,0,-0.005484914244038297,-0.012192978555489842,-0.012551614422023682,0.016896373143599375,0.029822305647283484,0.8235053567824179,0.025562444919319638,-0.000429985823064416
2021-10-25,105.18353271484376,113.63999938964844,114.5500030517578,113.11000061035156,114.4000015258789,6667700,-0.005165052525137215,115.34199981689453,112.2064998626709,2.579726959938363,1,-0.014739006435044555,-0.021610005193768544,-0.014756120319987631,0.012775548018448157,0.027944013564821638,0.8655950097526621,0.012671616060721369,0.0014882094366583942
2021-10-26,105.68333435058594,114.18000030517578,115.3000030517578,113.72000122070312,114.94000244140624,4852300,0.0047518560227706175,114.78600006103515,112.32049980163575,2.615597703788949,0,-0.02376879959864797,0.02037532393392838,-0.005279387342856601,0.01655530830813623,0.021950581271928244,0.6507891269141399,0.01383781596454464,0.011439660847764932
2021-10-27,105.28533172607422,113.75,115.05999755859376,113.70999908447266,114.02999877929688,5394500,-0.003765986197464488,114.41800079345703,112.42699966430663,2.628904173257671,1,-0.01591830085807755,0.01908257660818924,-0.0058382491288487826,0.011767638909191636,0.01770927922203099,0.7290229376333681,0.011868118453811938,-0.0013137285468381998
2021-10-28,107.37714385986328,116.01000213623048,116.0199966430664,113.54000091552734,113.66000366210938,5714300,0.01986815064818015,114.36200103759765,112.64499969482422,2.7395284480116655,0,-0.0024077631532589683,0.03905060950080674,0.014410390546515828,0.029872630392140387,0.015242588196769477,0.7760119777149317,0.021377430237668686,-0.0007911765968406925
2021-10-29,105.23906707763672,113.6999969482422,114.19000244140624,113.22000122070312,114.06999969482422,7118900,-0.019912120898641472,114.25599975585938,112.75199966430664,2.7367106257382936,1,-0.004639817850965899,0.01918249763786939,-0.004866289812397007,0.008407809056673043,0.013339010359289034,0.9550622093787648,0.008531233480548541,-0.016722717056139036
2021-11-01,105.62779998779295,114.12000274658205,114.33999633789062,113.3499984741211,113.58000183105467,4955700,0.003693982494397341,114.35200042724611,113.00699996948242,2.60510832890549,0,0.0042238943990819955,0.046780464690465484,-0.0020288029924904194,0.009848971987577615,0.011901921634296165,0.6811097428229007,0.008675059936407005,-0.0010553660546019916
2021-11-02,105.61856079101562,114.11000061035156,114.8000030517578,113.54000091552734,113.58999633789062,4479700,-8.76457762859495e-05,114.33800048828127,113.24949989318847,2.459628684992664,0,-0.0006130644126565166,0.0443895147290394,-0.001994086628732572,0.00759827388178036,0.009611526727441781,0.6311281113846653,0.011041995701436817,-0.004644290185204181
2021-11-03,105.5260009765625,114.01000213623048,114.0999984741211,112.7300033569336,113.44000244140624,6073000,-0.0008763340074157133,114.39000091552737,113.48300018310547,2.2843793352346475,1,0.0022857330657624075,0.04271086477731578,-0.003321958005555903,0.004643884566628342,0.007992392965981171,0.864619986488978,0.012016446728511536,-0.005871511395685203
2021-11-04,109.02471923828124,117.79000091552734,117.8499984741211,112.41000366210938,113.37000274658205,14682800,0.033154975076486126,114.74600067138672,113.8310001373291,2.386796638615287,1,0.015343494065335861,0.0627988718711947,0.026528159816725294,0.0347796362451529,0.008038236798005305,1.993066320616158,0.0461838421744558,-0.005613537213021935
2021-11-05,109.0339584350586,117.8000030517578,119.52999877929688,116.25,118.16999816894533,8668100,8.491498559060062e-05,115.56600189208984,114.21900024414063,2.3687615359010947,1,0.0360598611570937,0.07051982980432236,0.019330954805842904,0.031352076274200114,0.01179314864488418,1.1491314996669175,0.027843791972193256,0.0032260569697295516
2021-11-08,111.91254425048828,120.91000366210938,122.25,117.0500030517578,118.38999938964844,15776300,0.026400683614457465,116.92400207519532,114.75150032043457,2.616087146072781,1,0.05949877981168106,0.09658989043661004,0.03409053330513445,0.05366817274264535,0.018932229632677603,1.9558855526207637,0.04300716889211186,0.005008457747080142
2021-11-09,112.7177734375,121.77999877929688,123.2699966430664,120.16999816894533,121.25,10874100,0.007195394018999046,118.45800170898437,115.3805004119873,2.7212816809305527,0,0.06721582795478076,0.11520148518884343,0.028043669675212435,0.055464297211911706,0.02667262913584432,1.3350579002681386,0.025455727584126835,0.0028119785591997903
2021-11-10,109.40419006347656,118.1999969482422,120.8000030517578,117.68000030517578,119.5999984741211,9046100,-0.029397289102808588,119.29600067138672,115.79150009155273,2.472031801199032,0,0.03675111598546499,0.07474080142215578,-0.009187262917250472,0.02080029064987632,0.030265611699158295,1.1024985710089712,0.026395963004535557,-0.017901135876398078
2021-11-11,109.39493560791016,118.19000244140624,120.47000122070312,117.8000030517578,119.26000213623048,6994000,-8.455589758049609e-05,119.3760009765625,116.07300033569337,2.404307980637154,1,0.003395886940910753,0.050017812765869474,-0.009934982956826599,0.01823854039776962,0.028456235569999568,0.9073377731564756,0.022590727758627492,0.008967895222979028
2021-11-12,109.8577117919922,118.69000244140624,118.81999969482422,117.2699966430664,118.38999938964844,6947200,0.004230476264249772,119.55400085449219,116.26450042724609,2.454610339273367,0,0.007555172891272388,0.033344957432548616,-0.007226846503761264,0.020861931245108822,0.028293248714422,0.9290575893475053,0.013059255370080588,0.0016921646849221705
2021-11-15,109.33016967773438,118.12000274658205,119.63999938964844,117.51000213623048,119.31999969482422,5157000,-0.004802423819188828,118.99600067138672,116.40350074768067,2.478102900245458,0,-0.023075021346655178,0.024102709354588026,-0.007361574505548196,0.014746137254257663,0.02227166629056655,0.6971891394236327,0.01803248564079117,0.0053079218169953535
2021-11-16,109.29312133789062,118.08000183105467,118.37999725341795,117.16000366210938,117.69000244140624,5555100,-0.00033864641548642105,118.25600128173828,116.45950088500976,2.5038615532179627,1,-0.03038263249573314,0.009575946950658887,-0.0014882919156407048,0.013914716564387142,0.015425966821739637,0.7502537378643072,0.010331923885418886,-0.0036403682287270422
2021-11-17,110.2002182006836,119.05999755859376,119.5500030517578,117.51000213623048,118.0,6391400,0.008299421683116481,118.4280014038086,116.63300094604492,2.560033205420487,1,0.007275809074074102,0.03001990942676125,0.005336543277718819,0.020808832773423935,0.015390159244844047,0.8739091347254934,0.017134226082302383,-0.0006775222714607843
2021-11-18,114.2079849243164,123.38999938964844,123.55999755859376,119.8000030517578,119.97000122070312,13229700,0.03636823383037391,119.46800079345704,116.98800086975098,2.969498542404909,1,0.043996927327420554,0.061054247297482656,0.032828862709203266,0.05472354833232118,0.021198754618152484,1.7085913874967793,0.030472441246736915,0.007643236021918298
2021-11-19,115.01324462890624,124.26000213623048,124.8000030517578,122.0199966430664,122.02999877929688,9071800,0.007050836784873393,120.58200073242188,117.48950080871582,3.3069776202582486,1,0.046928971103307404,0.08780529181949004,0.03050207644149383,0.05762643709362325,0.026321500239761375,1.150880718453635,0.02237249606388688,-0.01102196788296328
2021-11-22,115.46678161621094,124.75,128.08999633789062,123.20999908447266,123.5,16076100,0.0039433273406217495,121.90800018310547,118.0450008392334,3.5504669840371825,0,0.05612933541529053,0.09776487742012052,0.023312660470402813,0.056800365225954774,0.0327248025448628,1.9246118565936043,0.03911821445625626,-0.0061162250375407234
2021-11-23,112.32904052734376,121.36000061035156,123.1999969482422,119.5199966430664,122.72000122070312,10984000,-0.027174343804797108,122.56399993896484,118.40400085449218,3.501758012808892,0,0.027777767009097953,0.06288316943409855,-0.00982343370984018,0.024965370549361987,0.03513394019164033,1.26843497711759,0.030323008294892057,-0.01627253530498496
2021-11-24,111.72740173339844,120.70999908447266,120.87000274658205,118.4000015258789,120.0,6992600,-0.005355978268044459,122.89400024414063,118.75200080871582,3.3577851326622046,0,0.013858571810123399,0.06118680513822117,-0.017771422163240236,0.01648812872560157,0.03487940756549177,0.8001240360459735,0.02046227520037206,-0.011206333252404055
2021-11-26,108.37679290771484,117.08999633789062,119.04000091552734,116.5199966430664,117.5,6766900,-0.029989253367890045,121.63399963378906,118.80600051879883,3.319837358990013,1,-0.05105764715877237,0.009309492128031449,-0.037358002775369936,-0.014443750091870822,0.02380350405401246,0.7696634165621685,0.02152194338779271,-0.026592652711614262
2021-11-29,110.4038314819336,119.27999877929688,119.87999725341795,117.9000015258789,118.36000061035156,7634000,0.018703582798708762,120.63799896240235,119.08500061035156,3.0950015949273895,0,-0.04007728368999919,0.049076534571894204,-0.011256819532697193,0.0016374704450257127,0.013041091187732647,0.8657507898813533,0.01659956193663804,0.01084639433069956
2021-11-30,108.4323501586914,117.1500015258789,120.16999816894533,115.76000213623048,118.0999984741211,10561800,-0.017857120013549777,119.11799926757813,119.2365005493164,2.907663518676531,1,-0.06092183145588048,0.02655098761279695,-0.01652141367215587,-0.01749882807550629,-0.0009938339450784473,1.1608816580632078,0.03764401173943355,-0.009892692129877756
2021-12-01,111.6533660888672,120.62999725341795,123.51000213623048,119.22000122070312,119.22000122070312,12924400,0.02970546890492609,118.97199859619141,119.56250038146973,2.6573725572042237,1,-0.006015189133670273,0.057137819719500715,0.013936041058316917,0.008928358545048143,-0.0049388544350803705,1.3575594097677388,0.03556330111253322,0.017669651454225166
2021-12-02,112.6437530517578,121.6999969482422,123.4000015258789,120.0199966430664,120.3499984741211,8425500,0.008870096320871212,119.16999816894531,119.9470001220703,2.3502833317104144,0,0.00820145697355823,0.06745017689608446,0.021230165462536643,0.014614761722993252,-0.006477877331940256,0.8742008799593689,0.027773253636563217,-0.0023211372434058797
2021-12-03,110.45011138916016,119.33000183105467,121.8499984741211,117.9800033569336,121.0,7809000,-0.019474077046981897,119.61799926757813,120.02400016784668,2.300597911071428,0,0.01913063082434463,0.013074122621254958,-0.0024076429825516943,-0.005782163032572618,-0.003382664297980261,0.8401964439323001,0.0324310320774701,-0.00575182387670814
2021-12-06,110.27426147460938,119.13999938964844,119.5,116.58000183105467,118.88999938964844,5681200,-0.0015922436813102792,119.58999938964844,120.09099998474122,2.251406331423509,1,-0.001173703815234628,0.011375180841904475,-0.003762856445327145,-0.007918999718660169,-0.004171841313307688,0.6212417618106685,0.02450896578734608,-0.00368727423660975
2021-12-07,113.21759033203124,122.31999969482422,122.58000183105467,120.26000213623048,120.54000091552734,7459200,0.02669129025908057,120.6239990234375,120.16149978637695,2.299954772526684,0,0.044131439194247335,0.011661533289298198,0.014060225868130827,0.01796332362932085,0.0038489802297972837,0.8545254898726151,0.018966642418348188,0.011750894183742533
2021-12-08,112.73628997802734,121.8000030517578,122.22000122070312,120.11000061035156,121.62999725341795,5795700,-0.004251117105655289,120.85800018310547,120.1625,2.300699906203971,0,0.009699128118870082,0.0001642656648173091,0.007794294686534142,0.01362740498706172,0.005787996946680371,0.6838475139334064,0.01732348569363284,-0.005640961765269403
2021-12-09,110.60745239257812,119.5,122.08999633789062,119.48999786376952,121.18000030517578,6103900,-0.01888344001748865,120.41800079345703,120.2275001525879,2.2603466051732255,0,-0.018077214489806703,0.010998334055178027,-0.007623451538874115,-0.006051029520405704,0.0015845013880131948,0.7329348795182531,0.021757309406871195,-0.005090334409257435
2021-12-10,110.2649917602539,119.12999725341795,120.79000091552734,118.23999786376952,120.0,5973900,-0.0030962572935736565,120.37799987792968,120.27449989318848,2.225251078833338,0,-0.0016760628053947846,0.007953251481467083,-0.010367364682726699,-0.00951575471764099,0.0008605314080135018,0.7217452658082256,0.021405213720716885,0.004184100418409997
2021-12-13,107.75664520263672,116.41999816894533,119.02999877929688,116.38999938964844,118.86000061035156,5854300,-0.02274825104467859,119.83399963378906,120.16099967956544,2.3638952055182303,0,-0.022830294062763268,-0.019125488463794915,-0.028489422661989727,-0.031133242238299275,-0.0027213492451659627,0.7119962297997842,0.022676511176519233,-0.0022664035028225893
2021-12-14,107.6363296508789,116.29000091552734,116.9800033569336,115.25,115.44000244140624,6267300,-0.0011166230498418361,118.62799987792968,120.06949958801269,2.479638427870008,1,-0.04929691623889065,-0.015492734409944475,-0.019708660390533317,-0.031477591606975275,-0.012005544414102997,0.7571132257133159,0.014876630349244406,-0.008417761062982976
2021-12-15,111.44046783447266,120.4000015258789,120.51000213623048,116.4800033569336,116.79000091552734,6700700,0.03534268275857233,118.3479995727539,120.18549957275391,2.435543149227337,0,-0.011494265113310198,0.019647693587806936,0.017338712614770824,0.0017847573450002763,-0.015288866015718317,0.8039068189371062,0.03347175023441073,0.0042995958041414095
2021-12-16,108.34180450439452,116.56999969482422,120.75,116.13999938964844,120.33999633789062,9116100,-0.03181064603418182,117.76199951171876,120.06099967956543,2.5567312428852813,0,-0.024518831005655106,-0.020913807448585953,-0.010122109184940609,-0.029076885866838098,-0.019148600911058085,1.0761024883121513,0.039547058612167514,-0.0004983819537193179
2021-12-17,108.10945129394533,116.31999969482422,117.48999786376952,115.93000030517578,116.29000091552734,11725600,-0.002144634131032719,117.2,119.70749969482422,2.5609847545779147,0,-0.02358765737747981,-0.05729799602719943,-0.007508535027097141,-0.028298143463324488,-0.02094688888513002,1.3965365284295277,0.013411258276190913,-0.0024019797549104105
2021-12-20,106.8268585205078,114.94000244140624,116.62000274658205,113.91000366210938,115.91999816894533,6980800,-0.011863800352807097,116.90400085449218,119.241499710083,2.536832330799389,1,-0.012712555839344386,-0.07500402007563478,-0.016800095794244796,-0.0360738273095792,-0.01960306488323348,0.8419072199140099,0.023577510239345657,-0.0034388026730427512
2021-12-21,109.15040588378906,117.44000244140624,117.5,115.08000183105467,116.06999969482422,6122900,0.021750478048531807,117.13400115966797,118.87599983215333,2.2065078502000532,1,0.009889083470850268,-0.05859717481838689,0.0026124035609536023,-0.012079792327926997,-0.014653913951890729,0.7855924885713222,0.020606251010193265,0.009831192182147674
2021-12-22,112.7379379272461,121.3000030517578,121.44000244140624,116.83000183105467,116.91999816894533,9300100,0.032867851925304725,117.31400146484376,118.87299995422363,2.2029909420472973,0,0.007475095635156137,-0.0004943767163152479,0.03397720252606473,0.020416773350287798,-0.013114824139882256,1.2062707244485749,0.038004950489444835,-0.004427829203429656
2021-12-23,112.16171264648438,120.68000030517578,121.79000091552734,119.83999633789062,120.95999908447266,6512500,-0.0051113168259152575,118.13600158691406,118.87150001525879,2.2016841901691375,1,0.0352577903501019,-0.00024851942278525385,0.02153449146820896,0.015213909891646393,-0.006187340348614388,0.8473429536846571,0.01615847342314836,-0.0028030004841802514
2021-12-27,114.03912353515624,122.6999969482422,123.26000213623048,121.1999969482422,121.22000122070312,6309900,0.016738454076551612,119.41200103759766,119.15200004577636,2.3171089094017834,0,0.0548486697915791,0.04791186938090419,0.02753488662843262,0.029777065438286954,0.002182095069502921,0.8234306937024171,0.01678895875488278,0.0044746512608699884
2021-12-28,113.4442901611328,122.05999755859376,123.66000366210938,121.87000274658205,123.37999725341795,6321000,-0.005215969075520022,120.83600006103515,119.2909999847412,2.4068381361695024,0,0.061945319000816346,0.023306495705459396,0.010129410911817294,0.02321212475548662,0.012951522549828318,0.8320072025682842,0.014664926686304874,0.005541974915146852
2021-12-29,112.84019470214844,121.41000366210938,123.1500015258789,120.97000122070312,121.8000030517578,5847700,-0.005325199979398398,121.63000030517578,119.50400009155274,2.3958675797527107,0,0.03380450560433079,0.03636365412500164,-0.0018087366810360939,0.01594928679455454,0.017790201265181937,0.7943533899289351,0.017955689312413172,-0.0021300549896469123
2021-12-30,111.92003631591795,120.41999816894533,121.5500030517578,120.19000244140624,121.0,4187800,-0.008154233286404411,121.45399932861328,119.49350013732911,2.3911286216805276,0,-0.007254780384770343,-0.0017408529325543265,-0.008513520883493442,0.007753543335423441,0.016406743371238167,0.6047578578592311,0.011293810256030115,-0.0033770171299100094
2021-12-31,111.81781005859376,120.30999755859376,121.75,120.22000122070312,121.3499984741211,3888200,-0.000913474605748088,121.3799987792969,119.42400016784669,2.343342872795835,1,-0.0030659823139406184,-0.011421523619590479,-0.008815300967737638,0.007418922406734252,0.016378605713266325,0.5805111759076366,0.012717137481045413,0.007722972258071392
2022-01-03,119.70856475830078,128.8000030517578,129.58999633789062,124.0,124.12999725341795,18592000,0.07056774719847558,122.6,119.89750022888184,3.1435013064211756,1,0.049714802406138014,0.07935976766438513,0.050570987371597154,0.07425094606544147,0.022540084371727012,2.569006112996474,0.0434005916571625,0.03175130722585018
2022-01-04,123.98385620117188,133.39999389648438,135.5,130.3000030517578,130.8699951171875,25554900,0.03571421378676587,124.86799926757813,120.61049995422363,4.348784248508383,0,0.09290510048099043,0.11969107419749525,0.0683281119177952,0.1060396395596972,0.035299574373461574,3.10481761934702,0.03898048865187563,0.016071366586830393
2022-01-05,118.09137725830078,127.05999755859376,130.8800048828125,126.87999725341795,130.7100067138672,17891200,-0.04752621160395487,125.997998046875,120.84749984741211,4.570366882426589,1,0.046536477440595636,0.038750800160197496,0.008428701472888989,0.05140774711124241,0.04261981593302431,2.0441654074774416,0.031481250639485814,-0.020164822381510517
2022-01-06,119.4018325805664,128.47000122070312,129.0,124.80999755859376,127.0,16249000,0.011097148506233445,127.60799865722656,121.18099975585938,4.876623273129301,0,0.06684938693043252,0.05476188835652951,0.006755082538297819,0.06014970564303601,0.05303635812805237,1.751915635488556,0.03261463689260875,-0.0004721986443144699
2022-01-07,114.78264617919922,123.5,127.13999938964844,123.30999755859376,126.5500030517578,21248100,-0.03868608370420257,128.24599914550782,121.38099975585938,4.886068478555961,1,0.026514857502616396,0.03347280334728042,-0.037006995751368565,0.01745742948569129,0.05655744641629593,2.1179900719682623,0.031012160575341483,-0.014945108980320532
2022-01-10,116.1860809326172,125.01000213623048,125.87000274658205,123.26000213623048,125.11000061035156,11857700,0.012226737945186139,127.48799896240234,121.675,4.920277920612505,1,-0.029425472249440365,0.04935788649691952,-0.01943709875705757,0.027409099126611824,0.04777480141690854,1.1482909322619037,0.020878334259264286,0.013036442189081399
2022-01-11,120.0524444580078,129.1699981689453,129.5500030517578,125.5,126.54000091552734,12113100,0.033277305508573995,126.64199981689453,122.3125,5.028368940392504,1,-0.03170911485064576,0.10951726679721774,0.01996176904744007,0.05606539126373278,0.0353970347829905,1.1385209406983334,0.03135405364379345,0.012239010904339764
2022-01-12,122.89644622802734,132.22999572753906,132.9199981689453,130.22000122070312,130.5,16389200,0.023689692668350748,127.67599945068359,123.10949974060058,5.280487638797195,1,0.04068942443164425,0.13707106962352222,0.035668381657074866,0.07408442082987854,0.03709299217123706,1.4704867692349104,0.020418944532113216,0.010296522798700858
2022-01-13,129.3651885986328,139.19000244140625,145.0,138.9199981689453,140.75,52020000,0.05263561172767739,129.81999969482422,124.04899978637695,6.338584534757494,1,0.0834436142199988,0.15606312854978333,0.07217688159458224,0.12205662827675678,0.04652193825331461,3.878792578547041,0.043681311332788714,0.0644332189953063
2022-01-14,130.73138427734375,140.66000366210938,143.8800048828125,136.08999633789062,136.08999633789062,28255300,0.010561112112358328,133.2520004272461,125.25349998474121,7.087234695727056,0,0.1389473980737601,0.2066569788998187,0.05559393638452703,0.12300258020131194,0.06385849851285018,1.9664958050158856,0.055381830954838285,-0.0222717583816453
2022-01-18,124.3834991455078,133.8300018310547,137.17999267578125,133.2899932861328,136.75,15191400,-0.04855681539339063,135.01600036621093,126.12900009155274,7.006643331654538,0,0.0705543520046703,0.15053303113969663,-0.008784133228205482,0.06105655110174535,0.07045961093965243,1.0446827180428067,0.029066721485658528,-0.027797551260569486
2022-01-19,121.7625503540039,131.00999450683594,135.89999389648438,130.94000244140625,134.6199951171875,11155100,-0.0210715630698316,135.38399963378907,126.93249969482422,6.563399995754984,0,0.014244765533588,0.13981200386368364,-0.03230813935756616,0.032123331863903815,0.06658263218075958,0.7562597645954962,0.03785964173000037,0.0059029610350755934
2022-01-20,119.27172088623048,128.3300018310547,132.75,128.1999969482422,131.9199981689453,11421900,-0.020456398657748287,134.6040008544922,127.47699966430665,6.174659906937755,0,-0.029494018169072156,0.09272819451005843,-0.04661079153375047,0.006691420169868234,0.05590813408656888,0.7606838489128259,0.0354554896504081,0.006946062897986716
2022-01-21,115.73995208740234,124.52999877929688,127.9800033569336,124.2699966430664,127.08000183105467,15573700,-0.029611182089442245,131.6720001220703,127.6384994506836,6.045485300294057,1,-0.10532368277154591,0.026628158666746726,-0.05424085102491216,-0.024353942460658362,0.03160097218899969,1.0159642011522616,0.029792072193322597,-0.009740512601609908
2022-01-24,117.06901550292967,125.95999908447266,126.06999969482422,120.12999725341795,123.7699966430664,17083400,0.011483179307743896,128.73199920654298,127.90249938964844,5.837324060557141,0,-0.10450735244504028,0.04375206136845211,-0.02153310862222224,-0.015187352197536419,0.0064854074068366,1.0773052297552015,0.047157847607022574,-0.00610296429519297
2022-01-25,113.83465576171876,122.4800033569336,125.81999969482422,121.6999969482422,125.48999786376952,11370500,-0.02762778463665494,126.46199951171874,127.89149971008301,5.847841271894525,1,-0.08480907359210221,-0.001792938849064618,-0.031487689346681225,-0.04231318238832704,-0.011177444956113562,0.7057793149338074,0.03363816650604936,-0.003731353001899751
2022-01-26,114.3923110961914,123.08000183105467,126.66999816894533,121.88999938964844,125.37999725341795,13592100,0.004898746388604769,124.8760009765625,127.94249992370605,5.798546902119281,0,-0.06052967718709035,0.008356581131105267,-0.014382260253873014,-0.038005339082407774,-0.023967789819427907,0.8250579773177497,0.03883651859103916,0.02367728459341345
2022-01-27,108.1652374267578,116.37999725341795,124.13999938964844,116.02999877929688,124.0,18599800,-0.054436175479047,122.48600006103516,127.69099960327148,6.192494139616616,1,-0.09311933614221257,-0.04142991728004719,-0.04985061806716329,-0.08858104631490205,-0.04076246218142198,1.086962619771712,0.06968551986379584,0.007474798141522188
2022-01-28,109.30840301513672,117.61000061035156,119.5999984741211,114.19000244140624,118.70999908447266,14005900,0.01056885535282559,121.1020004272461,127.5504997253418,6.394722183331514,1,-0.055568925052424945,-0.023334974267741004,-0.0288351951625474,-0.07793383119937125,-0.050556440876213256,0.7956711001910226,0.04599945586803009,0.02002063830592049
2022-01-31,113.97406005859376,122.62999725341795,122.7699966430664,118.80999755859376,119.5199966430664,10189100,0.04268341652082741,120.43600006103516,127.666499710083,6.276414989375021,1,-0.02643697884454177,0.019283515434320275,0.018217121054094454,-0.03945046247921269,-0.05663584155175819,0.5686621084103011,0.03229225453124006,0.01624008181959602
2022-02-01,114.36442565917967,123.0500030517578,123.23999786376952,120.0999984741211,122.9000015258789,6956300,0.0034249841616802446,120.55,127.37899971008301,6.352986880734538,1,0.004653818412815536,-0.04464285608509966,0.02073830818546507,-0.03398516763499548,-0.053611660678965466,0.401265929025256,0.02551807648739077,0.002201779976419571
2022-02-02,115.38678741455078,124.1500015258789,126.47000122070312,122.5500030517578,126.2300033569336,8562900,0.008939442883706628,120.76399993896484,126.91650009155273,6.227039273527485,0,0.008693530052859222,-0.06934027581577906,0.02803817022146804,-0.02179778487177142,-0.048476755568816594,0.519395364085966,0.031574692877697694,0.025843155028921094
2022-02-03,111.38099670410156,119.83999633789062,123.87999725341795,119.25,121.4499969482422,9926800,-0.03471611063242608,121.45599975585938,126.55550003051758,6.424436232231711,1,0.02973018702637109,-0.05682355862925015,-0.013305258045852919,-0.05306370478570732,-0.04029457647773905,0.6170288347293476,0.03863482472382267,-0.021747922226758032
2022-02-04,112.47769927978516,121.0199966430664,121.83000183105467,119.38999938964844,120.44000244140624,5743200,0.009846464796684051,122.13799896240235,126.18299980163575,6.522816600506991,1,0.028994099268924822,-0.05799022734372128,-0.00915359944352856,-0.040916788843867735,-0.03205662288574755,0.3690344427648668,0.020161977434214634,0.005006726650957916
2022-02-07,113.67664337158205,122.30999755859376,124.0999984741211,121.87999725341795,122.55999755859376,6562900,0.010659403002067913,122.0739990234375,126.12349967956543,6.553931904716859,1,-0.0026094732283399313,-0.009635647298835925,0.0019332416161033095,-0.030236253597944907,-0.03210742380616032,0.44258646263634627,0.01815061127476212,0.012725177311559532
2022-02-08,114.97781372070312,123.70999908447266,123.86000061035156,121.61000061035156,122.0,7036200,0.011446337616090707,122.20599822998047,126.05849952697754,6.5719782040210095,1,0.005363640929267222,-0.010399192300957982,0.012307095202166662,-0.01863024271522673,-0.030561218096782198,0.482346456952008,0.01818769716798427,-0.0025345234631801716
2022-02-09,116.66007995605467,125.5199966430664,125.5500030517578,122.76000213623048,124.87999725341795,10979700,0.014630972209108473,122.47999725341796,125.8759994506836,6.531581128673713,0,0.011034998794598794,-0.028257347508087394,0.024820374410676305,-0.0028282024307315634,-0.026978949220547284,0.7556172178074527,0.022227541349137153,0.009457587726165784
2022-02-10,115.90723419189452,124.70999908447266,128.66000366210938,124.36000061035156,124.8000030517578,10474900,-0.0064531355979644545,123.45399780273438,125.49999961853027,6.360768984712008,0,0.04063754084947546,-0.056870580700625784,0.010173840491947583,-0.006294824991704306,-0.016302803362668653,0.7358524431412453,0.03448001830907876,-0.00573608676357773
2022-02-11,112.46841430664062,121.01000213623048,126.58000183105467,120.4499969482422,125.5,9845700,-0.029668807436490918,123.45199890136719,124.59099960327148,5.548572784753843,0,-8.258558183071862e-05,-0.13061283128311507,-0.019780941474165648,-0.028742023729192212,-0.00914191799994505,0.811926764382328,0.05065700995452791,0.006334703883625448
2022-02-14,111.31591796875,119.7699966430664,121.5500030517578,118.0,119.9499969482422,8081800,-0.010247132231004374,122.94399871826172,123.54649925231934,4.15588420791967,1,-0.02076691166893818,-0.1485141936241131,-0.025816649110859458,-0.030567459475643766,-0.004876710693575567,0.7269332184411025,0.0296401699194947,-0.008759649361834931
2022-02-15,115.73065948486328,124.5199966430664,124.61000061035156,121.45999908447266,122.0199966430664,9248700,0.03965934819348593,123.10599822998047,123.08099899291992,3.39519443281703,0,0.006547551245559946,-0.06956590495859905,0.011486023698409564,0.01169146872320459,0.00020311207469150824,0.8547363206793013,0.025297153957595343,0.01878600703901956
2022-02-16,114.87557983398438,123.5999984741211,124.29000091552734,121.56999969482422,123.13999938964844,5749500,-0.007388356840246857,122.72199859619141,122.71049919128419,2.8439645052706597,0,-0.015296352934147217,-0.05656053998481925,0.007154380534647897,0.007248762646220985,9.371166267770619e-05,0.5449633894931399,0.02200648263982486,-0.011082535260370285
2022-02-17,111.30664825439452,119.76000213623048,122.75,119.6500015258789,122.48999786376952,7976700,-0.03106793191987467,121.73199920654297,122.28199920654296,2.5866959849500555,0,-0.039692061459236205,-0.06678095201858203,-0.016199496296504523,-0.02062443439489936,-0.004497800196012564,0.7686170443409562,0.02588509033754655,-0.00898058757325948
2022-02-18,110.88839721679688,119.30999755859376,120.69000244140624,118.4499969482422,120.5199966430664,8389000,-0.003757553186453877,121.39199829101562,122.02099914550782,2.6111682939945187,0,-0.01404846333051779,-0.04191762042778513,-0.01715105411998108,-0.022217500314689498,-0.0051548574335317345,0.8373295883570364,0.018774667161181993,0.006345979402800905
2022-02-22,108.65782165527344,116.91000366210938,119.36000061035156,115.72000122070312,117.5,9793500,-0.020115614329014986,120.81999969482422,121.56849937438965,2.6759870858255606,0,-0.02387904367635796,-0.07184816995984633,-0.03236215893553207,-0.03831992445620047,-0.006157019979824727,1.0144226486545835,0.031135054962179973,-0.015170543924492685
2022-02-23,107.71910858154295,115.9000015258789,119.43000030517578,115.76000213623048,118.5500030517578,8114700,-0.008639142114386988,119.09600067138672,121.23949928283692,2.94862535260204,0,-0.06922578982953642,-0.05372307030298751,-0.026835486729116176,-0.04404090901515201,-0.017679870208385455,0.8549465994203216,0.031665212429922505,0.014027879037522784
2022-02-24,103.9828643798828,111.87999725341795,111.9800033569336,104.37999725341795,108.0,27539100,-0.03468510974577799,116.75200042724609,120.67949905395508,3.577225192004284,0,-0.09482201751933705,-0.09099776089547318,-0.04172950489926819,-0.0729162937327319,-0.03254487015191399,2.702874326958372,0.06792998114132022,-0.06816222106878012
2022-02-25,103.37873077392578,111.2300033569336,113.0,109.36000061035156,112.29000091552734,14258900,-0.00580974179872451,115.04600067138672,120.42199935913087,4.0562842261983585,0,-0.07122577343973135,-0.04425153821983885,-0.033169317422454436,-0.07633153452953612,-0.04464299477134129,1.4299259660391455,0.03272497779189841,0.003664673508890992
2022-02-28,99.45659637451172,107.01000213623048,109.7699966430664,105.0,109.37000274658205,26390800,-0.037939414666394056,112.58600158691407,119.89199943542481,5.020860310595716,1,-0.10309274724712558,-0.09012837700119958,-0.04952657854519349,-0.10744668001081015,-0.06093816003498912,2.491809098651499,0.04457524107880962,-0.016722112327758
2022-03-01,100.4231948852539,108.0500030517578,111.11000061035156,107.0500030517578,110.0,20377900,0.009718726238350461,110.81400146484376,119.16299972534179,5.624566236680031,1,-0.07578479456692644,-0.11889419006941859,-0.02494268212093076,-0.09325878585801195,-0.0700636798313369,1.8357707698599879,0.037575173011785624,0.027941293375203013
2022-03-02,101.87307739257812,109.61000061035156,109.97000122070312,107.86000061035156,108.4000015258789,13342400,0.014437737293228059,109.55600128173828,118.49099960327149,5.930290112790726,0,-0.054270930394447636,-0.10922390985844221,0.0004928924749125763,-0.07495083189993379,-0.07540655705031729,1.1683602946295304,0.019250073885614907,0.0032392268786280987
2022-03-03,101.1109619140625,108.79000091552734,110.0,107.5999984741211,109.91000366210938,10841700,-0.007481066419652738,108.93800201416016,117.7229995727539,6.149399061172552,0,-0.02761884531415837,-0.12372130826877026,-0.0013585809900715784,-0.07588150734900267,-0.07462430952725202,0.9400014999516634,0.022060865021431942,0.0027370043799588295
2022-03-04,97.6442413330078,105.05999755859376,108.12000274658205,103.80999755859376,107.0,22372100,-0.03428627011254304,107.7040008544922,116.98399963378907,6.741211018678414,0,-0.05547069686351147,-0.12333110172687622,-0.024548793683815573,-0.10192848690865952,-0.0793270772784938,1.8404207973530702,0.041024226995479585,-0.016453726449705885
2022-03-07,92.28153228759766,99.29000091552734,104.08999633789062,99.05999755859376,103.29000091552734,29422900,-0.0549209668489512,106.16000061035156,115.8974998474121,7.734452238066435,1,-0.07214280036061571,-0.17955706767724522,-0.06471363654225837,-0.1432947126016506,-0.08401819926987819,2.2056221329082444,0.05065967099321731,-0.016847484144279168
2022-03-08,92.94141387939452,100.0,103.11000061035156,98.62000274658205,100.20999908447266,25650000,0.007150761183663423,104.55,114.78199996948243,8.345616094645854,1,-0.07450257125769544,-0.18240534710096734,-0.04351984696317546,-0.12878325846746508,-0.08914289672773479,1.7944202973071104,0.04489997863769517,0.009265768561408372
2022-03-09,97.54200744628906,104.9499969482422,105.72000122070312,102.76000213623048,104.51000213623048,14348400,0.04949996948242208,103.61799926757813,113.8439998626709,8.34360480970423,0,-0.04251440230052572,-0.1516449945442211,0.012854887086020561,-0.07812447669756384,-0.08982467769428615,0.9787502251035476,0.028203898718857645,0.04510002136230473
2022-03-10,96.62189483642578,103.95999908447266,105.52999877929688,102.5199966430664,104.19000244140624,11811000,-0.009433043283057718,102.6519989013672,112.76599998474121,8.146106525661796,0,-0.04439747945957884,-0.1717654408476651,0.012742081957529683,-0.07809092192203437,-0.08969016445331557,0.8033882291482799,0.02895346443572679,-0.007241491461984273
2022-03-11,94.25189971923828,101.41000366210938,105.36000061035156,101.3000030517578,105.36000061035156,18116400,-0.02452862105444309,101.92200012207032,111.60100021362305,8.013071648619569,0,-0.03474199487248919,-0.18683341827771938,-0.005023414565527906,-0.0913163549789554,-0.08672861419723395,1.2010692436003172,0.04003547393727916,0.01346673276460253
2022-03-14,92.29082489013672,99.3000030517578,101.86000061035156,99.06999969482422,101.5199966430664,17959400,-0.02080663183271292,101.9240005493164,110.51550025939942,8.140852272260162,1,0.00010073659117959544,-0.1794066498737189,-0.025744647810296395,-0.10148347680928793,-0.07774022367828264,1.159475494125117,0.028096685093485053,0.0010846363966567907
2022-03-15,94.8838882446289,102.08999633789062,102.13999938964844,97.62000274658205,98.02999877929688,13415600,0.02809660826171978,102.34199981689453,109.63150024414062,8.042356067239492,1,0.020899963378906206,-0.1476162711924004,-0.0024623661786439266,-0.06878957133174013,-0.06649093017073524,0.8514632739980205,0.04427462832015793,-0.01278956931953934
2022-03-16,98.70353698730467,105.69000244140624,105.79000091552734,102.80999755859376,102.98999786376952,20347100,0.03526306428301318,102.49000091552735,108.69000053405762,7.2730576244376595,1,0.007051029201353698,-0.15122064495099452,0.031222572907539936,-0.027601417590492505,-0.057042962444254684,1.2474575980229117,0.028195697682812257,0.008815766070753073
2022-03-17,99.45063018798828,106.48999786376952,106.52999877929688,104.75,105.75,8042000,0.007569262975528845,102.99600067138672,107.83450050354004,6.3781879298107835,1,0.024336271658112585,-0.13843042735905864,0.03392362003968041,-0.01246820482769695,-0.04486968279687517,0.489605174399774,0.016715173396603795,0.0005676748718690394
2022-03-18,99.6654281616211,106.72000122070312,107.04000091552734,104.88999938964844,105.70999908447266,10218200,0.002159858780613755,104.05800018310546,107.18250045776367,5.728354142049569,1,0.05236167406409198,-0.10888444124018948,0.025581896950868543,-0.004315062954169391,-0.029151216488828263,0.6178785195272215,0.02014619097907035,-0.007324620104647739
2022-03-21,99.85222625732422,106.91999816894533,107.22000122070312,105.12999725341795,106.72000122070312,10366100,0.0018740343511485236,105.58199920654297,106.56300048828125,4.96717594040175,1,0.0767371085901758,-0.10384711795475177,0.012672604918049668,0.003350109128199108,-0.009205833893971047,0.6230971706035137,0.01954736254281201,0.0
2022-03-22,99.96429443359376,107.04000091552734,107.95999908447266,106.2300033569336,106.38999938964844,10401200,0.001122360163085645,106.5720001220703,106.06950035095215,4.33516894985969,0,0.04848667602311907,-0.08442393668131332,0.004391404805399013,0.009149666599390871,0.004737457699485071,0.624067194682601,0.016162142308876862,-0.004956965847113359
2022-03-23,98.38600158691406,105.3499984741211,108.19000244140624,105.3499984741211,106.5,12905300,-0.01578851295731909,106.50399932861328,105.54200019836426,3.666303947213042,1,-0.0032169927091603157,-0.09102677232840362,-0.010835281883937231,-0.0018191973231728165,0.009114846491832184,0.7633415304627115,0.02695779789672024,-0.005044851559311003
2022-03-24,100.78611755371094,107.91999816894533,107.9800033569336,105.83000183105467,106.77999877929688,10834000,0.02439487168531418,106.78999938964844,105.34400024414063,3.4035159535430335,0,0.013428494073266739,-0.03539505882810212,0.010581503752741916,0.024453200171197897,0.013726449936936402,0.6741305961581898,0.01992217904334247,0.013573804707050385
2022-03-25,99.67479705810548,106.7300033569336,107.9800033569336,105.83999633789062,107.69000244140624,7432100,-0.0110266385489447,106.79199981689453,105.11900024414062,3.1318228092252016,0,9.372316450573237e-05,-0.04045671009790086,-0.0005805346848756221,0.015325517832660118,0.015915291896501486,0.4724874489263325,0.020050660093078182,-0.0021311687494568465
2022-03-28,99.3012237548828,106.33000183105467,106.72000122070312,104.61000061035156,105.62000274658205,8151200,-0.003747788937485619,106.6740005493164,105.08500022888184,3.11385262070664,1,-0.005518110250604336,-0.006354549029072287,-0.0032247662644160346,0.01184756720237079,0.015121095465324457,0.5500970120294917,0.019843887651804,-0.010400080347036211
2022-03-29,102.02821350097656,109.25,109.76000213623048,106.79000091552734,107.91999816894533,14076200,0.027461658221212604,107.11600036621094,105.14500007629394,3.1847454367914283,0,0.02064647856474444,0.011105940900967726,0.019922323709747225,0.03904132313212649,0.018745544614454605,0.9705940253050043,0.02718536586455963,0.01495341211803014
2022-03-30,99.67479705810548,106.7300033569336,109.33999633789062,106.51000213623048,107.79000091552734,15456300,-0.023066330828983128,107.39200134277344,105.00100021362304,3.033763971560501,0,0.013099239703847632,-0.026274949706970308,-0.0061643137064452125,0.01646653974526835,0.02277122241012884,1.0580448455541895,0.026515451256905583,-0.01336383601347968
2022-03-31,97.3680648803711,104.26000213623048,107.1500015258789,104.19000244140624,106.95999908447266,13021600,-0.0231425198446098,106.66000213623047,104.77450027465821,2.902242873621785,0,-0.03391397419211628,-0.04163984503331597,-0.022501405887228598,-0.004910528201795383,0.017995808680829485,0.8847785488628901,0.028390552693496128,0.0021549303879424553
2022-04-01,95.99522399902344,102.79000091552734,105.9499969482422,102.20999908447266,105.7699966430664,12085100,-0.014099378386568384,105.87200164794922,104.66100044250489,2.9346957613458122,1,-0.036915603087070425,-0.021606669482363228,-0.029110630614789912,-0.017876759433475553,0.011570701601592199,0.850883316593918,0.03638484123414951,0.014482970227287284
2022-04-04,97.86302947998048,104.79000091552734,105.56999969482422,103.27999877929688,104.0199966430664,9077200,0.01945714546343469,105.56400146484376,104.93600044250488,2.648662524695556,0,-0.014483221000731294,0.055393291865101446,-0.0073320501172379204,-0.0013913197221341322,0.005984609854489017,0.6884114026386121,0.021853238815918562,0.011966102895065278
2022-04-05,95.72440338134766,102.5,104.5999984741211,102.11000061035156,104.4800033569336,12291000,-0.021853238815918608,104.21400146484375,105.06100044250488,2.455395219686008,0,-0.06178489702517165,0.02499999999999991,-0.01644694034152372,-0.02437631882162017,-0.008061973273561717,0.9818841534874023,0.024292662085556402,-0.002958274223545887
2022-04-06,94.49166107177734,101.18000030517578,102.13999938964844,99.72000122070312,100.41999816894533,14902600,-0.012878045803163096,103.10400085449218,104.87250061035157,2.604546071856661,0,-0.0520004017351815,-0.03592183661449422,-0.01866077488139084,-0.0352094236686038,-0.0168633316223683,1.187885995593632,0.023917752141195826,-0.020292700790777274
2022-04-07,93.87528228759766,100.5199966430664,101.2300033569336,99.6500015258789,100.41999816894533,12431000,-0.006523064440785653,102.35599975585937,104.70050048828125,2.775925596973431,0,-0.03587191076667373,-0.0330896736408306,-0.017937425428623865,-0.0399282126228494,-0.02239245009802307,0.9884323753546302,0.01571828376263353,-0.0075113869730990546
2022-04-08,92.7265853881836,99.29000091552734,100.6999969482422,99.12000274658205,100.62000274658205,11796200,-0.012236328776518146,101.65599975585937,104.59450035095215,2.9436006519063067,0,-0.034050004561010705,-0.0209052624990107,-0.02327456171809128,-0.050714898179409995,-0.02809421704996965,0.9621327730502991,0.015912923628678008,0.0009948876527596795
2022-04-11,91.12028503417967,97.56999969482422,98.37999725341795,96.91000366210938,98.22000122070312,12480500,-0.017323005386679857,100.21199951171874,104.50800018310547,3.1270734039166737,0,-0.06889971521732563,-0.01742198694628294,-0.026364106392124942,-0.06638726677503515,-0.04110690725934687,1.041210859694532,0.015066040749270988,-0.010776510071085044
2022-04-12,90.9988784790039,97.44000244140624,100.1500015258789,97.44000244140624,100.0,13291500,-0.0013323486094556358,99.2,104.27550048828125,3.470339743079182,1,-0.0493658298399392,-0.045547987690137126,-0.017741910872920985,-0.06555229190813816,-0.04867394991646813,1.1094444889618975,0.02781197677106257,0.024905199475005135
2022-04-13,94.79051208496094,101.5,102.22000122070312,99.5,99.8000030517578,15776800,0.04166664056720615,99.26399993896484,104.06600036621094,3.5067354880332875,0,0.0031626773459088042,-0.039644264780191896,0.022525790441751514,-0.024657432371582688,-0.04614379730505387,1.3425001521042939,0.026798041583282018,0.024220038497748453
2022-04-14,91.85807800292967,98.36000061035156,104.5,98.33000183105467,104.0,17828500,-0.03093595457781717,98.83200073242188,103.65950050354004,3.6779893567308206,1,-0.021488222292572412,-0.0763451724716766,-0.004775782323259925,-0.05112411180302279,-0.04657074120237833,1.4564423382481846,0.06272873251991407,0.024630541871921263
2022-04-18,92.24095153808594,98.7699966430664,99.83999633789062,97.47000122070312,97.9499969482422,10277400,0.004168320762207189,98.72799987792969,103.2620002746582,3.758533890949396,1,-0.005237226988277888,-0.07449404504030743,0.0004253784659735693,-0.04350103251577431,-0.04390773357739436,0.8393763848517938,0.02399509160410478,-0.00416839832823479
2022-04-19,92.87600708007812,99.4499969482422,99.4499969482422,97.70999908447266,98.44000244140624,10103000,0.006884684907231264,99.10399932861328,102.88850021362305,3.747036288736268,0,0.019268189600268215,-0.06986533247877258,0.0034912578904271463,-0.03341970442023767,-0.03678254496034215,0.8260202511091752,0.017496208317382963,-0.0033410368824117187
2022-04-20,92.46509552001952,99.01000213623048,101.0,98.9000015258789,100.4000015258789,8596900,-0.004424281805063379,99.41799926757812,102.4870002746582,3.708802355078458,0,0.016112475938907522,-0.07501867255806438,-0.004103855784198029,-0.03392623580658616,-0.029945271096386478,0.7081046264142489,0.021209962921035497,0.009552585286967119
2022-04-21,91.204345703125,97.66000366210938,100.6500015258789,97.41000366210938,99.75,13038500,-0.013634970659465395,98.65,102.10250053405761,3.794007878558172,0,-0.03783247623537567,-0.07299473111905874,-0.010035441843797566,-0.04351016722128542,-0.033814064454826744,1.0733590288605444,0.03317630291085687,0.007473970788843376
2022-04-22,89.35520935058594,95.68000030517578,97.79000091552734,95.36000061035156,97.02999877929688,11650100,-0.02027445507563308,98.11399993896484,101.49050064086914,3.793413772520943,1,-0.02724685124588877,-0.11341732831210971,-0.024807872834694433,-0.05725166689495609,-0.03326913041696657,0.9558519172460871,0.025397160299176245,-0.006451002039609133
2022-04-25,89.8781967163086,96.23999786376952,96.27999877929688,94.4499969482422,95.0500030517578,10654400,0.005852817274326849,97.60800018310547,100.96600036621093,3.7558596526651082,0,-0.025615053814770916,-0.09828544142440154,-0.014015268387526536,-0.046807860916544874,-0.03325872245038679,0.8627533544411424,0.019014982041511405,-0.006584419433618094
2022-04-26,86.6375732421875,92.7699966430664,95.0199966430664,92.7699966430664,94.94000244140624,14176000,-0.036055707582360874,96.27200012207031,100.28800010681152,3.9552192777051505,0,-0.06716943700513478,-0.1275275552946331,-0.03637613713814458,-0.07496413784040046,-0.04004467115172285,1.1205845758362885,0.02425353111369509,-0.013507849659384452
2022-04-27,84.29351043701172,90.26000213623048,92.69000244140624,90.22000122070312,91.83999633789062,15846300,-0.027056102162999474,94.52200012207031,99.33850021362305,3.9699113832682356,1,-0.08837490971831963,-0.17382149074388575,-0.045090010583098916,-0.09138952226850272,-0.048485733941976875,1.2439158508349724,0.027365401753205246,-0.010024796149923021
2022-04-28,88.9256362915039,95.22000122070312,96.1999969482422,91.77999877929688,92.16000366210938,15176200,0.05495234840551477,94.03399963378907,98.76300010681152,3.6645344301645393,0,-0.024984664651952482,-0.10784223530601744,0.01261247624830264,-0.03587374707407287,-0.04788230883942438,1.192624934774272,0.04641879975091108,0.021050315542993303
2022-04-29,86.7870101928711,92.93000030517578,95.58999633789062,92.7699966430664,93.18000030517578,10629300,-0.024049578724742116,93.48399963378907,98.19650001525879,3.6457318051548095,1,-0.028741638704313788,-0.10867064645030844,-0.005926140631375421,-0.053632254808110735,-0.04799051270399094,0.8432321797956038,0.030345417901253977,-0.021424079913620053
2022-05-02,87.56214904785156,93.76000213623048,94.2699966430664,91.23999786376952,92.5,8251900,0.008931473456677441,92.98800048828124,97.74500007629395,3.6058509946692063,0,-0.025768867233866066,-0.08784899989170836,0.008302164192104833,-0.04076932770937658,-0.048667446767606246,0.6647378937816206,0.03231653914527851,-0.004627141975289906
2022-05-03,87.44072723388672,93.62999725341795,94.0500030517578,92.51000213623048,92.77999877929688,9511900,-0.0013865708175180291,93.16000061035156,97.18699989318847,3.3095952514496805,1,0.009270245138203626,-0.10649874572580276,0.005045047659801849,-0.03659957240865319,-0.04143557561466769,0.7648988782115718,0.016447730008569424,-0.010452253995362426
2022-05-04,89.64473724365234,95.98999786376952,96.06999969482422,91.91999816894533,93.91000366210938,9082500,0.025205603755001915,94.30599975585938,96.86149978637695,3.071094706012966,0,0.06348322171420606,-0.0635122159632242,0.017856744133668112,-0.008997402729975179,-0.026383031815051406,0.7399140127453396,0.043233687032357665,0.002990563034339866
2022-05-05,86.05857849121094,92.1500015258789,94.37999725341795,91.22000122070312,94.04000091552734,11517200,-0.04000412984007351,93.69199981689454,96.40999984741211,3.0665646508827056,0,-0.032241122195624694,-0.08924687440265755,-0.016458163920390345,-0.04418627038974687,-0.02819209661673421,0.9513782850458933,0.03429187173510131,-0.02031458476548398
2022-05-06,85.57293701171875,91.62999725341795,92.87999725341795,90.2699966430664,91.4000015258789,7944900,-0.00564301968367209,93.43199920654297,95.96549987792969,3.083720438244849,0,-0.01398905678993545,-0.08844010830218885,-0.019286775070941897,-0.045177721473098065,-0.026400119570151665,0.6686781971973236,0.02848412843594395,-0.008138903826164112
2022-05-09,81.52916717529297,87.30000305175781,90.19000244140624,87.01000213623047,89.94000244140625,11428600,-0.0472552038791928,92.13999938964844,95.36599998474121,3.5357410355612355,1,-0.06889930607175632,-0.1207573547508598,-0.052528721184627925,-0.08457937770561808,-0.033827575819568176,0.963372198881913,0.03642611906084849,-0.018443685066777293
2022-05-10,82.94869995117188,88.81999969482422,90.29000091552734,88.08999633789062,90.0199966430664,11690400,0.01741118659715557,91.1779998779297,94.92849998474121,3.7814798607926714,0,-0.05137239880051525,-0.0896792049540629,-0.02586150372088003,-0.06434843372537091,-0.039508683982306364,0.9887331412600968,0.024769247750458155,0.03115685562686621
2022-05-11,82.02415466308594,87.83000183105469,90.56999969482422,87.80000305175781,88.87000274658203,11531300,-0.011146114244213634,89.54600067138672,94.44799995422363,4.046802731953252,0,-0.08500881565072671,-0.098624798538263,-0.01916332195146664,-0.07007028339802335,-0.051901567902049556,0.9825910125639028,0.03153815991481625,0.0005629706364513876
2022-05-12,81.89338684082031,87.69000244140625,88.20999908447266,85.38999938964844,86.22000122070312,11592900,-0.0015939814041873168,88.65400085449218,93.75750007629395,3.957402515903735,1,-0.04839933815107034,-0.1360590892472291,-0.01087371583678598,-0.06471479753566756,-0.05443297035062648,1.0057684916639267,0.03215873664399222,-0.01833087301362557
2022-05-13,84.94722747802734,90.95999908447266,91.36000061035156,88.16000366210938,88.87000274658203,11180600,0.037290415691930034,88.52000122070312,93.3875,3.8488867719930244,0,-0.007311995951416517,-0.07523384993859095,0.02756436771488513,-0.025993852662587025,-0.05212152353684252,0.9988015917434451,0.035180265836089304,0.013456497574672266
2022-05-16,84.43359375,90.41000366210938,91.37000274658205,89.5,89.87000274658203,6729100,-0.00604656363125633,89.14200134277344,92.96950035095215,3.6839938174007023,1,0.035624289823996014,-0.08464101716200567,0.014224521552529845,-0.02753049848800826,-0.04116940495248672,0.6108145888931249,0.020683582245730615,-0.011983249217915715
2022-05-17,87.15123748779297,93.31999969482422,93.48999786376952,92.37000274658205,93.3000030517578,7668800,0.03218665982572477,90.04200134277343,92.66300048828126,3.3569375831999655,0,0.05066426497930099,-0.06163898885394925,0.036405214268528274,0.007090200005190228,-0.028285282493515758,0.703889621648314,0.012001662246571884,0.03196548249737119
2022-05-18,84.545654296875,90.52999877929688,93.2300033569336,90.37000274658205,92.06999969482422,9610900,-0.029897138069558737,90.58200073242188,92.23900032043457,3.0329880380253273,0,0.03074116921272263,-0.08564794640914908,-0.0005740870449374436,-0.0185279711965729,-0.017964197164500324,0.8780613927618338,0.031591744713528,-0.013394770725329574
2022-05-19,84.24681854248047,90.20999908447266,92.0999984741211,89.55999755859375,89.83999633789062,7739000,-0.003534736541909722,91.08600006103515,91.86650009155274,2.779016796146631,1,0.02873755927593047,-0.07628511466590504,-0.009617295478728916,-0.01803161114692775,-0.008496024445687518,0.7245837435391127,0.028156534101600936,-0.007621809905116739
2022-05-20,84.77914428710938,90.77999877929688,93.04000091552734,88.83000183105469,93.04000091552734,10469900,0.006318586637945378,91.05,91.62150001525879,2.6375123166246484,1,-0.0019788951955531653,-0.05121239036632652,-0.002965417031335793,-0.009184538954522314,-0.006237619064996899,0.9857173186161602,0.04637584425075781,0.03137126548914693
2022-05-23,85.45154571533203,91.5,91.91000366210938,90.6500015258789,91.0199966430664,6920500,0.007931275946076788,91.26799926757812,91.3845001220703,2.403219486178045,0,0.0120561474808063,-0.04925184922051973,0.0025419723702029273,0.0012638891472340763,-0.0012748426082822258,0.6632064866874751,0.013770515150059767,0.0026437306344651024
2022-05-24,82.85531616210938,88.72000122070312,89.80000305175781,88.5199966430664,89.5199966430664,8788600,-0.030382500320184413,90.3479995727539,91.18200035095215,2.4504955966606228,1,-0.04929273991817451,-0.04365630666071574,-0.018019196437656704,-0.027000933526057702,-0.009146550580029429,0.8645482679719917,0.014427484119473978,-0.02163938095009388
2022-05-25,84.43359375,90.41000366210938,90.91999816894533,89.04000091552734,89.33000183105469,9113500,0.019048719771792344,90.32400054931641,91.18950042724609,2.447753189662489,1,-0.0013254735314869315,0.0016618825872891652,0.0009521623518657929,-0.00854809776876253,-0.009491222935476027,0.9272146425337525,0.020794128716597825,0.006875570355709293
2022-05-26,84.9845962524414,91.0,91.37000274658205,89.04000091552734,89.41000366210938,9762700,0.006525786019162538,90.48200073242188,90.97850036621094,2.256440736195506,1,0.008757354212891588,-0.044318432751559333,0.005724887418327329,0.000236315543810095,-0.005457329278791397,1.0213925702732463,0.025604415725875844,-0.011060722923287525
2022-05-27,87.57147216796875,93.7699966430664,93.81999969482422,92.52999877929688,92.62000274658205,6279000,0.030439523550180203,91.08000030517579,91.02050018310547,2.3020333218451428,1,0.03293674712464778,0.009039022222448345,0.02953443488007723,0.030207441778827837,0.0006537002318227443,0.6722187071432472,0.01375707541547331,0.017802227984418106
2022-05-31,89.00033569335938,95.3000030517578,96.29000091552734,94.51000213623048,95.54000091552734,9621700,0.01631658807150571,91.84000091552734,91.09750022888184,2.4211620154212867,0,0.04153008799735303,0.01642492406612517,0.03767423891265964,0.046131922526053915,0.008150615382200075,1.0225842792160864,0.01867784598422454,0.018876019364684637
2022-06-01,88.48670196533203,94.75,96.36000061035156,93.83000183105467,95.5999984741211,6152400,-0.005771280526183031,93.04600067138672,91.15350036621093,2.494657213922909,1,0.06796662191534941,0.011962007683826492,0.01831351499600009,0.03945541991629575,0.0207616854818809,0.6657558927523137,0.02670183408228907,0.003147905695242814
2022-06-02,89.97160339355469,96.33999633789062,96.37000274658205,93.62000274658205,93.98999786376952,6335000,0.016780963988291653,94.23199920654297,91.17100028991699,2.531328808086662,0,0.06559000592394071,0.003646197332120238,0.022370289807045696,0.05669561627641051,0.03357426053122405,0.6958594440813501,0.02854473847346849,-0.008021130725387682
2022-06-03,87.57147216796875,93.7699966430664,94.58000183105467,92.9000015258789,94.36000061035156,9137100,-0.026676352423873118,94.78599853515625,91.25200004577637,2.5895539605054774,0,0.030439523550180203,0.01757997927685917,-0.010718902662749441,0.027593878446794395,0.03872790171839587,1.0169457569941385,0.01791618177795883,-0.020552167353159123
2022-06-06,86.95510864257812,93.11000061035156,95.54000091552734,92.87000274658205,95.0,9440200,-0.007038456396954995,94.65399932861328,91.32600021362305,2.621869243650137,1,-0.007038456396954995,0.016151952431477268,-0.016312028326466943,0.01953441947041923,0.03644087233871651,1.0420095346267666,0.028675740000461986,0.0131172379328921
2022-06-07,87.63685607910156,93.83999633789062,93.86000061035156,91.7699966430664,92.66999816894533,7360200,0.007840143086175644,94.36199798583985,91.65299987792969,2.4982384956470427,0,-0.015320111931940161,0.07491400982260488,-0.005531905418403205,0.02386170079401384,0.02955711336800986,0.8310797306742516,0.022271995405452254,-0.0047256195738583084
2022-06-08,87.29131317138672,93.47000122070312,94.93000030517578,93.13999938964844,94.0,6446300,-0.003942829620914079,94.10599822998047,91.88549995422363,2.4363172614911304,0,-0.013509221945085748,0.05235309099139607,-0.006758304690877126,0.017244301519487637,0.02416592690754327,0.7500943974186597,0.01915053912646005,0.001705068929598541
2022-06-09,84.84452819824219,90.8499984741211,93.5,90.8000030517578,93.0,8086700,-0.028030413099018103,93.00799865722657,92.03649978637695,2.258858275606152,0,-0.056985655724073436,0.0343845676887895,-0.0232023074817318,-0.012891638806449723,0.01055558254719085,0.9602155370228652,0.029719284464394397,-0.005028364336845836
2022-06-10,82.81794738769531,88.68000030517578,90.72000122070312,88.62999725341797,90.54000091552734,10460400,-0.02388550583810345,91.98999938964843,92.08599967956543,2.1676013699984775,0,-0.054281716115076706,0.011289746107956189,-0.035982162261489536,-0.03698715750756487,-0.0010425068984542272,1.2504766811753074,0.02356792918462782,-0.0034121911260356352
2022-06-13,79.89485931396484,85.55000305175781,86.83000183105469,85.0199966430664,86.05999755859375,14603700,-0.03529541320079688,90.47799987792969,91.81549987792968,2.6082802360945894,1,-0.08119425957509085,-0.05947665003482128,-0.0544662440905036,-0.06824007748693806,-0.014567257181829007,1.7107793378501304,0.021157277889203893,-0.029544460279271267
2022-06-14,81.42643737792969,87.19000244140625,87.87999725341797,86.29000091552734,86.73999786376953,10449600,0.019170068160678344,89.14800109863282,91.65449981689453,2.7924783987249646,1,-0.07086524036658814,-0.03561554131484479,-0.021963461133135742,-0.048710072985040154,-0.027347252161859393,1.1980312554816328,0.01823599373057869,0.013909933016504672
2022-06-15,83.23818969726562,89.12999725341797,89.80999755859375,87.37000274658203,87.51000213623047,11742500,0.022250197931986904,88.28000030517578,91.44499969482422,2.818007824372171,0,-0.046432052108755784,-0.044899297632966406,0.00962842031381772,-0.025315790356301826,-0.03461096178261108,1.3155396121104705,0.027375685932921417,0.0036701420560145692
2022-06-16,79.34868621826172,84.5199966430664,85.93000030517578,83.98999786376953,85.22000122070312,10505200,-0.051722211964667975,87.01399993896484,91.14449958801269,3.2134145486972074,1,-0.06967531026274931,-0.0663868575860943,-0.028662092279952978,-0.07268132443416853,-0.04531814500840258,1.1710555797701632,0.022953176981288938,-0.04386846351624796
2022-06-17,79.79932403564453,85.0,85.5999984741211,83.94999694824219,85.0,9735500,0.005679169143376628,86.27799987792969,90.88399963378906,3.4922395743371304,1,-0.0414975224685582,-0.05775411969125521,-0.014812581187995333,-0.06474186498721712,-0.050679985194522,1.0733104497143773,0.019411782657398898,0.005679169143376628
2022-06-21,81.63002014160156,86.94999694824219,87.75,86.0,86.0,9604000,0.02294114056755525,86.55799865722656,90.69249954223633,3.6015429653766233,0,0.016364627078240712,-0.04218993040929797,0.004528735611921464,-0.041265844616524494,-0.04558812366930405,1.0638910674802045,0.020126510194608795,0.0117647058823529
2022-06-22,79.71483612060547,84.91000366210938,86.18000030517578,84.55000305175781,84.63999938964844,7868700,-0.023461683240163178,86.10199890136718,90.3629997253418,3.818686202329351,0,-0.026149773086989958,-0.07202181790044404,-0.013843990319240773,-0.060345452008087275,-0.04715426487529097,0.8671078223402555,0.019196763433250753,-0.026566965378604923
2022-06-23,78.97315979003906,84.12000274658203,84.2300033569336,82.76000213623047,84.12999725341797,10370300,-0.00930397928930815,85.1,90.13299980163575,4.054123890155195,1,-0.05620997039404496,-0.0518484942609273,-0.01151583141501722,-0.06671249229790521,-0.055839701471296355,1.1329036726538402,0.017475049604213835,-0.00918627223001145
2022-06-24,80.66303253173828,85.91999816894531,86.55000305175781,84.1500015258789,84.1500015258789,10670100,0.021397947736472522,85.38000030517578,89.90849952697754,4.1608901753155925,0,0.01656414554523944,-0.04966270668392658,0.006324641155298627,-0.04436178313525796,-0.05036786561478485,1.155827858006741,0.027932979248437136,0.0003566188577912577
2022-06-27,80.60670471191406,85.86000061035156,87.0,85.58000183105469,86.91999816894531,7358000,-0.0006982956223506864,85.5520004272461,89.65149955749511,4.247755596093653,0,0.010117654239430118,-0.05648350977635641,0.0036001517389110393,-0.04229152848371487,-0.0457270558828738,0.8075659645737779,0.016538529686128525,0.011638733953807767
2022-06-28,79.17969512939453,84.33999633789062,86.80999755859375,84.33999633789062,86.1500015258789,8289200,-0.017703287463961215,85.03000030517578,89.17999954223633,4.28969958093611,0,-0.03001725936695765,-0.10056521960932652,-0.008114829646109656,-0.054272294563686874,-0.046535089239320794,0.8998419425435092,0.02928623817823728,0.0033776020669207263
2022-06-29,78.53192138671875,83.6500015258789,84.61000061035156,83.33000183105469,84.43000030517578,7981300,-0.008181110291342608,84.77799987792969,88.59749946594238,4.20506734238398,0,-0.014839266068630952,-0.12224555249543623,-0.013305319229929502,-0.055842410563351486,-0.04311069286420366,0.8742012438361326,0.015301838086648213,0.0010671564049467008
2022-06-30,76.74818420410156,81.75,82.22000122070312,80.12000274658203,81.45999908447266,14201600,-0.022713705812558826,84.30399932861329,87.94749946594239,4.208726659793076,0,-0.028174068820728038,-0.13720316622691298,-0.030295114691509584,-0.07046817139289296,-0.041428126546565906,1.4898429336947718,0.025688054729310017,-0.026180542755025793
2022-07-01,72.28880310058594,77.0,79.22000122070312,76.18000030517578,79.04000091552734,19531700,-0.05810397553516822,82.51999969482422,86.98049964904786,4.396566780986935,0,-0.10381748555680637,-0.20074732274288232,-0.06689287100385732,-0.11474410573999394,-0.05128160877692156,1.9163539657862965,0.03948053137048498,-0.03314983589568998
2022-07-05,71.45325469970703,76.11000061035156,76.1500015258789,73.73999786376953,74.55000305175781,22253100,-0.01155843363179787,80.56999969482422,86.09749984741211,4.722526624474937,0,-0.1135569523723543,-0.1883331200270515,-0.05535558025773657,-0.11600219814467405,-0.06420047228298273,2.05137116210811,0.0316647436970536,-0.03181814218496348
2022-07-06,70.93692016601562,75.55999755859375,76.30000305175781,73.77999877929688,74.29000091552734,11530500,-0.007226422905625474,78.81399993896484,85.21999969482422,4.974707364254617,1,-0.10410243254127782,-0.18848676765884032,-0.04128711120982387,-0.11335369831991637,-0.07517014525697596,1.0527800679849129,0.033351036975706294,-0.02391275364904788
2022-07-07,75.71546936035156,80.6500015258789,80.95999908447266,78.33999633789062,78.5999984741211,15847800,0.06736373917082328,78.21399993896485,84.56049995422363,4.634472074744013,1,-0.035863717217887725,-0.1405583474717792,0.03114533956599863,-0.046244977625033545,-0.07505277308784157,1.3929915327758835,0.032486084277894615,0.04023294089137508
2022-07-08,76.52286529541016,81.51000213623047,82.16000366210938,79.76000213623047,79.91999816894531,10004200,0.010663367564545112,78.16600036621094,83.9625,4.172986700416551,0,-0.0029357536852542276,-0.12795548227535036,0.04278077110703826,-0.029209443070055574,-0.06903676800701584,0.8658118056670421,0.029444257919018346,-0.009051498364812227
2022-07-11,74.26971435546875,79.11000061035156,80.2699966430664,78.81999969482422,79.7699966430664,9519600,-0.02944425791901839,78.58800048828125,83.37550010681153,3.9741287005268324,0,0.027402605329241103,-0.12922397425371124,0.006642236967819848,-0.05116010687786554,-0.05742094035294611,0.8187952366821918,0.018328870396348538,-0.02134714081169975
2022-07-12,74.26032257080078,79.0999984741211,81.4800033569336,78.93000030517578,81.16000366210938,10363700,-0.00012643327206796062,79.18600006103516,82.8965000152588,3.8772864204724082,1,0.039285216657360955,-0.108028888115549,-0.0010860706039927948,-0.045798092083970676,-0.044760634689530225,0.8917684140148681,0.03223771303348494,0.025913323675155864
2022-07-13,76.31632995605469,81.29000091552734,81.72000122070312,78.9000015258789,79.27999877929688,14706500,0.02768650421811003,80.33200073242188,82.68349990844726,3.8406827094857308,1,0.07583382136149752,-0.04979546445665428,0.011925511307710135,-0.016853410831216498,-0.02843976341868841,1.2648951912652435,0.03469060970677841,0.0022756044076874815
2022-07-14,78.55069732666016,83.66999816894531,84.04000091552734,80.51000213623047,82.94999694824219,23377000,0.02927785984270259,80.93600006103516,82.50749969482422,3.7014301792003264,1,0.03744571092286164,-0.04037165011924926,0.03377975321054172,0.014089609773910272,-0.019046748957387706,1.9047463848562192,0.042189540534818104,0.0204206669211362
2022-07-15,80.39075469970703,85.62999725341797,86.04000091552734,83.97000122070312,85.58000183105469,14061000,0.023425351109904957,81.75999908447265,82.33249969482422,3.4457535968069224,0,0.050545884053611045,-0.0392684854465849,0.04733363762574072,0.04005098315751776,-0.006953519114245453,1.1349630113932174,0.024173768086178393,0.02282782005388273
2022-07-18,78.46621704101562,83.58000183105469,86.08000183105469,83.37000274658203,86.05999755859375,11352500,-0.023940155180624534,82.65399932861328,82.28549995422364,3.420665357848024,1,0.05650361757320255,-0.011121567076976868,0.011203359909540911,0.015731834619115093,0.004478302672945332,0.9132179499916139,0.03242401322209278,0.005021608302791636
2022-07-19,80.87895202636719,86.1500015258789,86.47000122070312,84.55999755859375,85.0,10673100,0.030748978685345207,84.06399993896484,82.34300003051757,3.477883620223649,1,0.08912772677314695,0.013529429716222507,0.024814445998627477,0.04623345632233944,0.020900378997722208,0.8553400551922774,0.0221706747333675,0.01698968817703106
2022-07-20,81.26387786865234,86.55999755859375,86.75,85.11000061035156,85.18000030517578,11664800,0.00475909489788795,85.11799926757813,82.32350006103516,3.4516880509188197,1,0.06482958031385344,-0.0044853295380860025,0.016941167595851736,0.05146158137612744,0.03394534008480089,0.9271585818085426,0.018946389046953213,-0.011259445194690354
2022-07-21,82.41862487792969,87.79000091552734,87.80000305175781,86.4000015258789,86.68000030517578,7135000,0.014209835855193864,85.94199981689454,82.46749992370606,3.621185972644495,0,0.04924109999695436,0.033918232589867925,0.021502886860558235,0.06454058867730117,0.04213174761454969,0.5687728934078943,0.015947163814544273,0.0013863533961031571
2022-07-22,81.03856658935547,86.31999969482422,87.7300033569336,85.80000305175781,87.41000366210938,8612100,-0.016744517660018943,86.08000030517579,82.57749977111817,3.706436497566064,0,0.008057952394465495,0.026153077465651542,0.002788096988819433,0.045321061234346205,0.04241470792607639,0.6913662111131091,0.02235866904540206,-0.0043284798889978715
2022-07-25,81.01978302001953,86.30000305175781,86.69999694824219,85.62999725341797,86.30000305175781,5960900,-0.0002316571262407363,86.6240005493164,82.59650001525878,3.725398414925462,0,0.03254368462687074,0.004422775732202622,-0.0037402740060953343,0.04483849843292198,0.048761152510258754,0.48775159190847367,0.012398605527076216,-0.0002316571262407363
2022-07-26,79.25479125976562,84.41999816894531,85.19999694824219,83.8499984741211,84.76000213623047,6977700,-0.021784528578579265,86.27799987792969,82.52449989318848,3.6725461028915802,1,-0.020081292237863924,-0.01677151678511213,-0.02153505773908948,0.022968915633662546,0.045483462360867,0.5718411445837686,0.015991453487352755,-0.01784473767172101
2022-07-27,82.26839447021484,87.62999725341797,87.9000015258789,85.30999755859375,85.30999755859375,9399500,0.03802415486966315,86.49199981689453,82.68899993896484,3.8285160883256157,1,0.012361364660389729,0.03900878655894924,0.013157256612549073,0.05975398563412582,0.045991605663834347,0.7668253698905503,0.02955613429719849,0.010542518466623685
2022-07-28,83.18844604492188,88.61000061035156,88.62000274658203,86.44999694824219,87.12999725341797,10668200,0.011183423344171883,86.65599975585937,82.93699989318847,4.048377314219172,0,0.00934046800629651,0.05929466818883644,0.022548939023233405,0.06840132539721888,0.044841263458534335,0.8608923884514436,0.024489400557416767,-0.00570580869190318
2022-07-29,83.06639099121094,88.4800033569336,89.20999908447266,87.79000091552734,87.81999969482422,10366200,-0.0014670720293706863,87.08800048828125,83.27350006103515,4.220558020482018,0,0.02502321211475733,0.08232420008481456,0.01598386529542206,0.06252293096942418,0.04580689444361377,0.8496707650782709,0.016048803289676148,-0.008915482565012622
2022-08-01,81.02916717529297,86.30999755859375,86.88999938964844,84.30000305175781,85.30000305175781,20102600,-0.024525381057976636,87.08999938964844,83.73899993896484,3.999860533033521,0,0.00011581119910197835,0.12090905920251616,-0.008956273240569135,0.030702511631412355,0.04001718975777186,1.6438734790003926,0.030008068719180995,-0.035940327582803855
2022-08-02,80.78509521484375,86.05000305175781,87.51000213623047,84.16999816894531,84.5199966430664,15541600,-0.0030123336136052004,87.41600036621094,84.23600006103516,3.5995447343361953,1,0.01930827905907395,0.13060047775185968,-0.01562639915725461,0.021534771230925953,0.03775108389372285,1.306760781873714,0.03881468737747973,-0.020739207115747615
2022-08-03,81.2169418334961,86.51000213623047,86.7699966430664,84.55999755859375,85.95999908447266,20779400,0.00534571839812692,87.19200134277344,84.78350028991699,2.9919247422139494,1,-0.012780955749075007,0.1449180112684021,-0.00782180929489007,0.02036365378180549,0.028407662394458674,1.6817703936735118,0.025546168418681688,-0.0010459496117741773
2022-08-04,83.01004791259766,88.41999816894531,88.41999816894531,86.62000274658203,87.0,13472500,0.0220783260380355,87.15400085449218,85.17200012207032,2.9307832795182946,1,-0.0021442550513204317,0.0963421760205816,0.014525980471817634,0.038134575238574886,0.023270566965448988,1.100972835860048,0.020357333857030906,0.0056640602435533705
2022-08-05,84.2774658203125,89.7699966430664,90.9800033569336,88.01000213623047,88.02999877929688,13293500,0.015268021964235157,87.41199951171875,85.5849998474121,2.9693193380472294,0,0.014579489570416326,0.10133718918361367,0.026975668609794612,0.04889871826973957,0.02134719480708026,1.0719380197510435,0.033084564239342876,-0.0044107599833157485
2022-08-08,82.55943298339844,87.94000244140625,89.0999984741211,86.91000366210938,88.9800033569336,12120300,-0.02038536560201043,87.73800048828124,86.02649993896485,2.5878487791954528,0,0.01888547015316422,0.1116167584746457,0.0023023313957557523,0.022243175112308666,0.019895038744232235,0.967194021739781,0.024903283502532257,-0.008800192889322433
2022-08-09,79.99646759033203,85.20999908447266,87.13999938964844,84.44000244140625,86.94000244140625,13075000,-0.031043930874945946,87.56999969482422,86.33199996948242,2.0270007725398025,1,-0.009761812173090911,0.07724400414938759,-0.02694987574027652,-0.012996349967640985,0.014339986630443122,1.032212123341257,0.03168638630738107,-0.011371389268112542
2022-08-10,83.24475860595703,88.66999816894531,88.66999816894531,86.30999755859375,86.80999755859375,10704600,0.0406055524192952,88.00199890136719,86.70099983215331,1.7073706108523679,1,0.024968165291608946,0.09078603973798582,0.007590728346146047,0.022710214883378876,0.015005583231248893,0.8586434050233118,0.02661554820216631,0.018777121127943497
2022-08-11,84.04276275634766,89.5199966430664,91.0,89.30999755859375,89.95999908447266,11158800,0.00958608877493794,88.22199859619141,86.99349975585938,1.6612585825440882,1,0.012440607293604744,0.06991751645923139,0.014712861503128893,0.029042364019121525,0.014121731437173183,0.9411971104840475,0.018878490893432645,0.014548335876464868
2022-08-12,85.30078125,90.86000061035156,91.3499984741211,89.63999938964844,89.68000030517578,12098800,0.014968766951902523,88.43999938964843,87.25499992370605,1.837602335301404,1,0.012142185675010131,0.06107676660850103,0.027363198071057138,0.0413156918204991,0.013580877508206081,1.0289972108007797,0.018820152685293273,0.0017873510736081677
2022-08-15,85.96734619140625,91.56999969482422,91.94000244140624,90.0,90.01000213623047,15949500,0.007814209549892537,89.16599884033204,87.65449981689453,1.8649181336907472,0,0.041278111810795215,0.09559700512953073,0.026960959174550103,0.044669696206229625,0.01724382691812682,1.33048819603085,0.021186004672618667,-0.00935503487135414
2022-08-16,84.44644165039062,89.94999694824219,91.3499984741211,88.56999969482422,91.13999938964844,10566100,-0.017691413694234215,90.11399841308594,87.8444995880127,1.896870927188683,0,0.055627249321650085,0.04410905809701915,-0.001819933281530406,0.02396845983646312,0.025835411843850256,0.8818049540344949,0.030906046399273412,-0.004695864438231334
2022-08-17,83.74234008789062,89.19999694824219,89.7699966430664,88.4800033569336,89.0,9093100,-0.00833796581929347,90.21999816894531,87.97649955749512,1.8946352900672958,1,0.005977205258164808,0.030499069594605466,-0.011305710944408132,0.013907093336300358,0.02550111248725011,0.7671061611622294,0.014461808635277466,-0.010561389443835334
2022-08-18,83.80805969238281,89.2699966430664,89.66999816894531,88.41999816894531,88.70999908447266,10947700,0.000784749968823828,90.16999816894531,88.05049934387208,1.9157525436873697,0,-0.0027926721333201288,0.016858363277193034,-0.009981163847787133,0.013849975960178451,0.024071400399397556,0.9089448586293802,0.014002464960292876,-0.005493249781766796
2022-08-19,81.86470031738281,87.19999694824219,88.58999633789062,87.0199966430664,88.5,9602800,-0.023188078555674507,89.43799743652343,88.09449920654296,1.8837540052772563,0,-0.04028179218053396,0.010194592869892327,-0.025022927082749336,-0.010153894583174394,0.015250648361489117,0.7940174996733902,0.018004584286351485,-0.008625480811264352
2022-08-22,80.02462768554688,85.23999786376953,86.02999877929688,84.94000244140625,85.41000366210938,8054000,-0.02247705450765114,88.1719970703125,88.04149894714355,1.9506252008818634,1,-0.06912746371246825,-0.012282794327974078,-0.03325317905870784,-0.031820233831501676,0.0014822342273760445,0.6602399702588699,0.01278738110285568,-0.020527446660293713
2022-08-23,80.76630401611328,86.02999877929688,86.5999984741211,84.98999786376953,85.16000366210938,8462500,0.009267960292419497,87.38799743652343,88.12199897766114,1.8223047112535753,0,-0.04357974765914563,0.019071317759679962,-0.015539876150760579,-0.02373981778255596,-0.008329379152233824,0.6895309844872843,0.018714409312987335,-0.0009384585131970713
2022-08-24,80.3250503540039,85.55999755859375,86.12999725341797,85.19999694824219,85.80000305175781,7085800,-0.0054632247747541385,86.65999755859374,88.01849899291992,1.9084663916114686,1,-0.040807169441502644,-0.02362204450192973,-0.012693284456374965,-0.027931644625340923,-0.015434271770931334,0.5828504213569792,0.01086956909435268,-0.002673436368738069
2022-08-25,82.21208190917969,87.56999969482422,87.58999633789062,86.01000213623047,86.33000183105469,6602100,0.02349231175297728,86.31999816894532,87.96649894714355,1.905667899935582,0,-0.01904331816029281,-0.011736834537453444,0.014481018910964316,-0.004507389256875771,-0.018717361699111888,0.5522992811099692,0.01804264253929809,0.008999582683877794
2022-08-26,79.55521392822266,84.73999786376953,87.79000091552734,84.6500015258789,87.5,9381500,-0.03231702456225949,85.82799835205078,87.77949867248535,2.031943238428995,0,-0.028210999662451774,-0.04226949990131279,-0.01267652175480627,-0.03462654554517919,-0.022231846273305995,0.7880560555952694,0.03705451343881777,-0.0007993570294411168
2022-08-29,77.78086853027344,82.8499984741211,84.31999969482422,82.77999877929688,83.91000366210938,9639700,-0.02230350999874764,85.3499984741211,87.60649871826172,2.294031525485059,0,-0.0280384731293416,-0.04008804521311393,-0.02929115459513476,-0.05429392012842904,-0.025757224374385983,0.8469647800173352,0.01858782068666394,-0.00979459785914183
2022-08-30,77.72454071044922,82.79000091552734,83.9800033569336,81.7300033569336,83.77999877929688,8392300,-0.000724170907649313,84.70199890136719,87.4434986114502,2.5155686161221547,1,-0.03766125665166509,-0.037884974091977996,-0.022573233343245014,-0.05321719475795883,-0.03135166997680056,0.7612753991291727,0.02717719501290657,0.011225109502763342
2022-08-31,78.25028228759766,83.3499984741211,84.87000274658203,83.05999755859375,84.11000061035156,8887100,0.0067640723807351755,84.25999908447265,87.28549842834472,2.6716806294894644,0,-0.02582981705859899,-0.03652761049679787,-0.010799912416795343,-0.045087672352062014,-0.03466210766219996,0.8521211941068433,0.021715719509584158,0.015943950721428957
2022-09-01,76.64488983154297,81.63999938964844,81.83000183105469,80.12000274658203,81.44999694824219,11566000,-0.020515886212086554,83.0739990234375,86.94649848937988,2.93711119170137,0,-0.06771725848854004,-0.07667947206176406,-0.017261714262539418,-0.061031774619188406,-0.044538877737731915,1.1192116167314685,0.020945603837050936,-0.022795459636017035
2022-09-02,75.95018005371094,80.9000015258789,82.9800033569336,80.61000061035156,81.55000305175781,8850100,-0.009064158124716504,82.30599975585938,86.50299873352051,3.1502711991254135,0,-0.045315039352065045,-0.09880801435757425,-0.017082572766882298,-0.06477228870298579,-0.04851853738146505,0.8752171948073011,0.029295459850194154,-0.0011023559353681156
2022-09-06,75.1333999633789,80.02999877929688,81.02999877929688,79.5199966430664,81.02999877929688,12704400,-0.010754051052814018,81.74199981689453,86.10749855041504,3.4432718894351875,0,-0.03403741396211457,-0.08994773075404161,-0.020943958325372658,-0.07058037770728942,-0.050698241233480455,1.2527641245841796,0.018867951508967088,0.0016068881454394113
2022-09-07,75.05829620361328,79.94999694824219,80.18000030517578,78.2300033569336,78.38999938964844,9843500,-0.0009996480354237391,81.1739990234375,85.84449844360351,3.7062695413714355,1,-0.03430370740281641,-0.06172986964846672,-0.015078745533306903,-0.06866487197468785,-0.05440650833593426,0.986370085935997,0.024390206662604018,-0.020492308067767917
2022-09-08,75.33055114746094,80.23999786376953,80.73999786376953,78.7699966430664,79.01000213623047,8181700,0.003627278631606279,80.55199890136718,85.42299842834473,3.8447912621927918,1,-0.037312545498332184,-0.0950716192540556,-0.003873287340512621,-0.0606745333216423,-0.057022108994025496,0.8303449325738643,0.024551361828894468,-0.011757283901089433
2022-09-09,76.54163360595703,81.52999877929688,81.66000366210938,80.73999786376953,80.83000183105469,7084700,0.016076781528801876,80.52999877929688,85.02349853515625,3.811644387163814,1,-0.0013473862221208277,-0.08925377751774499,0.01241773271027391,-0.04108863803592899,-0.05285009242475907,0.7341909101554768,0.011284261156808249,0.007352990814965654
2022-09-12,77.12369537353516,82.1500015258789,82.5,81.76000213623047,81.97000122070312,7903000,0.007604596539494413,80.77999877929688,84.58799858093262,3.601483978757879,0,0.015451173997816703,-0.09586175463309798,0.016959677733161316,-0.02882202080619123,-0.04501820430226049,0.837192845671767,0.009007886184109406,0.00539681648465784
2022-09-13,73.98804473876953,78.80999755859375,81.13999938964844,78.5199966430664,80.41999816894531,12835100,-0.040657381682859595,80.53599853515625,83.94999847412109,3.4254398386014633,1,-0.015244298879318885,-0.13934697148362774,-0.02143142207157278,-0.06122693280467206,-0.04066706374053425,1.3824729431634095,0.03324454799829309,-0.02105907881679836
2022-09-14,74.78604888916016,79.66000366210938,80.16000366210938,78.9800033569336,79.73999786376953,8849600,0.010785511100716239,80.47799987792969,83.43549880981445,3.2448258356950213,0,-0.0036271832045290386,-0.11439681640071364,-0.010164221489861403,-0.0452504653482213,-0.035446530242794795,0.962087160339344,0.01481295820900211,0.011800537165152836
2022-09-15,73.62288665771484,77.9800033569336,79.25,77.66999816894531,78.58000183105469,10533100,-0.02108963379291029,80.0260009765625,82.87449913024902,3.164669920552148,0,-0.028165435780206916,-0.12578468582032498,-0.025566660768518545,-0.059059129463009286,-0.03437122617428676,1.1362156815260722,0.020261628148727204,-0.013557642247114199
2022-09-16,73.53789520263672,77.88999938964844,78.0,76.91999816894531,77.11000061035156,10604500,-0.0011541929137035556,79.29800109863281,82.30549926757813,2.9714006157659383,1,-0.04464613570646525,-0.1274784102313714,-0.017755828513672967,-0.05364768961032296,-0.03654067098442394,1.1460390622678163,0.0138657316666794,-0.011156741589248398
2022-09-19,73.8589096069336,78.2300033569336,78.2300033569336,76.55000305175781,76.55000305175781,10378600,0.004365181280645114,78.51400146484374,81.8569995880127,2.86894195505811,0,-0.04771756659931936,-0.10286690258295261,-0.0036171651248384507,-0.044308932031882686,-0.04083949008630056,1.116943509795829,0.02147514039479945,-0.017203701995004872
2022-09-20,73.78337860107422,78.1500015258789,78.44000244140625,77.51000213623047,77.54000091552734,8202800,-0.0010226489533646799,78.38200225830079,81.50249977111817,2.8669577290560184,0,-0.00837452167441255,-0.08317687136996232,-0.002959872492888649,-0.04113368614035173,-0.038287138696121104,0.8820779393950473,0.01190019561122871,-0.008820176553719805
2022-09-21,72.82980346679688,77.13999938964844,79.30999755859375,77.13999938964844,77.58000183105469,10869000,-0.012923891446067537,77.8780014038086,81.05799980163575,2.8167828199033966,0,-0.031634498576599834,-0.10333603993712737,-0.009476386153433936,-0.04833576478047075,-0.03923114813601626,1.1538547283202385,0.028130647992155786,-0.00729366197946224
2022-09-22,71.4041748046875,75.62999725341797,76.75,75.36000061035156,76.44999694824219,10817900,-0.019574826914415255,77.40800018310547,80.56149978637696,2.856350507316729,0,-0.030136009263285968,-0.11605891290933534,-0.022969239942663644,-0.061214135114611046,-0.039144003173147784,1.1261214604737395,0.01837894274927557,-0.008944807452239134
2022-09-23,69.7425308227539,73.87000274658203,74.38999938964844,73.08999633789062,74.30000305175781,12685500,-0.02327111689477679,76.60400085449218,79.87649993896484,2.7269473200488634,0,-0.051611203935901684,-0.1564462372500376,-0.035690017197709145,-0.07519730079525877,-0.040969485229989236,1.280005408402498,0.017598524481142838,-0.017585538145713064
2022-09-26,68.93058776855469,73.01000213623047,74.19000244140625,72.91999816894531,73.47000122070312,13441500,-0.011642081743273747,75.56000061035157,79.2900001525879,2.8828360676149125,1,-0.06672633256688298,-0.1384233658631493,-0.033747994355782907,-0.07920290079798231,-0.04704249634327422,1.3290644539158283,0.017394935423932976,-0.00541493855430264
2022-09-27,68.949462890625,73.02999877929688,74.04000091552734,72.3499984741211,73.51000213623047,12430600,0.00027388909027958874,74.53600006103515,78.79900016784669,3.074483623789598,0,-0.06551506905456139,-0.11852745776321982,-0.02020501878964609,-0.07321160644502445,-0.05409967255588372,1.2123807062288783,0.02314120867663694,0.006848376734286843
2022-09-28,68.0997314453125,72.12999725341797,72.29000091552734,70.69999694824219,71.11000061035156,12943600,-0.012323723687833965,73.53399963378907,78.26599998474121,3.264338979647876,0,-0.06494687809010757,-0.12875955482819768,-0.019093241049898735,-0.07839933984769276,-0.06046048541991033,1.2350038618916925,0.02204358835199889,-0.02629054088783045
2022-09-29,65.40900421142578,69.27999877929688,70.68000030517578,68.4800033569336,70.5199966430664,16120300,-0.03951197258621886,72.26399993896484,77.5625,3.6089450489504684,0,-0.08396137385598168,-0.1688062381811889,-0.041293052725953405,-0.10678486666498788,-0.06831265187474819,1.4868005100405588,0.031755152814748874,-0.022320818961008237
2022-09-30,64.72921752929688,68.55999755859375,69.6500015258789,67.73999786376953,67.80999755859375,10472400,-0.010392627502734397,71.20199890136719,76.90849990844727,3.995589209566384,1,-0.07188310532767617,-0.16021560422394088,-0.03710571870929191,-0.10855110111095223,-0.0741985738100881,0.9707817173336596,0.027858864208345685,-0.021218262797406573
2022-10-03,65.38066101074219,69.25,69.56999969482422,67.6500015258789,68.08000183105469,11945100,0.010064213331054228,70.44999847412109,76.32599983215331,4.225638154288178,1,-0.05149982230125982,-0.14400496052094902,-0.017033335700665675,-0.09270759436776432,-0.07698557989353563,1.0916398633016964,0.027725605327730145,-0.007001104793343149
2022-10-04,68.74175262451172,72.80999755859375,72.93000030517578,70.72000122070312,70.80000305175781,14900700,0.05140790698330333,70.40599822998047,75.96499977111816,4.200880742957257,1,-0.0030124773980619857,-0.09021618556579158,0.03414480852555557,-0.041532313855465075,-0.07317845794625037,1.3482160953153048,0.03035296193622534,0.022382715548849186
2022-10-05,70.31844329833984,74.4800033569336,74.91000366210938,72.58000183105469,72.91999816894531,14037100,0.022936490239488183,70.8759994506836,75.69150009155274,4.104744056822937,0,0.03258014963260325,-0.06841768355350586,0.05084942623994615,-0.016005717064053182,-0.06362009783191709,1.2464304234476782,0.03128358923251552,0.0015107899195168084
2022-10-06,70.1957015991211,74.3499984741211,74.91999816894531,73.86000061035156,73.97000122070312,11796800,-0.0017455004961461906,71.88999938964844,75.39700012207031,3.9703224158727446,0,0.07318129018702146,-0.07340477999075234,0.03421893316675795,-0.013886515992069803,-0.04651379665960076,1.0309549538369573,0.014256860529226534,-0.006847504205744537
2022-10-07,65.85272979736328,69.75,72.02999877929688,69.75,71.80999755859375,14758600,-0.06186951672530583,72.12799987792968,74.80800018310546,3.885480806939167,0,0.017357095737776662,-0.14448667920608627,-0.032969164290625574,-0.06761309179132091,-0.03582504944145037,1.2479484267678198,0.03268815454189068,-0.03416275679429148
2022-10-10,63.67181015014648,67.44000244140625,69.87999725341797,67.01000213623047,69.8499984741211,16042200,-0.03311824456765233,71.76600036621093,74.07250022888184,3.814138961064557,0,-0.02613714886055951,-0.17906267573030676,-0.06027921164241812,-0.08954062259247852,-0.03113840974104948,1.3113604316105696,0.04255627243906214,0.001433669879872257
2022-10-11,59.90473937988281,63.45000076293945,64.91000366210938,62.619998931884766,64.19999694824219,28699300,-0.05916372381411794,69.89400100708008,73.30450038909912,4.322539477453271,1,-0.12855373038739426,-0.19489908985512183,-0.09219675725085286,-0.13443239601732693,-0.04652510233227379,2.203154195383857,0.036091484675949435,-0.04804278433974063
2022-10-12,60.52786636352539,64.11000061035156,64.2300033569336,63.369998931884766,63.599998474121094,16468700,0.010401888723027497,67.82000045776367,72.52700023651123,4.5134820128807425,1,-0.13923203919427118,-0.19520464896933265,-0.05470362462947176,-0.11605332632966692,-0.06489996502541107,1.2283277574387008,0.013414512819548577,0.0023640300926404123
2022-10-13,62.89762878417969,66.62000274658203,70.19999694824219,62.31999969482422,63.060001373291016,36639300,0.03915149137941509,66.27400131225586,71.95900020599365,4.505924599041499,0,-0.10396766491164933,-0.1456783806273264,0.0052207717577810175,-0.0741949922056715,-0.07900330573609424,2.4903136570553723,0.11828275185446845,-0.01637808808398311
2022-10-14,60.34848403930664,63.91999816894531,67.44999694824219,63.779998779296875,67.26000213623047,19440900,-0.0405284369006611,65.10800094604492,71.2605001449585,4.619492618997826,1,-0.08358425564236116,-0.17935551842563935,-0.018246648028467538,-0.103009408593556,-0.08633814225830758,1.282842869911304,0.05741549239793835,0.009606715149546696
2022-10-17,61.26427459716797,64.88999938964844,65.3499984741211,64.04000091552734,64.9800033569336,11280100,0.015175238555848125,64.59800033569336,70.59349994659424,4.522261012520237,0,-0.037811431782988514,-0.1705228607292757,0.004520249116654718,-0.08079356543110405,-0.08492991019621673,0.7421303953651472,0.02018797304539237,0.016583310675113205
2022-10-18,60.15021514892578,63.709999084472656,66.11000061035156,62.779998779296875,65.9000015258789,16656100,-0.018184625000382093,64.65,69.87149982452392,4.403480878610988,0,0.004097688233363428,-0.18477290031305416,-0.014539844014344161,-0.08818331874262508,-0.07473003782139,1.0661756586824527,0.05226811927338848,0.015564835039767244
2022-10-19,60.10300827026367,63.65999984741211,64.11000061035156,62.16999816894531,62.7400016784668,12385200,-0.0007847941889663756,64.55999984741212,69.1974998474121,4.2617537764588995,0,-0.00701919760809977,-0.17474720830818724,-0.01394052047904526,-0.08002456753800025,-0.06701831728351708,0.7889619727744035,0.03047443364838642,-0.015225198869014966
2022-10-20,60.02748107910156,63.58000183105469,65.27999877929688,63.380001068115234,63.75,11300900,-0.0012566449347969355,63.95199966430664,68.59500007629394,4.1549431649392545,1,-0.04563195422088617,-0.15932825413158003,-0.005816828796669782,-0.07311025934341253,-0.06768715513992539,0.7187841176625858,0.029883574338835824,0.0014137630035127025
2022-10-21,60.1879768371582,63.75,63.779998779296875,62.02000045776367,62.02000045776367,13699000,0.002673767915216896,63.918000030517575,68.08899993896485,4.094509489045798,0,-0.002659545898233473,-0.1369974600014522,-0.002628368072176257,-0.06372541736336756,-0.06125805801504158,0.868513883288573,0.02760781680836397,-0.024536038508401803
2022-10-24,57.86544418334961,61.290000915527344,61.619998931884766,59.68000030517578,60.58000183105469,25010800,-0.03858822093290437,63.19800033569336,67.50299987792968,4.190699946726554,0,-0.055478479087416654,-0.1605259673713555,-0.03019081948845148,-0.09204033855736382,-0.06377493666979765,1.5295829680482724,0.03165277529335949,-0.04972546147365198
2022-10-25,57.72381591796875,61.13999938964844,61.36000061035156,59.5099983215332,59.959999084472656,21700600,-0.002447406161498411,62.684000396728514,66.90849990844727,4.208692814378661,0,-0.04033903204764877,-0.16280979855389388,-0.02463150081851917,-0.08621476384453441,-0.06313845800607176,1.2905589303762708,0.030258461028568176,-0.02170014376223872
2022-10-26,57.44057846069336,60.84000015258789,61.97999954223633,60.43000030517578,60.86000061035156,14006000,-0.004906758914874021,62.12000045776367,66.34400005340576,4.228588553535535,1,-0.04429782754608125,-0.15652291044964772,-0.020605284863867257,-0.08296153226195657,-0.06366814771858563,0.8303293720863848,0.02547664748805258,-0.004579633334839128
2022-10-27,57.54442596435547,60.95000076293945,62.45000076293945,60.90999984741211,61.849998474121094,12937600,0.0018080310663326493,61.594000244140624,65.9275001525879,4.333127947788659,1,-0.041365224793539546,-0.12023669404057058,-0.010455555389299986,-0.07549959240268656,-0.0657312942007125,0.774295329366977,0.02526662668171349,0.01660089281722721
2022-10-28,58.54520034790039,62.0099983215332,62.029998779296875,60.06999969482422,60.77000045776367,11972300,0.017391264074245516,61.24599990844727,65.60000019073486,4.371050770513052,0,-0.02729414397594976,-0.09553674840000814,0.012474258143029493,-0.054725638090908135,-0.06637195532969738,0.7133219910908483,0.03160779128407167,-0.002953245330970189
2022-10-31,58.11090469360352,61.54999923706055,62.27000045776367,61.06999969482422,61.59000015258789,10802800,-0.00741814379815775,61.29799957275391,65.21500015258789,4.371746131090065,1,0.004242100141123251,-0.1111913467572484,0.004111058534749468,-0.05619874119377588,-0.0600628777224429,0.6458397477095073,0.01949635707252629,-0.0067730717676776075
2022-11-01,58.13923263549805,61.58000183105469,63.43000030517578,61.58000183105469,63.2599983215332,11561900,0.0004874507614303081,61.386000061035155,64.65350036621093,4.054592636151901,0,0.00719663797511827,-0.15423700184170086,0.0031603585479855756,-0.04753800672426567,-0.050538645033416214,0.698190377788151,0.030042195828388928,0.02778227629031438
2022-11-02,57.138458251953125,60.52000045776367,62.88999938964844,60.52000045776367,62.5,16547200,-0.0172134027569395,61.322000122070314,63.95550022125244,3.4269541784046877,0,-0.0052596925381599435,-0.18743289836157528,-0.013078498136234074,-0.05371703374383352,-0.041177069838741025,0.9917223618493268,0.03916059011828272,0.014939885378200124
2022-11-03,56.91187286376953,60.279998779296875,60.88999938964844,59.43000030517578,60.0,11040900,-0.003965658900387692,61.1879997253418,63.25200023651123,2.4994921192233783,1,-0.010992649306904911,-0.18924008047856977,-0.014839526543124815,-0.04698667941095103,-0.03263138720438473,0.6632159024287101,0.024220290544765107,-0.008592208424165082
2022-11-04,58.98893737792969,62.47999954223633,62.5,61.02000045776367,61.5099983215332,14662800,0.03649636376062837,61.28199996948242,62.88850021362305,1.9792488612443524,1,0.007579442564505268,-0.10422939724392366,0.019548963371797567,-0.006495633859912364,-0.025545214763964475,0.8810333400830272,0.023687572872593446,0.020404770523299476
2022-11-07,59.253292083740234,62.7599983215332,62.93000030517578,61.970001220703125,62.619998931884766,8507100,0.004481414554230234,61.523999786376955,62.654500007629395,1.6644315185460268,1,0.019658799341529365,-0.06939507637087006,0.020089697344903845,0.0016838106423475718,-0.018043400252412512,0.5229996972207323,0.015296352934147175,0.002240707277115117
2022-11-08,61.38701629638672,65.0199966430664,65.75,64.22000122070312,64.37000274658203,14102800,0.036010171796926116,62.211998748779294,62.73299980163574,1.7392651480021366,0,0.05586220704327638,0.02474382760045568,0.045135953686783026,0.03645604145604775,-0.008305055624693134,0.9077409782989995,0.023531203603346092,0.025653353538991785
2022-11-09,61.368133544921875,65.0,66.5999984741211,64.94999694824219,66.52999877929688,15086800,-0.0003075460488898285,63.10799865722656,62.777499771118165,1.7870789982324078,1,0.07402510754048786,0.013882379990255878,0.029980373059363075,0.0354028152918624,0.005264607340422399,0.975415164683904,0.02538463885967548,0.023223657554456212
2022-11-10,66.88182830810547,70.83999633789062,70.87000274658203,67.31999969482422,67.73999786376953,21367900,0.08984609750600958,65.21999816894531,62.98849945068359,2.406438513324064,1,0.1751824447982666,0.0633442422294872,0.08616986088204603,0.124649689319148,0.03542708173273528,1.4532541094849283,0.05011297621791379,0.042153813288762
2022-11-11,69.70476531982422,73.83000183105469,74.5999984741211,72.37999725341797,72.73999786376953,15524700,0.04220787193300257,67.48999862670898,63.48399963378906,3.4165853638583648,0,0.18165816856553896,0.15503760866695426,0.0939398923300121,0.16297023276647837,0.06310249851976475,1.0701025491679403,0.030069093398956664,0.026821028008193748
2022-11-14,68.73233032226562,72.80000305175781,73.68000030517578,72.23999786376953,73.23999786376953,11575300,-0.013950951561044533,69.49799957275391,63.87949981689453,3.996516456111895,1,0.15997458570326062,0.12189865520897536,0.047512208974406445,0.13964579028378732,0.08795466107224323,0.7970633024007338,0.019780252486836673,-0.007991384974298965
2022-11-15,75.96430206298828,80.45999908447266,82.93000030517578,80.01000213623047,81.91999816894531,48742400,0.10521972131332058,72.58600006103515,64.71699981689453,5.44990020362205,0,0.23746544507170064,0.2629100649929579,0.10847820539520736,0.24325910212340185,0.12159093076633012,3.022456477591579,0.03629130253754651,0.12527465295164286
2022-11-16,75.0107421875,79.44999694824219,80.56999969482422,78.9000015258789,80.55999755859375,24006600,-0.012552847970705217,75.47599945068359,65.50649967193604,6.356946418036484,1,0.22230764535757208,0.2480363986597145,0.05265246603531537,0.21285669889456393,0.15219100133079816,1.43684813458608,0.02101948688598736,0.0012428346415478408
2022-11-17,76.92731475830078,81.4800033569336,82.94000244140625,78.69000244140625,79.30000305175781,24278400,0.025550742437584484,77.60400085449218,66.40149974822998,7.266453238889309,1,0.15019773530609126,0.28153508981397857,0.04994591077474131,0.22708076874582273,0.16870855551061287,1.3987916478338762,0.05216003712447495,-0.0018879031119672929
2022-11-18,77.67317962646484,82.2699966430664,82.83999633789062,81.0,82.77999877929688,18578400,0.009695548031240842,79.29199981689453,67.3274995803833,8.048715947901057,0,0.11431660033444091,0.29050975126378686,0.037557342897755586,0.22193750185008776,0.17770599400066286,1.0555510260549814,0.022365338677155486,0.015954778704027284
2022-11-21,75.46390533447266,79.93000030517578,81.02999877929688,79.47000122070312,80.80999755859375,18659700,-0.02844288845717169,80.71799926757812,68.25949954986572,8.38499253151564,1,0.0979395186061851,0.3041279019613481,-0.009762369850002672,0.17097255081374252,0.18251671635258726,1.0796494380930284,0.0195170468239412,-0.017746434229321206
2022-11-22,77.9281005859375,82.54000091552734,83.19000244140625,81.2300033569336,81.3499984741211,16504700,0.03265357938679436,81.13399963378906,69.32949962615967,8.784559806171375,0,0.025851377761898275,0.35001638435577287,0.01732937224942055,0.19054661234541825,0.17026662634638814,0.9695350171221058,0.023746051159831562,0.017765521875687584
2022-11-23,77.38993835449219,81.97000122070312,82.94999694824219,81.7300033569336,82.44000244140625,14683800,-0.00690573889631485,81.63800048828125,70.38599967956543,8.978301799246715,0,0.03171811666780289,0.3473044216818013,0.0040667425762042075,0.16457820580618643,0.15986134827864806,0.8608561601974063,0.014883415556183504,-0.0012115153018162905
2022-11-25,76.8517837524414,81.4000015258789,82.37000274658203,81.4000015258789,82.13999938964844,5908300,-0.006953759745464749,81.62200012207032,71.4084997177124,9.01153703615127,0,-0.0009818584653737972,0.33552092710348314,-0.0027198377381024708,0.139920343483819,0.14302919743074402,0.353668858727599,0.011916476689435192,0.0020739071174049606
2022-11-28,74.7936019897461,79.22000122070312,81.08000183105469,78.88999938964844,80.2699966430664,13214200,-0.026781330028387118,81.01200103759766,72.2689998626709,8.88768134043248,1,-0.03707299801646857,0.27753593557498424,-0.022120177182919698,0.09618233781069141,0.12097858267778219,0.7880683463309366,0.02764456460061151,-0.013882123607248942
2022-11-29,74.8974609375,79.33000183105469,80.20999908447266,78.95999908447266,79.91000366210938,11502300,0.001388545931034546,80.89200134277344,73.1579999923706,8.644989611713097,1,-0.0075065491283657915,0.2888708824433004,-0.019309690523045653,0.08436537137876576,0.10571641312241159,0.6845462157817651,0.015756964214649397,0.008709952420777434
2022-11-30,78.34351348876953,82.9800033569336,83.43000030517578,80.47000122070312,80.62999725341797,21667300,0.04601035474135173,80.9800018310547,74.22800006866456,8.458893693219505,0,0.005330778247222945,0.3475154415323016,0.024697474446239598,0.11790703346679154,0.0909630025885677,1.2518604027714224,0.035671233607214914,0.01638718507950898
2022-12-01,78.06028747558594,82.68000030517578,83.62999725341797,81.13999938964844,83.04000091552734,15975100,-0.0036153656257083,81.12200164794922,75.33600006103515,8.008148950827795,0,0.008661694203968562,0.3661599418340613,0.019205623943895134,0.09748327809003299,0.07680261206098557,0.9245130422075902,0.030116084356299366,0.0007230363481147695
2022-12-02,76.94619750976562,81.5,82.16000366210938,81.1500015258789,81.80999755859375,10519800,-0.014271895268751167,81.14200134277344,76.39700012207031,7.281106917060861,1,0.0012284824600317101,0.35202391589946624,0.00441200181536372,0.06679581488508579,0.06210978458737084,0.609722594129164,0.01239266424822661,-0.010522529552138504
2022-12-05,77.05949401855469,81.62000274658203,82.18000030517578,80.94999694824219,81.94000244140625,11523300,0.0014724263384298109,81.62200164794922,77.3540002822876,6.579696465400181,0,0.03029539874901821,0.30633808169936216,-2.4489737164401504e-05,0.05514908665003149,0.05517492760667089,0.674017317635333,0.015069876446250206,0.0053988029620399836
2022-12-06,75.11458587646484,79.55999755859375,81.44000244140625,79.16000366210938,81.4000015258789,13992100,-0.025238974744760667,81.66800079345703,78.19400024414062,5.621037729596942,0,0.002899227558684103,0.2676864194767896,-0.025811862839578148,0.017469336652277123,0.04442796811097691,0.8055002980594617,0.028657602429131783,-0.002695432654985286
2022-12-07,74.81246948242188,79.23999786376953,79.70999908447266,78.58999633789062,79.0,14925300,-0.004022117956810511,80.91999969482421,78.90500030517578,4.689038485193023,1,-0.04507116584554294,0.21870196793096142,-0.02076126838100001,0.004245580854167708,0.02553703037646733,0.8571935616150408,0.014134310660981529,-0.00703868245070427
2022-12-08,76.28530883789062,80.80000305175781,80.97000122070312,79.0999984741211,79.44999694824219,11197500,0.01968709275674474,80.54400024414062,79.69500045776367,3.367917937942931,0,-0.022738234717934347,0.2430769700270432,0.003178421817158439,0.013865394160826439,0.010653112259242644,0.6503612198273195,0.023143597474670506,0.002650165196037557
2022-12-09,76.18147277832031,80.69000244140625,82.19000244140625,80.69000244140625,80.8499984741211,13787900,-0.001361393641050923,80.38200073242187,80.18750076293945,2.6481607666071927,0,-0.009938620350843586,0.13904583021903827,0.003831724841107942,0.006266583615722743,0.002425564678183793,0.8188388948920485,0.018589663584274125,0.0006187552038983135
2022-12-12,75.93598937988281,80.43000030517578,80.43000030517578,78.80000305175781,79.79000091552734,11516600,-0.0032222348291446323,80.14400024414063,80.5175006866455,2.184940898108321,1,-0.014579789284019373,0.08939453217438453,0.0035685773128857345,-0.0010867250066572964,-0.004638748586576847,0.6921886410284921,0.0202660356488035,-0.011153817060948201
2022-12-13,76.01153564453125,80.51000213623047,82.08999633789062,79.62999725341797,82.08999633789062,16938000,0.0009946764982113887,80.33400115966796,80.90300064086914,1.2177081584926652,0,0.01194073160870901,0.10590657639109113,0.002190865312592827,-0.004857650538614755,-0.007033107260470852,1.0018877818253014,0.030555198350511868,0.02063901562123971
2022-12-14,75.54888916015625,80.0199966430664,81.51000213623047,79.5199966430664,80.81999969482422,17910000,-0.00608626854008687,80.49000091552735,80.88100051879883,1.2300452623181715,0,0.009843498237315229,-0.005468586209456783,-0.005839287701763118,-0.010645316826073392,-0.004834257746114345,1.1656767742970549,0.02486885249496562,0.0038504229334039852
2022-12-15,73.68887329101562,77.61000061035156,79.20999908447266,77.38999938964844,79.20999908447266,17080200,-0.030117422317133546,79.8520004272461,80.7890007019043,1.3998046001913473,0,-0.03948022674408613,-0.023159174431300444,-0.02807693990004978,-0.039349417172303336,-0.0115981169035071,1.1373042409698402,0.023450582148062355,-0.010122439297352015
2022-12-16,72.44505310058594,76.30000305175781,78.05999755859375,76.2300033569336,77.61000061035156,11929100,-0.016879236545438547,78.9740005493164,80.53000068664551,1.7100569478252656,0,-0.054405741192488755,-0.06357388428770827,-0.033859212892333734,-0.052526978751027964,-0.01932199334486213,0.8283706047214437,0.023984195654865002,0.0
2022-12-19,72.25517272949219,76.0999984741211,77.12000274658203,75.76000213623047,76.91999816894531,12561300,-0.0026212918694256127,78.10800018310547,80.22150077819825,1.9229293762611825,0,-0.05383565603164675,-0.07499694202874763,-0.025708015879002177,-0.05137652953505023,-0.0263458122148116,0.8908833974889759,0.0178712304549395,0.00812575481506772
2022-12-20,71.7994155883789,75.62000274658203,76.19999694824219,74.9000015258789,75.11000061035156,12080600,-0.006307434128297595,77.13000030517578,80.00600090026856,2.1814468641021225,1,-0.06073778735434765,-0.05392215115898935,-0.019577305232973297,-0.05482086473930736,-0.03594731098580784,0.8772575734140254,0.01719115809503247,-0.013009170612614307
2022-12-21,73.24263000488281,77.13999938964844,77.41999816894531,75.7699966430664,75.86000061035156,10806100,0.020100457390357818,76.55400085449219,79.7360008239746,2.1854820708085945,0,-0.03599096943560687,-0.0654228430576993,0.007654708161759727,-0.032557457202513906,-0.03990669128875688,0.801286376774626,0.021389701049185167,0.0031737351897991317
2022-12-22,71.4765853881836,75.27999877929688,76.43000030517578,74.0199966430664,76.27999877929688,13019700,-0.024112012251339965,76.08800048828125,79.4015007019043,2.3325804050109533,0,-0.03002192775068624,-0.08161525365107059,-0.010619305328030348,-0.05190710359594719,-0.04173095198871444,0.9714211315824718,0.032013864255961734,-0.011148569058285096
2022-12-23,71.10629272460938,74.88999938964844,75.3499984741211,74.16999816894531,74.88999938964844,7452600,-0.0051806508497938,75.80599975585938,79.07600059509278,2.488059143477044,0,-0.018479732709222874,-0.07997545471987233,-0.012083481111798577,-0.05293643044592866,-0.041352633095057295,0.5528655521719295,0.01575644698614973,-0.0051806508497938
2022-12-27,70.5650863647461,74.31999969482422,74.73999786376953,74.16000366210938,74.33000183105469,8974800,-0.007611159026167713,75.45,78.83100051879883,2.7049334592735526,0,-0.023390260380914296,-0.061853085715408374,-0.014976809876418584,-0.057223691115005915,-0.04288922500726806,0.6764254995862219,0.007804012433285143,-0.007477601324044847
2022-12-28,69.36875915527344,73.05999755859375,74.55000305175781,72.83999633789062,74.19000244140625,10275700,-0.016953742483912015,74.93799896240235,78.51750030517579,2.992151668519746,1,-0.03385354529233986,-0.07903698635749268,-0.02506073593919722,-0.06950683255796775,-0.04558857998358212,0.7780701389072929,0.023405512879955556,-0.0017491557313208395
2022-12-29,72.16021728515625,76.0,76.04000091552734,74.1500015258789,74.3499984741211,11142500,0.040240932653308414,74.70999908447266,78.1685001373291,2.847846023498408,0,-0.014778317327824864,-0.084116691667383,0.01726677728999526,-0.02774135532240496,-0.04424417824034534,0.8787176439878521,0.024868413021689968,0.01765673362489184
2022-12-30,70.72649383544922,74.48999786376953,74.56999969482422,73.6500015258789,74.29000091552734,7784100,-0.019868449160927226,74.55199890136718,77.75900001525879,2.7522072549534577,0,-0.010494167485887496,-0.0990566329363397,-0.0008316482255517066,-0.04204017735371823,-0.041242828653432935,0.6343565161692009,0.012350626867084144,-0.02249998795358754
2023-01-03,70.28974914550781,74.02999877929688,75.97000122070312,73.7699966430664,75.8499984741211,9276200,-0.006175313433542051,74.37999877929687,77.38549995422363,2.724533510339153,1,-0.011483517390313058,-0.09165645669574385,-0.00470556608959527,-0.04336085154081393,-0.03883804041719221,0.7598036806599895,0.02971774434571474,0.018257492943398734
2023-01-04,72.46405029296875,76.31999969482422,76.61000061035156,74.47000122070312,74.98999786376953,12316400,0.030933418253246803,74.77999877929688,77.12049980163575,2.5426710925936584,0,0.026910656730523064,-0.06493510013977255,0.02059375422126508,-0.010379861500774967,-0.030348623626129917,1.0055570818401032,0.02803982439996741,0.012967703637746464
2023-01-05,71.90386962890625,75.7300033569336,76.44000244140625,75.33999633789062,76.0,10039200,-0.007730560013755272,75.31399993896484,76.92900009155274,2.4930137932610466,1,0.03654538581387867,-0.048139697325147224,0.005523586827228533,-0.015585757428176916,-0.020993385467975592,0.8330809273161952,0.014525367156410037,-0.004192868135531769
2023-01-06,74.12564086914062,78.06999969482422,78.73999786376953,76.1500015258789,76.5,13744100,0.030899197598891703,75.72799987792969,76.87050018310546,2.449274460777432,1,0.02723683808979227,-0.014765247355972844,0.030926471327246574,0.015604159057916123,-0.014862662561767362,1.1461411000839752,0.03317530867189607,0.01016765626481253
2023-01-09,76.25244140625,80.30999755859375,81.22000122070312,80.05999755859375,80.55999755859375,22247600,0.028692172057457332,76.89199981689453,76.84599990844727,2.4100350121085534,1,0.07813129093476534,-0.006064424191298379,0.044451929327350204,0.04507713679662473,0.0005985986063303287,1.7735459639106244,0.014444075424893925,0.03189442645706331
2023-01-10,77.16395568847656,81.2699966430664,81.58000183105469,80.45999908447266,80.51000213623047,10269000,0.011953668455440436,78.33999938964844,76.87499961853027,2.4616605264591964,1,0.09779816267934693,0.007187931393128011,0.03740103748079848,0.05717069328578894,0.019056907686345444,0.8302750847132846,0.013781257448564014,0.0024904069694535735
2023-01-11,77.648193359375,81.77999877929688,81.88999938964844,80.62999725341797,81.56999969482422,11771400,0.006275404913210103,79.43199920654297,76.94249954223633,2.5799381927937755,1,0.07154086879330701,0.01678476276263563,0.029559870029816526,0.06287161537304975,0.032355326108688014,0.9507686417740832,0.015407216373662337,0.0036914367435674222
2023-01-12,82.60445404052734,87.0,88.83000183105469,84.41999816894531,84.95999908447266,36086800,0.06382980311347963,81.68599853515624,77.26699943542481,3.346528268458597,0,0.14881811888939467,0.08061107553801627,0.06505400631855784,0.12596581510466787,0.05719128647443564,2.7054880019072796,0.050689697265625,0.0388848172247811
2023-01-13,82.41455078125,86.80000305175781,87.0999984741211,84.9000015258789,85.41000366210938,18719900,-0.002298815497036588,83.43199920654297,77.60599975585937,3.932231973392909,1,0.1118227666332674,0.0847289014386492,0.04036825051833004,0.11847026421696571,0.07507150824693454,1.3992143578696699,0.025345586070202732,-0.018275819975754337
2023-01-17,84.49390411376953,88.98999786376953,89.7300033569336,86.16000366210938,86.22000122070312,21850000,0.025230354090032048,85.16799926757812,78.17499961853028,4.684277721094867,1,0.1080811924921663,0.1466305522989535,0.04487599367203132,0.13834343841398256,0.0894531459311994,1.6045700504980593,0.04011686459740518,-0.00668204850993892
2023-01-18,84.94966888427734,89.47000122070312,91.22000122070312,89.36000061035156,90.4800033569336,19209800,0.0053939023312306045,86.80800018310546,78.83349952697753,5.292973018305759,0,0.1008983009271025,0.17260809491726348,0.030665388351104328,0.13492362710709904,0.10115624327192253,1.3739549501158326,0.02078909785374143,0.01674351645052341
2023-01-19,83.9337158203125,88.4000015258789,90.01000213623047,88.26000213623047,89.02999877929688,13651100,-0.011959312397736066,88.13200073242187,79.44849967956543,5.660468331066336,1,0.08094892205180515,0.1616294782967782,0.00304090218342723,0.11267049576036037,0.10929723138736482,0.9725859725218512,0.01979637974879097,-0.004917876778841923
2023-01-20,86.43083953857422,91.02999877929688,91.02999877929688,89.19999694824219,90.0,14287200,0.029751099638251066,88.93800048828125,80.21899948120117,6.140364580972162,1,0.04632182504938931,0.20378200837094473,0.023521984748142266,0.13476856315852204,0.10868997448819248,1.0099666271036554,0.020103283045093134,0.018099529937821268
2023-01-23,90.8269271850586,95.66000366210938,95.7300033569336,91.72000122070312,91.76000213623048,22875100,0.05086240739207293,90.71000061035156,81.14499969482422,6.98936149179342,0,0.10207373616183446,0.24008302332118214,0.05456954049665108,0.17887736794471865,0.1178754199457768,1.5508899866166406,0.04191931823873448,0.00801937127016239
2023-01-24,89.78250122070312,94.55999755859376,98.0,91.5500030517578,95.79000091552734,11370500,-0.011499122531931527,91.82400054931641,82.10899963378907,7.452129054648692,0,0.0625913004667229,0.2561105086600928,0.02979609898185509,0.1516398687152063,0.11831834462551988,0.7752331733391513,0.06821062938633733,0.0013589509558995516
2023-01-25,87.74112701416016,92.41000366210938,93.0,91.12000274658205,92.68000030517578,14147300,-0.022736822673373625,92.41200103759766,82.98499984741211,7.587383965910143,1,0.03286020343460039,0.2339431755274204,-2.161381060750145e-05,0.11357478860067971,0.11359885771548303,0.9430316822463236,0.020344088073971204,-0.019881528150982097
2023-01-26,88.72858428955078,93.4499969482422,94.27999877929688,92.63999938964844,93.88999938964844,15759400,0.011254120170100634,93.42200012207032,83.94149971008301,7.6431448832032896,0,0.057126644063291376,0.25740039467129106,0.00029968129707458324,0.11327528422770161,0.11294175639857569,1.0272622711508546,0.01754948574858446,0.016015535860712138
2023-01-27,88.5861587524414,93.3000030517578,94.12000274658205,92.23999786376952,92.81999969482422,13646600,-0.0016050711758447411,93.8760009765625,84.95349998474121,7.464396951043482,0,0.02493688127981386,0.27703266040943486,-0.006135731377697962,0.09824790112844939,0.10502805644763172,0.879874607584539,0.020150105266015943,-0.006741543862937904
2023-01-30,88.42473602294922,93.12999725341795,94.25,92.58000183105467,92.8499984741211,14079800,-0.001822141401705335,93.36999969482422,85.80999984741212,7.365085915549207,0,-0.026447902068119533,0.22539470070286782,-0.002570444920110271,0.08530471295912245,0.08810161823628179,0.8992899149398895,0.017931903985791607,-0.004823200031269681
2023-01-31,88.0449447631836,92.7300033569336,92.76000213623048,90.0,91.0,13342100,-0.004295005994641277,93.00400085449219,86.72200012207031,7.010347367200876,1,-0.0193527310586723,0.24486516332732555,-0.0029460829108554076,0.06927888224909928,0.0724383746175054,0.8373102973270221,0.029763852435190412,-0.022871226417219503
2023-02-01,89.95339965820312,94.73999786376952,95.7699966430664,92.56999969482422,93.0,16788500,0.02167577304078283,93.46999969482422,87.75750007629395,6.5514587389879395,1,0.025213657713721194,0.2797514443599365,0.013587227699708881,0.07956582379175758,0.06509414709357017,1.0293321496080035,0.03377662043906306,0.0029116427616975304
2023-02-02,91.76690673828124,96.6500015258789,97.5,95.83999633789062,96.5999984741211,14925300,0.02016047820537059,94.11000061035156,88.77400016784668,6.253863390765486,0,0.034242960750539675,0.266378431765552,0.026989702465775478,0.08871968530359031,0.06010769405925165,0.9078354201977004,0.017175412683929386,0.01963268579577293
2023-02-03,89.87745666503906,94.66000366210938,96.9499969482422,94.30999755859376,95.04000091552734,12242200,-0.02058973442681933,94.38200073242187,89.72050018310547,5.571011802888038,0,0.01457664057735486,0.2499669809329621,0.0029455079096665227,0.05505434620764649,0.05195580207202377,0.7396793546611515,0.027889280451244898,-0.016658050542507907
2023-02-06,87.19041442871094,91.83000183105467,92.0500030517578,90.73999786376952,91.8000030517578,12425200,-0.0298964897693903,94.12200164794922,90.40850028991699,4.860887022616783,1,-0.013958933326561063,0.17625210951733483,-0.024351371377199005,0.015723096131218695,0.041074692602177686,0.7537395190946293,0.014265546791541819,-0.030213400588493533
2023-02-07,89.77301025390625,94.5500030517578,94.6999969482422,91.68000030517578,91.77999877929688,15258900,0.029619962609902517,94.48600158691406,91.12050056457518,4.316246116194771,0,0.01962686971787031,0.1773129862539793,0.0006773645171647136,0.037637002276476705,0.03693461955856812,0.9456840140301036,0.031940735543004035,-0.0005445175951296344
2023-02-08,89.51663970947266,94.27999877929688,95.94000244140624,94.2300033569336,95.0199966430664,12899700,-0.0028556770359184913,94.39400177001951,91.7710006713867,3.688221821289557,1,-0.004855384155001752,0.16008370460958332,-0.001207735540234789,0.02733977061985393,0.028582025688324422,0.7930058941994881,0.018137453400647943,0.004970846918443073
2023-02-09,91.80489349365234,96.69000244140624,98.56999969482422,95.62000274658205,96.0,16997400,0.025562194456016263,94.402001953125,92.51650085449218,3.0062887857499785,0,0.0004138739254611057,0.18231846276187436,0.024236779315520707,0.04511088885082293,0.02038016009271998,1.0283915794517713,0.030509844593600666,0.018243543094750514
2023-02-10,90.55158233642578,95.37000274658205,96.5,94.25,95.9499969482422,11511400,-0.01365187363216902,94.54400177001952,92.93500099182128,2.7713336811651885,1,0.007500518244294874,0.09620692812163267,0.00873668303751085,0.02620112690346943,0.017313184064417626,0.7524100665582962,0.02359232395094628,-0.007653381678343396
2023-02-13,91.25418853759766,96.11000061035156,96.38999938964844,94.91000366210938,95.47000122070312,7803500,0.007759230811137163,95.4000015258789,93.40050086975097,2.449856464118516,1,0.04660784813193253,0.10725803261829747,0.007442338292626305,0.02900947762987971,0.021407815134913275,0.5289235472140603,0.015398977402354309,0.0010485317315842568
2023-02-14,93.0107192993164,97.95999908447266,98.98999786376952,95.22000122070312,95.81999969482422,15345100,0.019248761443893203,96.08200073242188,93.84900093078612,2.4208260694298054,0,0.03606553064676454,0.10079785859119661,0.019545787324733332,0.043804389102857,0.02379353833806499,1.0635414208391076,0.03848506204880072,-0.003017385430087116
2023-02-15,88.07345581054688,92.76000213623048,93.68000030517578,90.7699966430664,92.33000183105467,30208300,-0.05308286031891574,95.77800140380859,94.0135009765625,2.210223290965674,0,-0.016122153826333863,0.0367721121117639,-0.03151035961644211,-0.013333179036110088,0.018768585457592732,2.0168137356683666,0.03137131948138212,-0.057472410229027604
2023-02-16,86.2314682006836,90.81999969482422,91.79000091552734,89.87999725341797,90.9800033569336,15568400,-0.02091421298758822,94.60400085449218,94.13450088500977,1.935960358980974,0,-0.06070951079083087,0.027375544425040088,-0.03999832063643938,-0.03521026997566379,0.004987544046745753,1.0327916866651032,0.02103065039118498,-0.019189292133507285
2023-02-17,85.5478286743164,90.0999984741211,90.3000030517578,88.94000244140625,89.97000122070312,11235300,-0.007927782681375173,93.55,94.08800086975097,2.0236358507201664,0,-0.05525851023056427,-0.010216415661287392,-0.03687869081645001,-0.0423858766130083,-0.005718060377281749,0.7529604932479979,0.01509434665242723,-0.009359155218864545
2023-02-21,83.21212768554688,87.63999938964844,89.41999816894531,87.4800033569336,88.37999725341797,14007600,-0.02730298697151734,91.85599975585937,93.68700065612794,2.4462263736512044,0,-0.08812819859446408,-0.08383863647746892,-0.04589793129916919,-0.06454472044285653,-0.01954380957278303,0.9675009712928988,0.022135951911483702,-0.019089913982597406
2023-02-22,82.44306182861328,86.83000183105469,88.08999633789062,86.66000366210938,87.75,10106400,-0.009242327296152708,89.63000030517578,93.30050086975098,2.874251514007755,1,-0.113617776209046,-0.08174699584514278,-0.031239523201914032,-0.06935117151974579,-0.03934063086863029,0.7011069086751782,0.01646887764166572,0.001255141614760813
2023-02-23,85.5288314819336,90.08000183105467,91.98999786376952,89.45999908447266,90.3000030517578,15468300,0.03742945907479678,89.09400024414063,93.18400077819823,2.9582382462018137,0,-0.02889176631582946,-0.025213740273987928,0.011066980764273149,-0.033310427983574864,-0.04389166058444778,1.0681812060932383,0.028086131526083687,0.03996315959378527
2023-02-24,83.65837097167969,88.11000061035156,88.1500015258789,87.23999786376953,88.08999633789062,8817600,-0.021869462485112456,88.5520004272461,92.9170009613037,3.1666123572520752,0,-0.02983923247719522,-0.0571428198210453,-0.0049914153803637396,-0.051734346795739405,-0.04697741520817544,0.623862661915907,0.01032804058342571,-0.02209153477701198
2023-02-27,82.88931274414062,87.30000305175781,88.8499984741211,87.23999786376953,88.69999694824219,10609400,-0.009193026364575752,87.99200134277343,92.6170009613037,3.4037534816688337,0,-0.031076531296140963,-0.06430867956854736,-0.007864331762610255,-0.057408443961248334,-0.04993683201276014,0.7587887873139932,0.018442159840441664,0.00669613362619037
2023-02-28,82.6709213256836,87.06999969482422,88.1500015258789,86.9000015258789,87.13999938964844,7520400,-0.002634631716991298,87.8780014038086,92.31400108337401,3.618629406495872,1,-0.006503876070217629,-0.06507030749827847,-0.009194584493012359,-0.056806132623518635,-0.04805337898374711,0.5507816362178255,0.014356265124396283,-0.0018328024801386178
2023-03-01,83.95271301269531,88.41999816894531,90.04000091552734,88.2699966430664,89.04000091552734,8176700,0.01550474880961028,88.19600067138671,92.0985008239746,3.7194827768580225,1,0.018311600879431955,-0.04647907939136309,0.002539769330280661,-0.039940961276448084,-0.04237311267472892,0.6103937210076607,0.020018144188139044,0.022625487855838733
2023-03-02,84.53189849853516,89.02999877929688,89.33999633789062,87.12000274658203,87.63999938964844,9761600,0.006898898699206235,87.98600006103516,91.81300086975097,3.7251950434930556,1,-0.01165633914758446,-0.06027020491053081,0.011865509484889625,-0.03031163412687221,-0.041682558814790535,0.7483344430019392,0.0249353433870296,-0.008821519966631497
2023-03-03,85.25348663330078,89.79000091552734,89.8499984741211,87.87999725341797,88.66999816894531,10844000,0.008536472499730108,88.3220001220703,91.47000083923339,3.568926251453365,0,0.019067078578347108,-0.07097775997980438,0.01662100939095712,-0.018366676596612175,-0.034415662930800395,0.8445239506338214,0.021940095785904525,-0.004043587726469511
2023-03-06,85.05410766601562,89.58000183105469,91.33000183105467,89.51000213623047,90.08000183105467,9960000,-0.0023387802910284083,88.77799987792969,91.21600074768065,3.510234018954856,0,0.02611682359214962,-0.05366576837655579,0.009033791640133293,-0.017935437897035444,-0.026727776374398392,0.7826337038532923,0.0203170312304377,0.0032297684883659805
2023-03-07,84.36097717285156,88.8499984741211,90.23999786376952,88.30000305175781,89.94999694824219,8761100,-0.008149177740701119,89.13399963378906,91.06700057983399,3.5458653677388803,1,0.02044330751735024,-0.0324513045574808,-0.003186227038333267,-0.024344736200786143,-0.02122614046512227,0.6984821480891218,0.0218344946013337,0.004130331654662145
2023-03-08,86.24095916748047,90.83000183105467,90.83999633789062,88.13999938964844,88.3499984741211,8813000,0.022284787742683942,89.61600036621094,90.88100051879883,3.4498131501641494,0,0.027256318842085125,-0.03934427393584272,0.013546704381837804,-0.0005611589601020039,-0.013919302663555308,0.7211499121167587,0.02972582730169077,-0.005627462111275516
2023-03-09,84.38946533203125,88.87999725341797,90.69000244140624,88.56999969482422,89.70999908447266,10354700,-0.021468727714700986,89.58600006103515,90.61100044250489,3.3804066145882423,0,-0.001684842501803896,-0.05727621548362494,-0.007880726978949593,-0.01910367594037643,-0.011312096505546567,0.8562195756236196,0.023852416877752438,-0.0123307577232602
2023-03-10,82.84181213378906,87.25,89.16999816894531,87.19999694824219,88.02999877929688,11928800,-0.018339303597978973,89.07799987792968,90.13900032043458,3.137231473820529,1,-0.02828823799564195,-0.09763162894867894,-0.020521339505093605,-0.032050503224625104,-0.011770714549009279,1.0074931926135635,0.022578810552471348,-0.009563439473310842
2023-03-13,83.30706787109375,87.73999786376953,89.0,86.30999755859375,86.37999725341797,11847600,0.0056160213612552745,88.70999908447266,89.75750007629395,2.9243369267814234,1,-0.020540343041690834,-0.0800042430856065,-0.010934519566159095,-0.022477254945932557,-0.011670344995470218,0.999216489315495,0.030658793103493252,-0.009971378184321256
2023-03-14,84.77875518798828,89.29000091552734,89.62999725341797,87.70999908447266,88.02999877929688,11100100,0.017665866075862402,88.79799957275391,89.41650009155273,2.513352294861831,0,0.004952194135764865,-0.07096035429729952,0.005540680478621995,-0.0014147184903889887,-0.006917073673936559,0.923337093194651,0.021502947130236046,0.0033052304831100443
2023-03-15,82.31961822509766,86.69999694824219,87.23999786376953,85.44000244140625,87.19999694824219,12171500,-0.029006651816875006,87.97199859619141,88.8534999847412,1.5906054339523545,1,-0.04546961135698713,-0.11494489834080912,-0.014459165055325851,-0.024236558344565395,-0.009920840357455513,1.0260017668321104,0.020761193606936748,-0.023406920661389607
2023-03-16,85.2296371459961,89.30000305175781,89.47000122070312,85.81999969482422,85.94999694824219,13184600,0.029988537428297324,88.05599975585938,88.68050003051758,1.3060691029089522,1,0.004725537931131063,-0.03730054985759057,0.014127410958339137,0.006985786289286144,-0.007042137498585305,1.1973096267613403,0.04087347593665125,-0.00865051933563199
2023-03-17,85.39188385009766,89.47000122070312,90.02999877929688,89.0,89.05999755859375,13287700,0.0019036748391463298,88.5,88.61300010681153,1.221845929895128,1,0.025444140065365328,-0.014864550524745557,0.010960465770656791,0.009671279754196238,-0.001275209130435932,1.2192989056526902,0.011512224938458321,-0.002687631410549396
2023-03-20,85.9359130859375,90.04000091552734,90.37000274658205,88.66000366210938,89.20999908447266,8217500,0.0063708470665844175,88.96000061035156,88.61000022888183,1.2180707184976654,1,0.026213848960071173,-0.0006658996627062486,0.012140291116973234,0.016138141100911607,0.003949897083463118,0.7646369707442032,0.018991548945861705,-0.002906025848698701
2023-03-21,88.28377532958984,92.5,93.0,90.8000030517578,91.0,12299700,0.027321180136154588,89.6020004272461,88.85300025939941,1.4725639209523549,1,0.03595026376480237,0.055454137884505705,0.03234302313492421,0.04104531900952657,0.008429655337017778,1.153651889713817,0.023783750791807588,0.010661917755568462
2023-03-22,88.39830017089844,92.62000274658205,95.02999877929688,92.54000091552734,93.5,12812400,0.0012973269900762308,90.78600158691407,89.14250030517579,1.616071016739839,1,0.06828149950078966,0.06668203148023633,0.020201365051992104,0.039010600213154945,0.018436786898637803,1.1866810968214296,0.026884018461783295,0.0108108108108107
2023-03-23,90.27851104736328,94.58999633789062,95.81999969482422,93.43000030517578,94.48999786376952,11169700,0.021269634343443977,91.84400024414063,89.36800003051758,2.0183542864190573,0,0.05923844462879546,0.050066545461382894,0.0298984809726337,0.05843250722394844,0.027705668838706725,1.0555471817220057,0.025266936062783813,0.020189970435478877
2023-03-24,88.56055450439453,92.79000091552734,94.18000030517578,92.08999633789062,93.9499969482422,7653700,-0.019029448060589926,92.50800018310547,89.60200004577636,2.132872215404727,0,0.03710740638791887,0.053115426997579096,0.003048392915895981,0.03557957264483247,0.03243231329484239,0.7272815385448668,0.02252402141032222,-0.006766036731434499
2023-03-27,86.52765655517578,90.66000366210938,92.18000030517578,90.5500030517578,92.04000091552734,9349800,-0.02295502998601151,92.63200073242187,89.77000007629394,2.073510056634051,1,0.00688585895466276,0.038487978154588376,-0.021288507802059042,0.009914265178333936,0.031881482162142906,0.8937999546876748,0.017979232159453653,-0.0080827674598557
2023-03-28,86.67080688476562,90.80999755859376,90.87000274658205,89.91999816894531,90.66000366210938,7521300,0.001654466031607793,92.29400024414062,89.95699996948242,1.9839042931936393,1,-0.01827029666385116,0.0429539207175611,-0.01607908078121323,0.009482281416684835,0.02597908195527878,0.7190002652767122,0.010461453619396445,0.0
2023-03-29,88.53193664550781,92.76000213623048,93.22000122070312,91.4499969482422,91.76000213623048,9264000,0.021473456998812424,92.32200012207032,90.17400016784669,2.043401621350608,0,0.0015115459457659686,0.049083963550787146,0.00474428644939473,0.028677911189148864,0.023820612928620498,0.8810153740225998,0.01908154626669192,0.010461453619396321
2023-03-30,88.25514221191406,92.47000122070312,93.5199966430664,92.02999877929688,93.3499984741211,10232800,-0.003126357361456833,91.89800109863282,90.346000289917,2.0863656937678536,1,-0.02241246642630723,0.03863868907753143,0.006224293403905401,0.023509628804488036,0.01717841192455121,0.9709736495013617,0.016113310739698957,0.0063604605897282784
2023-03-31,88.78005981445312,93.0199966430664,93.26000213623048,91.12999725341795,91.23999786376952,8701800,0.005947825403944451,91.94400024414064,90.50750007629395,2.16460756047974,0,0.002478669309944781,0.03597277753207484,0.01170273640551489,0.027760092419462756,0.01587161469089059,0.8341777236260244,0.022898354758985,-0.01330164746075746
2023-04-03,88.60828399658203,92.83999633789062,93.5999984741211,91.70999908447266,93.01000213623048,6863600,-0.001935071077958317,92.37999877929688,90.67049980163576,2.213284051181161,0,0.02404580396782352,0.03639198973208546,0.004979406415589027,0.023927259042369586,0.018853971042412702,0.6678752176024179,0.02035759870960998,-0.00010744471292845059
2023-04-04,87.96883392333984,92.16999816894533,93.27999877929688,91.72000122070312,93.04000091552734,6338400,-0.007216697494330404,92.6519989013672,90.83649978637696,2.193975602038266,0,0.014976331317199332,0.037366344984139044,-0.005202270195325043,0.014680204385950635,0.019986449491776956,0.6241264086391447,0.016925220674674564,0.002154293252110806
2023-04-05,86.08861541748047,90.1999969482422,92.18000030517578,89.05000305175781,91.5999984741211,9171800,-0.02137356254572298,92.13999786376954,90.80499954223635,2.198591633372268,1,-0.02759815792402176,-0.0069360879677652365,-0.021054926855931355,-0.006662657310104847,0.014701815189286366,0.9015316641396952,0.03470063591259318,-0.006184221613842689
2023-04-06,86.12678527832031,90.23999786376952,90.91000366210938,89.4000015258789,89.66000366210938,5874500,0.00044346914501858237,91.69399719238281,90.87299957275391,2.1565495251987308,0,-0.02411596547523709,0.015301537493007222,-0.015857083049424348,-0.006965784247911944,0.009034560578927497,0.590427822723908,0.016733180097256186,-0.005986622000028197
2023-04-10,84.96240234375,89.0199966430664,89.02999877929688,86.47000122070312,88.41999816894531,12232900,-0.013519517393438818,90.89399719238281,90.96149940490724,2.032813202196901,1,-0.04300150660452806,0.020286494476405847,-0.02061742917246745,-0.021344225573925568,-0.0007420965239804465,1.227614887247774,0.028757556224791692,-0.020168436811930812
2023-04-11,85.17236328125,89.23999786376953,89.83999633789062,88.47000122070312,88.63999938964844,11079200,0.0024713685576200906,90.17399749755859,91.03649940490723,1.9329178401969476,0,-0.038776374581262596,0.0170959657684171,-0.010357749015333928,-0.01973386007679534,-0.009474242891441319,1.1161403738534306,0.015351805804375788,-0.004268672969530707
2023-04-12,82.910400390625,86.87000274658203,89.5,86.86000061035156,88.91000366210938,11299100,-0.026557543410135942,89.11399841308594,90.91549949645997,2.115156757107654,1,-0.057502392618567044,-0.027102678285721438,-0.025181180358465283,-0.04449732743354129,-0.019815115061257303,1.1371536688707065,0.030390230300209244,-0.003697828435226036
2023-04-13,83.08220672607422,87.05000305175781,87.62999725341797,85.97000122070312,86.55999755859375,7910500,0.0020720651488970177,88.48399963378907,90.93299980163576,2.079591936844375,1,-0.03492232819355734,0.004036979421401465,-0.01620628122560208,-0.042701733785847185,-0.026931918810432085,0.8135654230838454,0.01906945404387695,-0.003568610316412979
2023-04-14,83.22534942626953,87.19999694824219,88.37000274658203,86.54000091552734,87.94999694824219,7656400,0.0017230774408496519,87.8759994506836,90.82799949645997,2.2149905606139297,1,-0.03368795420536974,-0.023516304946803568,-0.007692686361089773,-0.039943657994572224,-0.032500991568039844,0.8104720732011974,0.020986260264904487,0.010338815220365394
2023-04-17,83.97933959960938,87.98999786376953,88.05000305175781,87.16000366210938,87.75,8163600,0.009059643843752019,87.66999969482421,90.75399932861329,2.2863214990337632,1,-0.011570420334059861,-0.016541894900423015,0.0036500304557911534,-0.030455974230243266,-0.033981969462548424,0.8882520087023367,0.010114779080076563,0.006307374667504417
2023-04-18,84.12250518798828,88.13999938964844,88.4000015258789,87.5,88.19999694824219,8468200,0.001704756557798115,87.45,90.65899925231935,2.35596393948632,0,-0.01232629426773757,-0.021101749295420635,0.007890216005127959,-0.027785436453584778,-0.035396367473549496,0.9201394736813511,0.010211045292843586,0.002386624497909162
2023-04-19,83.25399780273438,87.2300033569336,87.37999725341797,86.04000091552734,86.2300033569336,11191300,-0.010324438836128658,87.52200012207031,90.39549942016603,2.4326814473977802,1,0.004144130297794035,-0.056972936681799036,-0.0033362670497640856,-0.03501829276387913,-0.03178807923544348,1.2233937306988056,0.015361644919438302,-0.021670025481520083
2023-04-20,85.22007751464844,89.29000091552734,91.87999725341795,88.0999984741211,88.31999969482422,19206300,0.023615699636792664,87.96999969482422,90.2289993286133,2.3859248206991297,0,0.025732312294551862,-0.03595337650945585,0.015005129308654386,-0.01040683616213156,-0.025036292661983484,2.028667713411591,0.04233395386425096,0.01249565855718826
2023-04-21,81.47876739501953,85.37000274658203,87.91000366210938,85.27999877929688,87.77999877929688,13175400,-0.043901871752177746,87.60400085449218,89.76799964904787,2.389684481800602,0,-0.02098617277184489,-0.09747324186770556,-0.025501096823428937,-0.048992925314811586,-0.024106572531591815,1.3770664514989448,0.030807131289658975,-0.01691121201419854
2023-04-24,80.78204345703125,84.63999938964844,85.95999908447266,83.98999786376953,85.4000015258789,10567600,-0.008551052283558902,86.93400115966797,89.36049957275392,2.5375497432596004,0,-0.038072491822397025,-0.08783275617486386,-0.026387854457615934,-0.05282535578555303,-0.027154038134157798,1.0879375709391899,0.02327506184911502,0.00035139719259391633
2023-04-25,78.5391616821289,82.29000091552734,83.4000015258789,82.26000213623047,83.2699966430664,13423700,-0.027764632455898886,85.76400146484374,88.94199943542482,2.965986197713596,0,-0.06637166456354826,-0.09232299149001921,-0.04050651193951649,-0.07479029662164349,-0.03573112804697424,1.3535885418347262,0.013853437561857293,-0.01618623294495891
2023-04-26,78.50098419189453,82.25,82.37999725341797,81.20999908447266,82.23999786376953,11583500,-0.00048609691435541613,84.76800079345703,88.51399955749511,3.2829236802849007,1,-0.05709048681972506,-0.09426272204302788,-0.029704614593805467,-0.07076846135990356,-0.04232097501824927,1.1445886111284032,0.014224901750094984,-0.0006076443213208771
2023-04-27,79.85626220703125,83.66999816894531,83.86000061035156,82.16000366210938,82.9000015258789,10013700,0.017264415427906465,83.64400024414063,88.05949935913085,3.2933631256330917,1,-0.062941008947898,-0.09799486586832207,0.00031081637330587775,-0.04984699234189316,-0.05014222369108194,0.9858221066450477,0.020317879591793188,0.007902754114029298
2023-04-28,80.45755004882812,84.30000305175781,84.51000213623047,83.72000122070312,84.4800033569336,8262600,0.007529639017565204,83.43000030517578,87.6509994506836,3.2234536494957973,0,-0.012533672957707132,-0.08835295837669055,0.010427936514439295,-0.03823112594182354,-0.0481568855114167,0.821396919537876,0.009371303522282265,0.009680951424819284
2023-05-01,80.15214538574219,83.9800033569336,84.69000244140625,83.9000015258789,84.30000305175781,4931100,-0.0037959630277563106,83.29800109863281,87.19899978637696,3.0606709164422745,0,-0.007797684752766654,-0.09718333274963242,0.008187498491028844,-0.0369155201014848,-0.04473673662887128,0.49957095111071487,0.009407012192767666,0.0
2023-05-02,79.17861938476562,82.95999908447266,84.05000305175781,82.55000305175781,83.5,6875000,-0.012145799377093258,83.43200073242187,86.70499992370605,2.8951319421486312,0,0.008141914710064091,-0.1064196213177322,-0.0056573214570628805,-0.0431924438328668,-0.03774867878627739,0.6964677183413633,0.018081003092498226,-0.005715686327058989
2023-05-03,78.93047332763672,82.69999694824219,83.76000213623047,82.44000244140625,82.62000274658203,7151600,-0.0031340662861595314,83.52200012207031,86.2314998626709,2.7236178256477643,1,0.005471087516622397,-0.10274494313588745,-0.009841756335178031,-0.040953745673597886,-0.03142122942214435,0.7215165609015426,0.015961302823872422,-0.004098316557892279
2023-05-04,79.68446350097656,83.48999786376953,83.76000213623047,82.63999938964844,83.0,7290600,0.00955261118113171,83.48600006103516,85.89599990844727,2.6203600279918473,1,-0.00215131240725408,-0.07439023626933094,4.7885905797961925e-05,-0.0280106413248834,-0.028057183687026418,0.7425869641387515,0.013414813453577248,0.0036276065638256583
2023-05-05,81.09700775146484,84.97000122070312,85.56999969482422,83.75,84.30000305175781,6865000,0.017726714514336273,83.61999969482422,85.63250007629395,2.417675688414018,1,0.00794778344828706,-0.05839978687745784,0.016144481353812745,-0.007736535252393373,-0.023501595535301498,0.6957277854827505,0.021419320568172147,0.009701823077178151
2023-05-08,81.64102935791016,85.54000091552734,85.54000091552734,84.41000366210938,84.5,6746600,0.006708246282634445,83.93199920654297,85.458500289917,2.282494751758296,0,0.01857582157937543,-0.03909229228004152,0.019158386839176034,0.0009536865886232704,-0.01786248387457528,0.7032799787346048,0.01321016181112584,-0.005531378297645717
2023-05-09,81.18289947509766,85.05999755859375,85.4800033569336,84.30000305175781,85.25,7287800,-0.005611449050691553,84.35199890136718,85.2495002746582,2.1022710018921504,0,0.02531338593654997,-0.046839986611797224,0.00839338328015704,-0.002222918790771966,-0.010527937060034805,0.7750109533917231,0.013872564531440713,-0.003390237461111667
2023-05-10,81.03018951416016,84.9000015258789,85.1500015258789,84.16999816894531,84.51000213623047,7442300,-0.0018809785716796812,84.79199981689453,85.15100021362305,2.068223237161292,0,0.02660223287569874,-0.022677577511422742,0.0012737252242853714,-0.0029476892475067684,-0.004216044389706218,0.8080111696907055,0.011543031087400778,-0.006465970352096617
2023-05-11,79.62718963623047,83.43000030517578,84.13999938964844,82.52999877929688,84.13999938964844,8730900,-0.017314501699449814,84.78000030517578,84.97000007629394,2.0516207678617873,0,-0.0007186197164796848,-0.04158532590090391,-0.015923566821662072,-0.018124041070206043,-0.002236080627840032,0.9437117230853707,0.01929762201201481,-0.008951732892475972
2023-05-12,79.62718963623047,83.43000030517578,83.93000030517578,82.94999694824219,83.37999725341797,5069800,0.0,84.47200012207031,84.78150024414063,2.0086900318762764,1,-0.01812405429449515,-0.043233907970250285,-0.012335446247143889,-0.015940976923892736,-0.0036505619879226917,0.5557571366087393,0.01174641439948307,-0.0005993413828947469
2023-05-15,81.75556182861328,85.66000366210938,85.66999816894531,83.2300033569336,83.33000183105469,8707300,0.026729034505292404,84.49600067138672,84.66500053405761,1.8759944011566887,1,0.0014028845604121543,-0.026480216595385908,0.013775835323254881,0.011752236718542308,-0.001996100650857548,0.9516679299394558,0.02848464519843372,-0.0011985913191335795
2023-05-16,81.96551513671875,85.87999725341797,86.75,85.58999633789062,85.69000244140625,11283200,0.002568218327148042,84.66000061035156,84.5520004272461,1.7169888631764114,1,0.009640250627321656,-0.025641050055372427,0.01441054375467643,0.01570627329290164,0.001277322624653812,1.2145186385964233,0.013507262450025377,0.00035020754161085854
2023-05-17,86.73761749267578,90.87999725341795,91.8000030517578,88.05999755859375,88.30000305175781,23215600,0.05822077503386258,85.85599975585937,84.73450012207032,2.1547827554141223,1,0.07043575524219814,0.04184333091848069,0.0585165569307311,0.07252650481792311,0.013235454651569322,2.347029969226041,0.04115323070196713,0.028178922633157466
2023-05-18,88.42693328857422,92.6500015258789,93.4000015258789,91.06999969482422,91.25,14879000,0.019476279995094048,87.7,84.90250015258789,2.6112789821223097,0,0.110511820531914,0.037630200200471364,0.05644243473066024,0.09125174593642238,0.03294955793273942,1.5378628574440718,0.02514842733600899,0.00407133316201902
2023-05-19,88.3601303100586,92.58000183105467,92.79000091552734,91.55999755859376,92.12999725341795,9295200,-0.0007555282641272809,89.53000030517578,85.26300010681152,3.126146522600386,0,0.10967279746385494,0.08445588441498919,0.03406681018074975,0.08581684570185111,0.05004515666841254,0.9803920534579039,0.01328584286677981,-0.005612566259005414
2023-05-22,87.53933715820312,91.72000122070312,92.44000244140624,91.1999969482422,92.06999969482422,9259800,-0.009289269748783635,90.74199981689453,85.61700019836425,3.4372683595016054,0,0.0707447735176121,0.08364841543135193,0.010777825106147887,0.07128258416201172,0.05985960272675142,0.9834409813805962,0.013519466601185989,-0.005508772155363939
2023-05-23,86.31768035888672,90.44000244140624,91.33999633789062,90.33000183105467,91.0,7656700,-0.013955503295479343,91.65400085449218,86.0245002746582,3.504529113906772,0,0.05309740724062251,0.09903999799738816,-0.013245449208630466,0.051328425653741405,0.0654406658784436,0.8388729934652553,0.01116756390503529,-0.007849991399047296
2023-05-24,86.02180480957031,90.12999725341795,90.1500015258789,89.18000030517578,89.27999877929688,9443900,-0.0034277441355569094,91.50400085449218,86.41850013732909,3.5007991356688715,1,-0.008252641094482316,0.09580543773152539,-0.015015776231021127,0.042947946448860685,0.05884736149182908,1.0469508784824595,0.01076224620284608,-0.012826223250722468
2023-05-25,96.34861755371094,100.9499969482422,102.37000274658205,96.9800033569336,97.05999755859376,60793200,0.12004881864582462,93.16399993896484,87.28250007629393,4.7102157497934165,1,0.08958440675303114,0.20652562635898897,0.0835730219223978,0.15658920012604427,0.06738464019167494,5.259218503446558,0.05339276426538124,0.0768889439294087
2023-05-26,98.5055923461914,103.20999908447266,104.44000244140624,100.7300033569336,100.8499984741211,26135800,0.022387342293721746,95.28999938964844,88.22799987792968,5.841985307999393,0,0.11481958352967214,0.224317857036193,0.08311469981691055,0.16981002887146657,0.08004261143276051,2.0987519493263482,0.035946120699373106,-0.0009905743154442481
2023-05-30,97.33167266845705,101.9800033569336,105.23999786376952,101.52999877929688,103.79000091552734,25248000,-0.011917408569419363,97.34199981689453,89.12799987792968,6.502303962859184,0,0.11186221107370176,0.21433673827680155,0.047646478896708366,0.14419714900599256,0.09215959014243331,1.8745454795188756,0.03637967211559618,0.005619628293766166
2023-05-31,94.09619903564452,98.58999633789062,99.9800033569336,98.05999755859376,99.7300033569336,22206700,-0.03324187985342408,98.97199859619141,89.90949974060058,6.6593404217250445,1,0.0901149234462324,0.18840401911652593,-0.0038597003568592303,0.09654704588874696,0.10079578778368471,1.5599577112068814,0.019474651279624024,-0.02206314891091854
2023-06-01,94.33477783203124,98.83999633789062,100.58999633789062,98.5999984741211,98.68000030517578,14998500,0.0025357542274693223,100.71399841308593,90.716499710083,6.717382565687675,1,0.09663818206920416,0.19516324045029476,-0.018607165882829402,0.08954817099170675,0.11020595740525167,1.0253425071926425,0.02013352830332572,0.0009129117621293759
2023-06-02,94.43024444580078,98.94000244140624,101.3000030517578,98.62000274658205,101.25,13085100,0.0010117979281760725,100.31199951171875,91.48899993896484,6.730957069302782,0,-0.019910793141147964,0.18505216161157945,-0.013677297601392469,0.08144151217536755,0.09643781852069662,0.8771632282041519,0.027087125925258488,0.024382878909370076
2023-06-05,93.580810546875,98.0500030517578,98.80999755859376,94.25,98.01000213623048,10568500,-0.008995344326734878,99.28000030517578,92.14300003051757,6.699587471469313,1,-0.049995117512709575,0.15393670287329253,-0.012389174553153692,0.06410691012104919,0.07745569682227024,0.6997757684969471,0.04650685789562568,-0.00939963899562779
2023-06-06,95.2701187133789,99.81999969482422,100.5999984741211,97.41999816894533,97.61000061035156,13827600,0.0180519794796139,98.8479995727539,92.85699996948242,6.719750080510379,1,-0.02118065886455489,0.16693942747789658,0.009833280655870968,0.07498626627642713,0.06451855654652251,0.8945997362316581,0.03185734637244898,-0.004487531134231282
2023-06-07,95.71871185302734,100.29000091552734,103.0199966430664,99.54000091552734,101.37999725341795,14367500,0.004708487498898517,99.18800048828125,93.6185001373291,6.652282505401525,0,0.017243175177838577,0.17905012689945554,0.011110219198100513,0.07126263258236154,0.05949145033067446,0.9087183197739763,0.03469932890388751,0.015628106224835348
2023-06-08,95.38465881347656,99.94000244140624,100.6999969482422,98.62999725341795,98.98999786376952,9074200,-0.003489864103360718,99.40800170898437,94.37050018310546,6.462211940306628,1,0.011129159695182134,0.17714959535004127,0.005351689233018542,0.05901740742598971,0.053380044782052986,0.570980017083718,0.020712423896906206,-0.012962439324861519
2023-06-09,98.1143035888672,102.8000030517578,104.68000030517578,102.25,102.6999969482422,14902400,0.028617175710280218,100.18000183105468,95.33900032043456,6.181660527981535,1,0.039013548767977024,0.23217071408041634,0.026152936442559893,0.07825761447305712,0.05077671775820495,0.9198501317828022,0.02363813456262568,0.02761651430271006
2023-06-12,102.18012237548828,107.05999755859376,107.38999938964844,104.30999755859376,104.33999633789062,20568100,0.04143963405031359,101.98200073242188,96.52050018310545,6.0423255681748165,0,0.09189183300769344,0.2832314175594224,0.04979306926420701,0.10919439243988815,0.056583840106046036,1.211611931444823,0.0287689323864312,0.014980478992373758
2023-06-13,101.93196105957033,106.8000030517578,110.69000244140624,106.73999786376952,110.0,17858600,-0.002428493487436012,103.3780014038086,97.57750015258787,5.8895852905513815,1,0.06992590040345892,0.2467896157585554,0.03310183599489802,0.09451464615047667,0.059445069223439076,1.0243911392971414,0.036985060531528766,0.02746126012002925
2023-06-14,102.51416778564452,107.41000366210938,107.6999969482422,105.22000122070312,106.02999877929688,12862600,0.005711616038587053,104.802001953125,98.65400047302245,5.5994669642445185,0,0.07099414379883284,0.25069873191960923,0.02488503712124568,0.08875466932008802,0.06231882590289645,0.7344873760517577,0.02308905728502396,-0.007209777626015268
2023-06-15,100.8062744140625,105.18000030517578,106.66000366210938,105.06999969482422,106.2699966430664,11987900,-0.020761598369819834,105.85000152587891,99.36900062561034,5.465950193200752,0,0.05243143621936275,0.15735039044821275,-0.006329723297541223,0.05847899891294439,0.06522155661690555,0.707210474447915,0.015116980059629397,-0.01061360190089189
2023-06-16,100.22164154052734,104.56999969482422,105.75,104.3499984741211,105.43000030517578,11430800,-0.005799587455615818,106.2040008544922,99.96500053405761,5.343253214518883,0,0.017217865666553145,0.1286562112534433,-0.015385495334650168,0.046066114501722044,0.06241184701748675,0.6812744005666758,0.013388175671460775,0.0023768777265129604
2023-06-20,99.65618133544922,103.9800033569336,104.87999725341795,103.06999969482422,104.18000030517578,9295500,-0.0056421185771489135,105.58800201416015,100.53500061035156,5.117260695352047,0,-0.028768861123637635,0.12313676064386248,-0.015228990288223443,0.03426670040948232,0.05026111675666825,0.5540102642835474,0.017407169649538597,-0.0037295533210921494
2023-06-21,97.41345977783205,101.63999938964844,103.7300033569336,101.62000274658205,103.1500015258789,9340400,-0.022504365183107278,104.55600128173828,101.03100051879883,4.679953178684211,1,-0.04831463965041927,0.10815523372132452,-0.02788937847988593,0.006027841630018127,0.03489028857319437,0.5565526199754508,0.020759549616510938,-0.007982321641263335
2023-06-22,98.8415069580078,103.12999725341795,103.43000030517578,101.33000183105467,101.41999816894533,8575900,0.014659561911816166,103.7,101.66550025939941,3.9757291415935883,0,-0.0398473723374545,0.14031395919336953,-0.005496651365304195,0.014405053732897466,0.02001170244979438,0.5096039114457803,0.020362634830299188,-0.0021645141875661356
2023-06-23,97.67225646972656,101.91000366210938,102.19000244140624,101.01000213623048,101.5199966430664,8919000,-0.011829667640839037,103.04600067138672,102.25450057983399,2.905308632056149,0,-0.031089528746706896,0.13070017494363895,-0.011024173688215622,-0.003369014720830288,0.007740491490003221,0.5308197114504757,0.011578846656586693,-0.015611370631527732
2023-06-26,95.94710540771484,100.11000061035156,103.04000091552734,100.08999633789062,102.0199966430664,8560000,-0.017662672819891756,102.15400085449218,102.21250076293946,2.9311163438669046,1,-0.042650847255318536,-0.008320914940902036,-0.020009008233090042,-0.020569892497437348,-0.0005723361429435375,0.6032138756103929,0.02946763120218863,0.0010793148562895372
2023-06-27,97.8351821899414,102.08000183105467,102.79000091552734,100.0199966430664,101.1500015258789,9732000,0.019678365884451043,101.77400054931641,102.15600090026855,2.921752590306056,0,-0.018272758843416836,-0.010948524982479002,0.003006674397062481,-0.0007439510997310217,-0.0037393823914962563,0.7278729647772161,0.027135621304605517,0.010388581652049256
2023-06-28,96.7234115600586,100.91999816894533,101.87999725341795,100.22000122070312,100.5,8160900,-0.011363672034696681,101.63000030517578,102.10300064086914,2.934698700995721,0,-0.007083837318248132,-0.010394245470636165,-0.00698614714256085,-0.011586363422215529,-0.0046325801663465215,0.652031661594537,0.016448633202865402,-0.01547807408614299
2023-06-29,96.45506286621094,100.63999938964844,101.5199966430664,100.0199966430664,101.33999633789062,7383900,-0.002774462786138354,101.13200073242187,102.20550079345703,2.839808376129869,1,-0.02414426384256485,0.02079321561928027,-0.004864942245879078,-0.015317193220081737,-0.010503349161260457,0.6270844002150324,0.014904610583237802,0.004161694179207087
2023-06-30,96.7234115600586,100.91999816894533,101.88999938964844,100.41000366210938,101.4000015258789,11704600,0.002782181846134657,100.93399963378906,102.30950088500977,2.7466275687404753,1,-0.0097145074829601,0.02104413100081559,-0.00013871901336048875,-0.013581365406387436,-0.013444511402383823,1.0081242692356556,0.014665039183427974,0.007551690588629256
2023-07-03,98.86068725585938,103.1500015258789,103.68000030517578,102.06999969482422,102.25,5638400,0.022096743929785223,101.54199981689453,102.5200008392334,2.6338086688415183,0,0.030366605703656457,0.04255103073163857,0.015835828641192817,0.00614514905860597,-0.009539611922872726,0.5017289645611206,0.015608343058992934,0.013178773832597468
2023-07-05,96.79051971435548,100.98999786376952,103.08999633789062,100.95999908447266,101.4000015258789,9010800,-0.02094041328314933,101.3239990234375,102.66700057983398,2.4465858530160585,0,-0.010677938359455963,0.029984647837897338,-0.003296367720254656,-0.01633438891360639,-0.013081141445757614,0.8074153756410699,0.021091170397797503,-0.016965583849855248
2023-07-06,95.27620697021484,99.41000366210938,99.55999755859376,98.5999984741211,99.0999984741211,9140800,-0.015645056293510096,101.02200012207031,102.64650077819825,2.473268394068519,1,-0.014962292253594245,-0.004107353576120132,-0.015956885213251337,-0.03153051581448829,-0.015826166930309752,0.8366317444670669,0.009656966593982522,-0.018714718582308887
2023-07-07,96.0621109008789,100.2300033569336,101.94000244140624,99.0,99.08000183105467,8036600,0.008248663762365105,100.94000091552735,102.64350090026855,2.4763115890130463,0,-0.004073887472191395,-0.0005982406824812658,-0.007033857263265997,-0.02351339853148604,-0.01659627711253117,0.7575144898234263,0.029332558544734957,-0.0033196038517046
2023-07-10,95.62123107910156,99.7699966430664,100.75,99.4000015258789,100.25,8041600,-0.004589511109054256,100.71000061035156,102.63500061035157,2.4863515897822386,1,-0.011395179813160072,-0.0017010785890214652,-0.009333769849948048,-0.027914492621888276,-0.018755784952037693,0.7616925912665261,0.013531106740945379,0.0001995075565865978
2023-07-11,97.0492706298828,101.26000213623048,102.33000183105467,100.13999938964844,102.33000183105467,7677800,0.014934404563474724,100.33200073242188,102.5580005645752,2.504750803756051,1,-0.01832282464071755,-0.014980553208271408,0.009249306273514168,-0.012656237652833635,-0.02170478967900441,0.7529978982592722,0.02162751723488914,0.025659068599018342
2023-07-12,99.57950592041016,103.9000015258789,104.43000030517578,102.76000213623048,102.83000183105467,10202000,0.026071492533613627,100.91400146484375,102.40000076293946,2.29685673188227,1,0.028814771003707218,-0.029516122779522758,0.029589551674604975,0.014648444841441233,-0.0145117117873452,1.0541428734537748,0.01607312939768671,0.015504638176009333
2023-07-13,101.18003845214844,105.56999969482422,105.6500015258789,102.5199966430664,105.0,9265900,0.01607312939768679,102.14600067138672,102.33850059509277,2.186666457884503,0,0.06196555483140731,-0.011516885035457225,0.03352063713637521,0.031576572657801893,-0.001881011765725268,1.0018954691475364,0.029648620743208686,0.010587088142121948
2023-07-14,100.76793670654295,105.13999938964844,107.3000030517578,104.86000061035156,106.0,9518300,-0.0040731297377929465,103.12799987792968,102.22500038146973,1.9563567096168584,0,0.0489872879204607,-0.02113401168481399,0.019509730762744537,0.02851551966056154,0.008833450653854354,1.0481375992371014,0.02320717572351885,0.0040731297377929465
2023-07-17,100.43250274658205,104.79000091552734,105.02999877929688,102.58999633789062,104.68000030517578,10722600,-0.003328880313419047,104.13200073242187,102.2055004119873,1.9270771178463375,0,0.0503157706862547,-0.0037079234504361347,0.006318904644848633,0.02528729366934268,0.018849282207600425,1.1890364597483447,0.02328468766188073,-0.004375110206800592
2023-07-18,98.86068725585938,103.1500015258789,103.7300033569336,102.01000213623048,103.69000244140624,10343600,-0.015650342354424307,104.51000061035157,102.13450050354004,1.8603806048059963,0,0.01866481680600507,-0.013579403013191382,-0.013013099957229879,0.009942781502159104,0.023258547259740043,1.1539650115523683,0.01667475710382405,-0.010497170192868222
2023-07-19,98.7744140625,103.05999755859376,104.79000091552734,102.56999969482422,103.9000015258789,11204800,-0.0008725542021690291,104.34199981689453,102.08850021362305,1.8233521382853999,0,-0.008084734888823997,-0.008847910835141137,-0.01228654099548121,0.009516227027900559,0.022073980894576448,1.2368700943095785,0.021540862345169033,0.007270964507080757
2023-07-20,93.7906494140625,97.86000061035156,100.4499969482422,97.0500030517578,98.5500030517578,22810200,-0.05045601660611132,102.8,101.89950027465821,2.053652506745723,0,-0.07303210293416962,-0.0371900708578895,-0.04805446877089914,-0.03964199680487779,0.008837135833979524,2.3437179713094856,0.03474344855179527,-0.043760863707296815
2023-07-21,93.2060317993164,97.25,97.98999786376952,96.33000183105467,97.87999725341795,15381200,-0.006233400843521308,101.22200012207031,101.60550041198731,2.2769704636585852,1,-0.07504279470659048,-0.057015392320521774,-0.03924048247693401,-0.042866777825282476,-0.0037744048143258796,1.527010995011293,0.01706936794565392,0.00020433929022756203
2023-07-24,94.1644515991211,98.25,98.2699966430664,96.77999877929688,97.2699966430664,9054900,0.010282776349614497,99.91399993896485,101.42250022888183,2.3952164477544855,1,-0.0624105435479414,-0.03591407644576683,-0.01665432211683393,-0.03128004359705583,-0.014873428346892684,0.8983441216840641,0.01516537265923187,0.00020562100839494057
2023-07-25,96.14836120605467,100.31999969482422,100.88999938964844,99.11000061035156,99.5199966430664,9202200,0.02106869918396148,99.3479995727539,101.43300018310546,2.3896137322572923,0,-0.027435790491429857,0.0020976833802051065,0.009783791583629187,-0.010972765138289042,-0.020555446517284734,0.9100587391480426,0.01774320957647202,0.012926174484136466
2023-07-26,95.27620697021484,99.41000366210938,100.12999725341795,98.56999969482422,99.48999786376952,8993500,-0.00907093336805298,98.61800079345703,101.2995002746582,2.425872401717364,0,-0.035416203987480355,-0.02615593770623381,0.008031017281632913,-0.018652575851072717,-0.026471004041783954,0.8926790097600631,0.015692561121877686,-0.0082735429982016
2023-07-27,95.2187042236328,99.3499984741211,101.76000213623048,98.91000366210938,101.5,8049800,-0.0006036131755133844,98.91600036621094,101.22100028991699,2.4639033190708157,1,0.01522581089798103,-0.015556873992367382,0.004387542018514656,-0.018484324502197946,-0.02277195361737261,0.7994498059672217,0.02868644708498392,0.021024004233964666
2023-07-28,96.6659164428711,100.86000061035156,100.98999786376952,99.77999877929688,100.11000061035156,6758700,0.015198813884469198,99.63800048828125,101.23200035095215,2.4616630070416914,0,0.03712082889821655,0.0021860216816114164,0.012264398282601396,-0.0036747247837732866,-0.0157460077558954,0.6733171181465474,0.011996818135538026,0.007649744820362958
2023-07-31,95.02702331542967,99.1500015258789,99.77999877929688,98.41999816894533,99.18000030517578,8647900,-0.016954184752375978,99.81800079345703,101.14350051879883,2.5049071816475488,0,0.009160320874085581,-0.017538611525768744,-0.006692172376406846,-0.019709610431659974,-0.013105139910551528,0.874843703844582,0.013716596968448637,-0.01665675485831153
2023-08-01,94.3082275390625,98.4000015258789,99.19000244140624,98.08999633789062,99.13999938964844,6428500,-0.0075642964040121274,99.43400115966797,100.90600051879883,2.5297103559754626,0,-0.01913873778694175,-0.04604944187817861,-0.010398853729406965,-0.024834984837725838,-0.01458782779579722,0.6477348926932461,0.011178923642865112,-0.00010087883082743332
2023-08-02,91.7204818725586,95.6999969482422,97.5,95.20999908447266,97.5,9820900,-0.027439070485447248,98.69199981689454,100.64150047302246,2.7842174309738543,0,-0.03732025527810401,-0.05238143407689999,-0.030316569470711596,-0.049100058142563796,-0.019370743152329083,0.9855304869298722,0.02392895494830427,-0.009146356828482416
2023-08-03,91.03043365478516,94.9800033569336,95.80999755859376,94.58000183105467,94.83999633789062,8571700,-0.007523444245228217,97.81800079345703,100.42000045776368,3.0507996140859825,1,-0.04398585993260795,-0.04456292266352968,-0.029013038638112,-0.05417244648508168,-0.025911169612083788,0.8626360936071417,0.012950049316346971,-0.008986422547293205
2023-08-04,92.16136169433594,96.16000366210938,97.58000183105467,95.12999725341795,95.27999877929688,7562600,0.012423670914617269,96.8780014038086,100.21650047302246,3.1964076575011293,1,-0.04659921594091099,-0.04060660040417596,-0.007411359971253417,-0.04047733448849644,-0.033312868174962526,0.7629022080746015,0.025478416018427336,0.0031585113893490835
2023-08-07,92.34344482421876,96.3499984741211,96.94000244140624,95.2300033569336,96.7300033569336,6601400,0.0019758195172219217,96.31800079345703,100.04550056457519,3.3109790967982944,0,-0.028240070687512664,-0.034278824135682506,0.0003322087294219678,-0.03693821380871398,-0.03725804509031584,0.6708109247860339,0.01774778527819007,0.005927617232910132
2023-08-08,90.560791015625,94.48999786376952,94.9000015258789,93.66999816894533,94.87999725341795,7659000,-0.019304625218558358,95.53600006103515,99.70700035095214,3.519763877456621,0,-0.03973580895810325,-0.06685763509418974,-0.01094877529514926,-0.052323332051106175,-0.04183257218887098,0.7783548450531175,0.013017286323859704,-0.015256888884102815
2023-08-09,90.07200622558594,93.9800033569336,95.8499984741211,93.70999908447266,95.83000183105467,6426900,-0.005397338537050267,95.19200134277344,99.21100044250488,3.595925580584154,1,-0.017972765372592847,-0.09547640060885354,-0.01273214102806397,-0.05272597859350059,-0.040509611654007564,0.665915121699514,0.022770794990512776,0.01418143716350917
2023-08-10,90.85791015625,94.8000030517578,95.97000122070312,94.27999877929688,95.4499969482422,7459600,0.008725257134859499,95.15600128173827,98.67250061035156,3.3942933529093695,0,-0.0018951389641391758,-0.10201758713838893,-0.0037412062842618887,-0.03924596553892856,-0.035638088696055434,0.7802182113322835,0.017827029398760276,0.01564155712705828
2023-08-11,88.16474914550781,91.98999786376952,93.5,91.97000122070312,93.5,10658400,-0.029641403982382908,94.3220001220703,98.01500053405762,3.3488764450329382,1,-0.0433652832729976,-0.1250713486990338,-0.02472384231974245,-0.061470210043967466,-0.03767791044090331,1.1081813947298376,0.016632229751355053,-0.013713111918868148
2023-08-14,89.19984436035156,93.06999969482422,93.29000091552734,91.3000030517578,91.69000244140624,7489700,0.011740426743504395,93.66600036621092,97.42900047302246,3.1184424008273197,0,-0.03404254106114868,-0.11184274375711456,-0.006363041755348631,-0.04474028017361442,-0.038622998168327566,0.7920349186122443,0.02138173278494394,-0.0032611743594945786
2023-08-15,87.86763763427734,91.68000030517578,92.70999908447266,91.48999786376952,92.5199966430664,6069500,-0.01493498865591747,93.10400085449218,96.85550041198731,3.0651872152082693,1,-0.029738571511505718,-0.11119729569587511,-0.015294729939069995,-0.05343527300769568,-0.038732953126437195,0.6566896436813571,0.013307168593391292,-0.005909563270240281
2023-08-16,87.9634780883789,91.77999877929688,92.72000122070312,91.31999969482422,91.44000244140624,7439500,0.0010907337891385982,92.66399993896485,96.29150047302247,2.896595951143156,0,-0.023409283880116094,-0.1094507961043154,-0.00953985539422253,-0.0468525432832938,-0.0376720740276959,0.8216533461154666,0.015253884773364252,-0.0026177777374636335
2023-08-17,87.82931518554688,91.63999938964844,92.91999816894533,91.3499984741211,92.91999816894533,7712500,-0.0015253801646379905,92.03199920654296,95.98050041198731,3.04921856139493,0,-0.033333370890126446,-0.06356020010125751,-0.004259386086080563,-0.045222737990609274,-0.04113857698694811,0.9292818052345827,0.017132253440429186,0.012421000270329108
2023-08-18,87.31175994873047,91.0999984741211,91.33000183105467,89.55999755859375,90.06999969482422,9066200,-0.005892633338323017,91.85399932861328,95.67300033569336,3.2197865807917765,1,-0.009674958259771271,-0.06323909024040009,-0.008208688353293248,-0.047798248675454014,-0.03991722841010658,1.1355930292709995,0.01942924590677936,-0.017132253440429013
2023-08-21,88.71104431152344,92.55999755859376,92.91000366210938,90.5,90.5,8618300,0.016026334894916783,91.75199890136719,95.38850021362305,3.2314616175015036,0,-0.005479769398331835,-0.05791351085400753,0.008806333016190493,-0.0296524491809268,-0.03812305785405888,1.082450790269586,0.026037205333586545,-0.006586152405826162
2023-08-22,88.40435791015625,92.23999786376952,93.48999786376952,91.80999755859376,93.3499984741211,7059000,-0.0034572137344933696,91.86399841308594,94.98450012207032,3.0842008088488875,1,0.006108175793299253,-0.08054228324994273,0.004093001144940489,-0.028894211737427344,-0.03285274655311164,0.8986998833816272,0.01821336019171388,0.008535014437821564
2023-08-23,90.30203247070312,94.22000122070312,95.0999984741211,93.23999786376952,93.79000091552734,10362600,0.021465778434404337,92.35199890136718,94.725,2.9054048424941707,0,0.026585339658520946,-0.05220804999712969,0.020226983081665484,-0.005331209071489762,-0.02505147636455859,1.3078913839029627,0.01974103785028264,0.016804023066512297
2023-08-24,88.68231201171875,92.52999877929688,96.77999877929688,92.47000122070312,96.52999877929688,12254400,-0.017936769470502822,92.52999877929688,94.38400001525879,2.7288706779099767,1,0.009711909598167923,-0.06864619828454965,0.0,-0.019643172949463716,-0.01964317294946374,1.5066826584076825,0.04657946196318432,0.024517061437759446
2023-08-25,89.22859954833984,93.0999984741211,93.41000366210938,91.41000366210938,92.25,10356000,0.006160161054187263,92.92999877929688,93.99599990844726,2.2732675642027407,1,0.02195389718440155,-0.07693835107347835,0.0018293306473398108,-0.009532335793000501,-0.011340920147545338,1.2457251874421855,0.02148227747346245,-0.003026032454239269
2023-08-28,90.09117126464844,94.0,94.1500015258789,93.25,93.81999969482422,5174800,0.009667041252735098,93.21799926757812,93.73849983215332,1.9235017476780096,1,0.015557503018457375,-0.0519415173638168,0.00838894568180093,0.002789677329111395,-0.0055526871617019805,0.6357580094783819,0.009574484317860704,0.007733633002188212
2023-08-29,91.1262664794922,95.08000183105467,95.62000274658205,93.51000213623048,93.7699966430664,8910300,0.011489381181432723,93.78600006103515,93.5724998474121,1.619230326694488,0,0.030789289170188416,-0.03373983377379408,0.013797387341153211,0.01611052377675959,0.00228165555020121,1.0782503889012927,0.02219184444380608,-0.002446844222697808
2023-08-30,90.83873748779295,94.77999877929688,95.91999816894533,94.62999725341795,95.4499969482422,6073400,-0.0031552697305461397,93.8979995727539,93.52649993896485,1.567863448870453,0,0.005943510415394648,-0.009613356303897147,0.009393162906091268,0.013402606118587235,0.0039721323264689315,0.752003704671328,0.013610476177903808,0.0038914083935859267
2023-08-31,89.6790542602539,93.56999969482422,94.4000015258789,93.2699966430664,93.33999633789062,8661200,-0.012766396919778877,94.10599975585937,93.45599975585938,1.5303170400474175,0,0.01123960801088919,-0.014845268606809792,-0.005695705506829629,0.0012198247224646241,0.006955144685178317,1.071829214189498,0.012076572475130677,-0.015193104662930113
2023-09-01,89.3148422241211,93.19000244140624,94.58000183105467,93.08999633789062,94.3000030517578,7094600,-0.0040611013642977145,94.1240005493164,93.30749969482422,1.3919620136578728,1,0.0009667450994659266,-0.030886034812761087,-0.009923060032077546,-0.0012592476896526872,0.008750645523271714,0.8805111844877327,0.015988898531265713,0.007801681728272669
2023-09-05,90.66622924804688,94.5999984741211,95.0500030517578,92.87000274658205,93.4000015258789,6396500,0.015130335827616248,94.24400024414062,93.21999969482422,1.237021804988528,0,0.006382962490649957,-0.018162947874566293,0.0037774100108043385,0.014803677148837124,0.0109847731459846,0.7948806529541004,0.023044401060662984,0.0022534507884008903
2023-09-06,88.42353820800781,92.26000213623048,93.95999908447266,91.58999633789062,93.8499984741211,7933700,-0.024735691074358135,93.68000030517578,93.10849990844727,1.2168616210404872,0,-0.029659230548133353,-0.023600336310242276,-0.015157965033299026,-0.009113000134800875,0.006138004556946584,0.9842256187463985,0.025688301449229338,-0.007928118521113636
2023-09-07,86.30543518066406,90.05000305175781,90.29000091552734,88.43000030517578,90.06999969482422,14684400,-0.02395403244419403,92.73400115966797,92.91199989318848,1.3756707748009394,0,-0.049904998823151026,-0.04181740971267833,-0.02894297748771657,-0.030803306835724298,-0.001915777657623749,1.7329322506145464,0.020655197638166593,-0.023737290165813385
2023-09-08,85.91248321533203,89.63999938964844,91.06999969482422,89.31999969482422,90.75,5820800,-0.004553066609822576,91.94800109863282,92.65399971008301,1.4826555303334261,0,-0.042000644629618056,-0.054430416624482225,-0.025101162411443556,-0.03252962991198938,-0.007619731621508924,0.6936303220171144,0.019522534715702918,0.007773425036308401
2023-09-11,85.87413787841797,89.5999984741211,90.38999938964844,89.16000366210938,90.0999984741211,7268600,-0.0004462395783100259,91.23000030517578,92.53449974060058,1.6281649543704315,1,-0.0385234882845118,-0.025981078868898777,-0.017866949749009375,-0.0317125101957183,-0.01409743867510679,0.8840105566568965,0.013727631121492915,0.005131627483319523
2023-09-12,86.7175521850586,90.4800033569336,91.56999969482422,90.41999816894533,90.45999908447266,8242600,0.009821483234362605,90.40600128173828,92.40499992370606,1.6853282109237715,1,-0.04355174612729584,-0.027828476913970168,0.0008185526861728132,-0.020832168912524596,-0.021633013837110995,0.9979001070830374,0.01271000755097525,0.009598221261130524
2023-09-13,87.42677307128906,91.22000122070312,91.88999938964844,90.4800033569336,90.5999984741211,5757800,0.008178579092778415,90.19800109863282,92.38199996948242,1.698827922786438,1,-0.011272500449237999,-0.005017442004160766,0.011330629388923263,-0.012578194336160253,-0.023640956805125145,0.6983925980913012,0.015457092894609977,0.0013262059320902075
2023-09-14,88.12137603759766,91.47000122070312,92.93000030517578,91.2699966430664,92.77999877929688,6506300,0.002740627018795294,90.48200073242188,92.36650009155274,1.7060085961715366,0,0.01576899634449913,-0.0033776156321291273,0.010919304174130895,-0.009705887631998755,-0.020402411667249057,0.7936738353440599,0.018148066469399513,0.01710148583334692
2023-09-15,85.98265075683594,89.25,91.13999938964844,88.86000061035156,90.51000213623048,19940500,-0.02427026556331402,90.40400085449218,92.24700012207032,1.8381627837351158,0,-0.0043507294991511625,-0.026080307786628065,-0.01276493123738609,-0.03248886270669393,-0.019978961539554654,2.263625114937962,0.02554620481004902,-0.01049523419329923
2023-09-18,85.5780258178711,88.83000183105469,89.66999816894531,88.43000030517578,88.54000091552734,6647400,-0.004705861836922232,90.2500015258789,92.133500289917,1.9775134076742518,0,-0.008593712680573296,-0.024917636455408343,-0.015734068374691712,-0.03585556229240361,-0.020443147803038835,0.7651102189646599,0.013959223665534497,-0.00795517181481964
2023-09-19,84.94217681884766,88.16999816894531,88.83999633789062,87.79000091552734,88.44999694824219,7172100,-0.0074299633964280964,89.78800048828126,91.91400032043457,2.162655174643099,0,-0.02553056037006951,-0.04742868955748869,-0.01802025115312733,-0.04073375262132817,-0.02313031556391365,0.8324309267222619,0.011908760850276439,-0.004277888944944852
2023-09-20,84.09439849853516,87.29000091552734,89.31999969482422,87.29000091552734,88.5199966430664,6935300,-0.009980688121732473,89.00200042724609,91.66650047302247,2.394230381703216,0,-0.04308266008095418,-0.05366432201736271,-0.01923551721871919,-0.047743718096701304,-0.029067325926340377,0.8055249536422149,0.02325579972511805,0.0039695869500921965
2023-09-21,82.23505401611328,85.36000061035156,86.13999938964844,85.3499984741211,86.04000091552734,10652500,-0.022110210619008863,87.78000030517578,91.22350044250489,2.6973772563795237,1,-0.0667978630021997,-0.09403524193974155,-0.027568918733320236,-0.06427619860793321,-0.03774795004166095,1.2351927608022115,0.009254930996703164,-0.014320082333481143
2023-09-22,82.50481414794922,85.63999938964844,86.7699966430664,85.44999694824219,86.25,7967200,0.003280210605609124,87.05800018310546,90.87900047302246,2.9498972214493726,1,-0.0404481861103817,-0.07446233092558996,-0.016288000993298746,-0.05764809313598496,-0.04204491983878348,0.9473709243977264,0.015413354790188976,0.010426422015987091
2023-09-25,83.08283996582031,86.23999786376953,86.23999786376953,85.0199966430664,85.38999938964844,8758000,0.007006054161574626,86.53999938964844,90.53600044250489,3.074260813116852,0,-0.029156860451394206,-0.07368421828984706,-0.003466622694647259,-0.047450766079108364,-0.04413715023112947,1.051393173987683,0.01414658222313874,-0.0029191966578904216
2023-09-26,81.2042465209961,84.29000091552734,85.2300033569336,84.0199966430664,84.94999694824219,8877600,-0.022611282427471013,85.76399993896484,90.05050048828124,3.259556996376467,1,-0.044005867460532144,-0.1032978626007729,-0.0171866870072116,-0.06396965637635232,-0.04760107413144501,1.042578778255886,0.0143552817739297,-0.014958267016252913
2023-09-27,82.31212615966797,85.44000244140625,85.55999755859375,84.0999984741211,85.16999816894531,7860700,0.013643392020263434,85.39400024414063,89.56850051879883,3.188662923146784,1,-0.021193704372982958,-0.10138829621372436,0.0005387052618930355,-0.046093191841768966,-0.04660678978076726,0.9288796770717135,0.017088003777550292,0.010440114412857415
2023-09-28,83.24661254882812,86.41000366210938,87.12999725341797,84.9800033569336,85.25,6647700,0.011353010217530546,85.60400085449218,89.15000076293946,3.013106465471239,1,0.012300879150069832,-0.08830971961371015,0.009415480580016622,-0.030734683986330613,-0.03977565763433374,0.7828859623554767,0.024881307781116822,-0.002223811282502597
2023-09-29,83.71868133544922,86.9000015258789,88.02999877929688,86.69999694824219,87.75,7338300,0.00567061500987287,85.85600128173829,88.81650085449219,2.86355560268085,1,0.014712776100075153,-0.0712835117099424,0.012159898301281391,-0.021578189977930817,-0.03333276524374768,0.8710013970110847,0.015304969018425294,0.015507421376006914
2023-10-02,84.44123840332031,87.6500015258789,88.41999816894531,87.0199966430664,87.18000030517578,6305000,0.008630609744887607,86.13800201416015,88.53950080871581,2.6803150556071005,0,0.016349764576023107,-0.05944844694054641,0.017553222461210494,-0.010046355295797449,-0.02712347339459204,0.7518796992481203,0.01597263549921961,0.0032220802575415597
2023-10-03,82.28323364257812,85.41000366210938,87.31999969482422,85.05999755859375,87.0,8201700,-0.025556164572434925,86.36200256347657,88.08000106811524,2.3546036358249958,1,0.013287492400248846,-0.09714582410406425,-0.011023353710070238,-0.03031332168060563,-0.01950497824483546,0.9676483115087348,0.026460625679999572,-0.0074158758079084786
2023-10-04,83.49710845947266,86.66999816894531,86.76000213623047,85.37999725341797,85.47000122070312,7658500,0.014752305968989354,86.60800170898438,87.80050086975098,2.1556815918512062,1,0.014396016998976302,-0.06058967957784145,0.0007158283153703149,-0.012875811522792158,-0.013581917517026846,0.9050300455557985,0.015922521194963738,0.0007024652385112518
2023-10-05,83.84391021728516,87.02999877929688,87.94000244140625,86.52999877929688,86.83000183105469,6651700,0.004153693526678159,86.73200073242188,87.64950065612793,2.0947263544149983,1,0.00717503866348479,-0.03353697024002478,0.0034358488719099523,-0.007067945307087653,-0.010467828302931696,0.8252202247623136,0.01620135219908556,0.001846125135453125
2023-10-06,86.02117919921875,89.29000091552734,90.0199966430664,87.37999725341797,88.08999633789062,9777100,0.025968081901985407,87.21000061035156,87.63200073242187,2.07862204412446,0,0.027502869363433602,-0.0039044899208412476,0.023850479195259844,0.018920031144422422,-0.004815593830373255,1.1839076423441544,0.029566573665353688,0.012179680264983617
2023-10-09,85.73216247558594,88.98999786376953,89.33999633789062,88.04000091552734,88.80000305175781,4781300,-0.0033598728713378767,87.47799987792969,87.6015007019043,2.0525370501722566,1,0.015288035534089417,-0.006808042642185375,0.01728432277772396,0.015850152688480668,-0.0014098026059492458,0.5878191017541875,0.014608331875155017,-0.005487712607743056
2023-10-10,87.2928695678711,90.61000061035156,90.66000366210938,89.13999938964844,89.2699966430664,7182900,0.01820432391808824,88.51799926757812,87.60800056457519,2.062314842777769,1,0.06088276226768352,0.0014367512002086968,0.02363362660795798,0.03426627735401433,0.010387164381547251,0.8888649643978824,0.016775237415540725,0.003146407304397414
2023-10-11,88.6319808959961,92.0,92.01000213623048,90.62999725341795,91.26000213623048,8051700,0.015340463307420338,89.58399963378906,87.64700050354004,2.140122944085298,1,0.06149765713234401,0.00855074291667357,0.026969105823442918,0.04966512797302336,0.022100004781918186,0.9824328075478835,0.015000053074049223,0.007173617939526533
2023-10-12,89.0365982055664,92.41999816894533,93.44000244140624,91.83999633789062,92.51000213623048,8897800,0.004565197488536121,90.66199951171875,87.69450035095215,2.2377555204955426,0,0.06193266075203763,0.010385885378420445,0.01939068922696041,0.05388590845585295,0.03383905659865446,1.0700580259162382,0.017312336455479825,0.0055435014807661
2023-10-13,87.14834594726562,90.45999908447266,92.94000244140624,90.1999969482422,92.75,7985100,-0.021207521351491065,90.89599914550782,87.75500030517578,2.2975804758639287,1,0.01310335039700794,0.013557412711178163,-0.004796691440040246,0.030824440429491284,0.035792818977937776,1.0346771225840559,0.030289691807374255,0.003570675585292893
2023-10-16,87.8805160522461,91.22000122070312,91.9000015258789,90.43000030517578,90.4800033569336,8791800,0.008401527127153363,91.34199981689453,87.8745002746582,2.4155596826472623,0,0.02505903371688345,0.026905317352058145,-0.001335624317794215,0.03807135102433934,0.03945967864850896,1.123595792809948,0.016114900252484278,0.0002211394280720036
2023-10-17,87.6685791015625,91.0,91.6999969482422,88.5199966430664,89.80999755859375,7997100,-0.002411765158507717,91.41999969482421,88.01600036621093,2.514637433712985,0,0.004304153923644138,0.03209710661025578,-0.004594177381604059,0.03390292243880033,0.038674778613549295,1.016673129119814,0.03494505829863512,-0.015457176531909145
2023-10-18,86.31983184814453,89.5999984741211,90.01000213623047,88.58000183105469,88.87999725341797,9982700,-0.015384632152515398,90.93999938964843,88.13150024414062,2.532523158360534,1,-0.026086973107379396,0.026463484183362418,-0.014735000269637921,0.016662580642703873,0.03186714327712277,1.2449864809586049,0.015959825106345332,-0.02329673347892347
2023-10-19,89.50865936279297,92.91000366210938,94.76000213623048,92.36000061035156,93.08999633789062,22751600,0.03694202281648806,91.03800048828126,88.50900039672851,2.657289426190985,0,0.005301942251376257,0.08844895733098479,0.020562876642584937,0.04972379357640477,0.028573366326778933,2.6383943455357737,0.025831465195148742,0.038950869678614275
2023-10-20,87.96723175048828,91.30999755859376,94.31999969482422,91.08999633789062,92.0,12197300,-0.017221031540741727,91.20800018310547,88.79250030517578,2.637478153132154,0,0.009396401533537047,0.06620735882012019,0.0011182941768652643,0.028352588842137205,0.02720387273280657,1.3806003092323749,0.03537403836705719,-0.009794463741696013
2023-10-23,87.77455139160156,91.11000061035156,92.26000213623048,89.16000366210938,89.9800033569336,8227900,-0.002190307234581468,91.18600006103516,89.03600044250489,2.6141238017863855,1,-0.001205882579253914,0.05647034864582223,-0.000833455252261639,0.02329395028459258,0.024147531423748515,0.9341102542779375,0.03402478820496131,-0.014565701864209468
2023-10-24,88.28515625,91.63999938964844,92.0,90.86000061035156,91.1999969482422,7374800,0.0058171306744196905,91.31399993896484,89.40350036621093,2.42133496126705,0,0.007032960325807025,0.08719893693543823,0.003570092766733479,0.025015788132192185,0.02136940460863609,0.8444619257574743,0.012439975962911352,0.0009877767236061707
2023-10-25,84.43160247802734,87.63999938964844,90.8499984741211,86.68000030517578,90.8000030517578,13027100,-0.043649061835893455,90.92200012207032,89.51350021362305,2.277498829674658,0,-0.021874990154589713,0.025749027216506848,-0.03609688225089114,-0.020929813039413214,0.015735055662954727,1.4488311402325875,0.04758099267442316,-0.009166263023628107
2023-10-26,84.24854278564453,87.44999694824219,88.13999938964844,86.54000091552734,87.12000274658203,9377300,-0.002167987708004193,89.82999877929687,89.56549987792968,2.213895032022201,0,-0.0587666182182478,0.012035565814804361,-0.02649451033503969,-0.023619618408547316,0.0029531337594015587,1.0273188842821515,0.018296152429462777,-0.005933325498491793
2023-10-27,82.84198760986328,85.98999786376953,87.77999877929688,85.88999938964844,87.54000091552734,12480700,-0.016695244544568277,88.76599884033203,89.51999969482422,2.279926371141063,1,-0.05826305812143273,-0.010471848632112812,-0.0312732466578316,-0.03943254963235643,-0.0084227084122274,1.3298483599723177,0.021979293366685356,0.0010292049219673416
2023-10-30,82.90943145751953,86.05999755859375,88.30000305175781,86.0,87.30999755859375,9785500,0.00081404461638801,87.75599822998046,89.44049949645996,2.3743313396531867,1,-0.055427538337476934,-0.018140375808387232,-0.019326321910691946,-0.03779609860072408,-0.018833764077381666,1.0236863798608233,0.02672557653969094,0.01535061899775192
2023-10-31,83.1502685546875,86.30999755859375,86.43000030517578,84.94999694824219,86.1500015258789,9004900,0.0029049501172688785,86.68999786376953,89.48549919128418,2.3013289428445645,1,-0.05816239487728281,0.010537335884504229,-0.004383438857305522,-0.03548621465364432,-0.031239713168934556,0.9380846817039682,0.017147530979002238,0.0010458281412786263
2023-11-01,84.58573150634766,87.80000305175781,87.87000274658203,86.33999633789062,86.47000122070312,9508800,0.017263417162681982,86.72199859619141,89.5419994354248,2.241665133428077,1,0.0018256921864865383,0.013038016691886645,0.012430576705063867,-0.01945451737341719,-0.031493610339437345,0.9811226140157278,0.017426040495573475,0.0018538253578417319
2023-11-02,87.16761779785156,90.4800033569336,91.0500030517578,89.47000122070312,90.4000015258789,11032600,0.030523920410298055,87.32799987792968,89.71449966430664,2.1697776543765843,1,0.03464844499062392,0.03964155608442255,0.03609384714421382,0.008532664123316769,-0.0266010488305319,1.1131896516931026,0.017462442224076197,0.029612737855924776
2023-11-03,88.42965698242188,91.79000091552734,92.4499969482422,90.83999633789062,91.6500015258789,9226700,0.01447831023420676,88.48800048828124,89.83949966430664,2.215564233414307,1,0.0674497406192116,0.027998655777426995,0.037315798854369975,0.021710954073752786,-0.01504348511596121,0.9335665892294865,0.01754004351555929,0.012931013765879351
2023-11-06,89.21000671386719,92.5999984741211,92.61000061035156,91.29000091552734,92.0,8402700,0.008824463999506538,89.79600067138672,90.01999969482422,2.288562726677838,0,0.07599350570599994,0.04056636360277177,0.031226310545786395,0.028660284248425816,-0.00248832508550185,0.8348974350057381,0.01425485655049032,0.002287820921430317
2023-11-07,89.02696990966797,92.41000366210938,93.0500030517578,91.75,92.25,6241300,-0.002051779861150016,91.01600189208985,90.10999984741211,2.3476178862708914,0,0.07067554485069327,0.019865390570940722,0.01531600752659168,0.02552440149364088,0.010054400690399668,0.6230539857665811,0.014067774053025334,-0.0037796812082984133
2023-11-08,88.6319808959961,92.0,93.44000244140624,91.93000030517578,93.33000183105467,6537700,-0.0044367887226638425,91.85600128173829,90.10999984741211,2.3476178862708914,0,0.04783595446763589,0.0,0.0015676571617790902,0.02097436639427719,0.019376333784072452,0.6576124294251311,0.016413066698157116,0.009955612298309324
2023-11-09,88.2658920288086,91.62000274658205,93.37000274658205,91.5999984741211,92.62999725341795,8166000,-0.004130404928456066,92.08400115966796,90.07000007629395,2.312743892516404,1,0.01259946228285691,-0.008656085676401748,-0.005038860249799271,0.017208867203010625,0.022360398375353047,0.8244337696794946,0.019318972051951648,0.00684779623280396
2023-11-10,93.87281799316406,97.44000244140624,97.75,93.61000061035156,94.04000091552734,19281700,0.06352324296389855,93.21400146484375,90.41900024414062,2.8410127477742946,0,0.061553562147564245,0.07716121410100363,0.0453365471941074,0.0776496331336134,0.03091165809350177,1.8416475561638654,0.042487677400644054,0.026413426068529366
2023-11-13,92.8901596069336,96.41999816894533,97.18000030517578,95.72000122070312,97.01000213623048,9526300,-0.010468023880379818,93.97800140380859,90.67900009155274,3.1403493800202127,1,0.04125269716815172,0.05700500853602297,0.025984770144705127,0.06331121948407326,0.03638109494949288,0.9067023523930582,0.015142077496355818,-0.00441297510675176
2023-11-14,95.2890167236328,98.91000366210938,99.69000244140624,97.9499969482422,98.0,13873200,0.02582457519653869,95.27800140380859,91.0745002746582,3.6410818323234007,0,0.0703387051445945,0.08692311716603718,0.038120050848963416,0.08603399814241341,0.04615453410640367,1.2845151171166833,0.017591804961489436,0.016386661077157694
2023-11-15,95.18302917480467,98.8000030517578,100.6999969482422,98.41999816894533,99.9499969482422,10422900,-0.001112128260831513,96.63800201416015,91.53450050354004,4.007685345036538,0,0.07391307664954128,0.10267862426687335,0.022372162012215924,0.07937447091806393,0.05575495012858819,0.9630902715214348,0.02307691000882323,0.010514540972878628
2023-11-16,94.93255615234376,98.54000091552734,99.0999984741211,97.91000366210938,98.23999786376952,8459000,-0.0026316004878486066,98.02200164794922,91.81600036621094,4.296690760286132,1,0.07552933815212581,0.06059624401579922,0.00528452040225158,0.07323342905917829,0.0675917188396952,0.8368850739830546,0.012076261426380873,-0.005668068529258163
2023-11-17,95.9344711303711,99.58000183105467,99.72000122070312,98.31999969482422,98.94000244140624,7243000,0.010554098902626041,98.4500015258789,92.22950057983398,4.630411540607816,1,0.021962226354984793,0.09057063293812972,0.011477910489201326,0.07969794051804602,0.06744589211626976,0.7345838059919848,0.014059063066238131,0.004059280720139169
2023-11-20,96.3005599975586,99.95999908447266,100.58999633789062,99.54000091552734,99.9000015258789,6448900,0.003815999662891034,99.15800170898437,92.67200050354003,4.930915965787145,0,0.03671438480349898,0.09713531352029858,0.008088075209926382,0.07864294006099737,0.06998879025166373,0.6600003786694477,0.01050415598219411,0.0032134935623633343
2023-11-21,94.80731964111328,98.41000366210938,100.1500015258789,98.23999786376952,100.0,10112600,-0.015506156828327233,99.05800170898438,93.01050071716308,5.086270058374677,1,-0.005055100409338431,0.07387608377947763,-0.006541602250151546,0.058052616675677404,0.0650195509667368,1.020655645545065,0.019408633177856436,0.0004001692266277779
2023-11-22,95.03853607177734,98.6500015258789,99.6500015258789,97.9499969482422,98.72000122070312,7413500,0.0024387547488928796,99.02800140380859,93.56100082397461,5.07020915450621,0,-0.0015182340207045009,0.12562759257082923,-0.0038171009469160078,0.05439232861006604,0.05843247220195493,0.7700525538665447,0.017232686785014814,0.0031500614475956645
2023-11-24,94.24855041503906,97.83000183105467,98.7300033569336,97.47000122070312,98.4800033569336,4297600,-0.008312211679075587,98.88600158691406,94.08000106811524,4.941372985736717,0,-0.00720518650168589,0.11869645791932903,-0.010678961014833233,0.03985970153448859,0.05108418860794032,0.45849478517658704,0.012879506415694453,-0.0017232454770993444
2023-11-27,93.65123748779295,97.20999908447266,97.5500030517578,96.41999816894533,97.41999816894533,6856100,-0.006337552233237398,98.41200103759766,94.6410011291504,4.599659524388441,1,-0.023799986975325815,0.13048030584299486,-0.012213977365075568,0.027144661665365444,0.03984530872936591,0.7540763634163913,0.01162436882475979,-0.004190980828329027
2023-11-28,94.39305877685548,97.9800033569336,98.25,97.23999786376952,97.87000274658205,6358100,0.007921039807765373,98.01600189208985,95.23700141906738,4.1826173734011,1,-0.019807880608980755,0.13850808896693412,-0.00036727202152042615,0.02880185113972966,0.02917984010011135,0.712737145598766,0.010308247618150442,0.006789462692370352
2023-11-29,95.26008605957033,98.87999725341795,99.7300033569336,98.5999984741211,99.0,7091100,0.009185485462842369,98.11000061035156,95.8655014038086,3.6854711179315442,0,0.004775872104652024,0.14563781775443507,0.00784829923836683,0.03144505380419993,0.023413002317576134,0.8035249898300169,0.011428043226138333,0.01041025319575306
2023-11-30,93.74756622314452,97.30999755859376,98.9800033569336,96.9000015258789,98.93000030517578,9681400,-0.015877829069922633,97.84199981689453,96.34100112915038,3.1671301600169763,1,-0.01358341557585907,0.10831428446796121,-0.00543736083988855,0.010057985884373233,0.015580061138579748,1.09597197977726,0.021375006507447968,0.0005056943077139664
2023-12-01,94.94219207763672,98.5500030517578,98.77999877929688,97.0199966430664,97.6999969482422,7500400,0.012742837573471055,97.98600006103516,96.7445011138916,2.8823939740734286,0,0.00735971795182544,0.08919097475039806,0.005755954834071542,0.018662579444600036,0.012832759824581772,0.8663961344621295,0.017858975968840177,0.0040078039197730675
2023-12-04,93.45856475830078,97.01000213623048,97.1999969482422,95.25,97.0500030517578,10619400,-0.01562659429567459,97.94600067138671,97.00550117492676,2.6359528722904018,0,-0.00205737012782381,0.05686895270332348,-0.009556271095708668,4.639903149006308e-05,0.00969532124537946,1.2168937776201507,0.020100988612533316,-0.015220699680873806
2023-12-05,93.15027618408205,96.69000244140624,97.0199966430664,95.87999725341795,96.45999908447266,8009600,-0.0032986257888631965,97.68800048828125,97.21000137329102,2.4265134412981344,1,-0.013165961128088433,0.04416851009374656,-0.010216178464976688,-0.005349232841669882,0.0049171804159809296,0.9199045824102244,0.011790250913886231,-0.005669549939659402
2023-12-06,94.26781463623048,97.8499984741211,98.56999969482422,97.4499969482422,97.8000030517578,11262300,0.011997062813374315,97.48200073242188,97.4820011138916,2.1491898500450226,1,-0.010416654610710507,0.0588680293954178,0.00377503271305768,0.0037750287850528697,-3.913232326758484e-09,1.2572281436564248,0.011446119203346029,0.011479993611792638
2023-12-07,95.65509796142578,99.29000091552734,99.63999938964844,97.88999938964844,97.95999908447266,11373700,0.014716427837115242,97.8780014038086,97.84650115966797,1.7520010307281695,1,0.020347378549067985,0.07923914038616675,0.014426117119958004,0.014752696711186841,0.0003219353146744402,1.2362932398824327,0.01762513832071411,0.0011241759025746312
2023-12-08,96.6762924194336,100.3499984741211,100.37000274658205,98.9499969482422,99.12000274658205,10572500,0.010675773479905226,98.23800048828124,98.28300094604492,1.0762561734512388,1,0.018264793167159565,0.09528482280977357,0.021498788405122093,0.021031078703130923,-0.00045786613484036535,1.1343683293160582,0.014150531339629707,-0.0017121378525308817
2023-12-11,97.25432586669922,100.9499969482422,101.20999908447266,99.37000274658205,99.56999969482422,9482800,0.005979058128992687,99.0259994506836,98.45850067138672,1.2094896225041067,1,0.04061431527935455,0.03602211021029733,0.019429215642673636,0.025305039786976513,0.00576383730634856,1.073903028463617,0.01822680924729488,-0.007772783170475361
2023-12-12,97.88052368164062,101.5999984741211,101.6500015258789,99.9499969482422,100.1500015258789,7378600,0.006438846414350552,100.00799865722657,98.71750068664551,1.301139857080785,1,0.05078080368950544,0.05372329810771692,0.015918724884707025,0.029199460758486673,0.01307263617499218,0.8458947119829734,0.01673232877134067,-0.00792467009952913
2023-12-13,98.38150024414062,102.12000274658205,102.68000030517578,100.91000366210938,101.4000015258789,8988800,0.005118152364868456,100.86199951171875,98.87800064086915,1.5077185935989028,1,0.04363826611188215,0.03245373537178797,0.012472519293226236,0.03278790109731333,0.020065119217525514,1.0601731532803411,0.01733251660263638,-0.0019684739295849907
2023-12-14,100.1324691772461,103.4499969482422,103.80999755859376,102.8000030517578,103.3499984741211,10074500,0.013023836328722282,101.69399871826172,99.11050033569336,1.8210326197409425,0,0.041897431708697974,0.04706471409771562,0.01726747155302033,0.043784428469745285,0.026066848354290385,1.1906710576933872,0.009763117802132787,0.01204461118740241
2023-12-15,99.25167083740234,102.54000091552734,104.76000213623048,102.38999938964844,103.5,16379200,-0.00879648196770988,102.13199920654297,99.31050033569336,1.96874313204779,1,0.02182364200006459,0.0405926523527127,0.003994846983845557,0.0325192257507263,0.02841088164204455,1.8492515415416038,0.023112958118017363,0.00048335479200467546
2023-12-18,99.629150390625,102.93000030517578,103.30999755859376,102.08000183105467,102.83999633789062,5660600,0.0038033878112573305,102.52799987792969,99.47800025939941,2.1288749853777005,1,0.01961370398008766,0.0336412774906818,0.003920884321597207,0.03470114032022065,0.03066004152251837,0.6448559110557712,0.011949827299060458,0.0029256428680004554
2023-12-19,100.5390167236328,103.87000274658205,103.9800033569336,103.08999633789062,103.23999786376952,8498500,0.00913244378334066,102.98200073242188,99.67350044250489,2.344119427442245,0,0.022342562072372063,0.03911568325250969,0.008622885628989385,0.04210248747607537,0.03319337913516391,0.9569773995235663,0.00856847015990144,0.003011731834009712
2023-12-20,96.83184051513672,100.04000091552734,103.08999633789062,99.94000244140624,102.6999969482422,10814100,-0.03687303099816974,102.56600036621094,99.75500030517578,2.3261451717660417,1,-0.020368211663843838,0.01656332885642975,-0.024628038937508978,0.002857005758906128,0.02817903917032328,1.212935919350714,0.03148734373907302,-0.011264135625319804
2023-12-21,99.26133728027344,102.5500030517578,102.72000122070312,101.16000366210938,101.3000030517578,9068200,0.025089985138543547,102.38600158691406,99.95000038146972,2.39119649964679,1,-0.008699796259391768,0.03953371987384924,0.0016017957758074353,0.026013033120209084,0.024372198060501112,1.0077597343964884,0.015212067402927397,0.01259498325369246
2023-12-22,99.84210968017578,103.1500015258789,103.58999633789062,102.70999908447266,102.93000030517578,5566400,0.005850789432139569,102.50800170898438,100.21600036621093,2.4383891029610862,1,0.00594890389023961,0.05438004288307674,0.0062629239297546935,0.02927677365836301,0.022870612820287954,0.6142698786059967,0.008531238394574233,0.0037054826144296005
2023-12-26,101.10041046142578,104.4499969482422,104.95999908447266,103.56999969482422,103.61000061035156,6407500,0.012602960767161386,102.81200103759765,100.57800025939942,2.5051409439161456,1,0.014767284936945568,0.07447791309490914,0.01593195243856349,0.03849745151878703,0.02221162453455581,0.7088424710309384,0.013307797321786613,0.004459516021987131
2023-12-27,101.29400634765624,104.6500015258789,105.37000274658205,104.08000183105467,105.0500030517578,5889700,0.0019148356484472995,102.96800079345704,100.91150016784668,2.583816582001741,1,0.007509374782629807,0.06807509635049747,0.01633517907952564,0.037047327131337404,0.02037924936394529,0.6532523140895068,0.01232681219988676,0.005744433901830659
2023-12-28,101.34239196777344,104.6999969482422,105.5199966430664,104.6999969482422,105.0,5335100,0.0004777393371651062,103.9,101.20250015258789,2.6693005036847453,0,0.04658132736973597,0.05885922184957448,0.007699681888760246,0.03455939122433693,0.026654478331513225,0.5975584008584071,0.007831897982094176,0.003344466975803595
2023-12-29,100.66483306884766,104.0,104.97000122070312,103.66999816894533,104.72000122070312,4409600,-0.0066857399106539095,104.18999938964843,101.5370002746582,2.573291571418919,0,0.01413941399407248,0.06874938453654722,-0.0018235856681203533,0.024257164567392797,0.026128397606920224,0.5089228265667964,0.012500029343824983,0.0001910627797898634
2024-01-02,98.27405548095705,101.52999877929688,102.62000274658205,100.58999633789062,102.25,9020900,-0.023750011737529997,103.86599884033203,101.68600006103516,2.4756566231979247,0,-0.015705309962361858,0.03023841334610622,-0.02249051746593378,-0.001534147096401095,0.021438534095041227,1.0320687366999977,0.01999415377817735,-0.016826923076923128
2024-01-03,96.95765686035156,100.16999816894533,101.25,99.66000366210938,100.33999633789062,6650600,-0.013395061821165566,103.00999908447265,101.8439998626709,2.2522814749002005,0,-0.04097653331112805,0.032573919834341325,-0.02757014795426227,-0.016436920152221424,0.011448874979125119,0.7785618625734007,0.015872979604222008,-0.011720697879579856
2024-01-04,95.95101928710938,99.12999725341795,100.44000244140624,99.12000274658205,99.52999877929688,7996700,-0.010382359334511704,101.90599822998048,101.96599960327148,2.011638596450924,1,-0.052747292804347534,0.025235233740844576,-0.027240800588574587,-0.02781321578651541,-0.0005884449083464517,0.9362156479266266,0.013315845166924762,-0.006389132488243021
2024-01-05,96.4156265258789,99.61000061035156,100.63999938964844,98.8000030517578,99.0,7347300,0.004842160498668369,100.88799896240235,102.053999710083,1.8544610877753365,1,-0.04861505717528192,0.017986736470884557,-0.012667496284935242,-0.02394809715125723,-0.011425331206939985,0.8803626749614925,0.018472004082082348,-0.0013113815900309689
2024-01-08,98.96128845214844,102.23999786376952,102.79000091552734,100.5,100.62999725341795,12455600,0.026402943854059613,100.53599853515625,102.20149955749511,1.7366221670776127,0,-0.016923097463754644,0.029710916719115854,0.016949146111254754,0.0003766902290189833,-0.016296248387254866,1.4828342377134858,0.022398287982934754,0.010239901985909627
2024-01-09,98.62250518798828,101.88999938964844,101.97000122070312,100.20999908447266,101.0500030517578,7764000,-0.0034233028309276214,100.60799865722656,102.27849960327148,1.6835374790563862,0,0.0035457560787932607,0.01534629734871884,0.01274253289531857,-0.0037984543685134486,-0.016332865191850076,0.9400158727564295,0.01727355134727066,-0.011639229625154512
2024-01-10,97.56747436523438,100.8000030517578,102.77999877929688,99.9800033569336,102.5199966430664,6975700,-0.01069777548748696,100.73399963378905,102.27099990844727,1.6900884166272117,1,0.006289357036324494,-0.0014858236851785778,0.0006552248318214549,-0.014383323307744167,-0.015028700961505513,0.8575893032770762,0.027777731523733855,0.006183111759660909
2024-01-11,97.97399139404295,101.22000122070312,102.16000366210938,99.98999786376952,101.6999969482422,7862700,0.004166648375294901,101.15200042724608,102.25200004577637,1.700134881421162,1,0.02108346640969061,-0.0037401305031983245,0.0006722634566773689,-0.010092700627970519,-0.010757732054510822,0.9637687332570509,0.021438507925012885,0.008928510607507434
2024-01-12,97.99335479736328,101.23999786376952,102.37999725341795,100.87000274658205,100.88999938964844,6519700,0.0001975562420988286,101.47799987792968,102.20799980163574,1.7150528361536928,1,0.016363791220061152,-0.008617360547828468,-0.0023453557859483,-0.009470901883853577,-0.00714229732626445,0.8114297377791441,0.014914999394486225,-0.0032602433024589983
2024-01-16,98.4095687866211,101.66999816894533,102.3499984741211,100.1999969482422,100.52999877929688,11185500,0.004247336173934135,101.36399993896484,102.1189998626709,1.693255777723128,1,-0.005575114502483602,-0.017206368601319855,0.0030188057906628263,-0.0043968477396898464,-0.007393334489383817,1.3825679387123968,0.02114686303334272,-0.007013029429613682
2024-01-17,99.64850616455078,102.9499969482422,103.33000183105467,100.0,100.87000274658205,17649500,0.01258973937591601,101.5759994506836,102.13949966430664,1.701084744933159,1,0.010403352291132206,0.003998400907491817,0.013526792795434783,0.007935199277452343,-0.005516966653205206,2.1645483538848613,0.032345817676214424,-0.00786854958956451
2024-01-18,109.40526580810548,113.02999877929688,113.38999938964844,109.4800033569336,111.1999969482422,58783700,0.09791162826476207,104.02199859619141,102.64449958801269,2.972307964944383,1,0.12132931902054933,0.0981249241637594,0.08659706893417907,0.1011793055932737,0.01342009570612771,5.437874940448934,0.03459255131329805,0.08013599071933597
2024-01-19,110.5377426147461,114.1999969482422,115.1500015258789,111.0199966430664,113.22000122070312,37812600,0.010351218097682802,106.61799774169921,103.1609992980957,3.9373374677983923,0,0.12823548281961683,0.09945117867054343,0.07111368968784904,0.10700747109135733,0.03351071109358015,3.080266753450195,0.036164667190703194,0.0016809912718591669
2024-01-22,109.40526580810548,113.02999877929688,115.0999984741211,112.5199966430664,114.77999877929688,17755500,-0.010245168127943072,108.97599792480469,103.81049919128418,4.435321254621013,1,0.11645595776673368,0.12984803823360758,0.03720086011315549,0.08881085882290751,0.049758923940847376,1.4066185659707713,0.02282581490682324,0.005078825276304988
2024-01-23,110.46998596191406,114.12999725341795,114.62000274658205,113.16000366210938,113.5199966430664,11667900,0.009731916181552336,111.46799774169922,104.38949890136719,4.984015472927634,1,0.12255335210853269,0.11292046667044597,0.023881289389330318,0.0933091781698665,0.06780853356734835,0.9149277688603531,0.012792421971507114,0.004335113412911706
2024-01-24,112.78334045410156,116.5199966430664,118.8499984741211,114.61000061035156,115.33000183105467,21859200,0.020941027312404215,114.18199768066407,105.05799865722656,5.659842743301274,1,0.13181155995222116,0.12961701327588604,0.020476073373151937,0.10910162131716383,0.08684725713466557,1.6111502161423112,0.03638858552972534,0.010514366130861985
2024-01-25,112.82205963134766,116.55999755859376,118.83999633789062,116.4800033569336,118.0199966430664,15485300,0.0003432965729470716,114.88799743652343,105.66349868774414,6.212196342717101,1,0.03123063626842626,0.11594065068620729,0.014553305474700462,0.10312453218164652,0.08730071276590468,1.1044094216387306,0.020247023253159233,0.012873326838438892
2024-01-26,113.4996109008789,117.26000213623048,118.04000091552734,116.3000030517578,116.9000015258789,10196400,0.0060055301329671185,115.4999984741211,106.29399871826172,6.722849468604798,0,0.02679514246725545,0.12049689848531209,0.01523812714598205,0.10316672201819022,0.08660883838099276,0.716206558062188,0.01483880122864102,0.0029169867399339022
2024-01-29,113.22858428955078,116.9800033569336,117.87000274658205,115.76000213623048,117.16999816894533,10042200,-0.0023878455926650277,116.28999938964844,106.90799903869629,7.11872002169332,0,0.034946515264054234,0.11728755268982427,0.005933476403015447,0.09421188693833527,0.08775770227966063,0.6939040341956173,0.01803727602839481,-0.0007675589770209656
2024-01-30,112.3380889892578,116.05999755859376,118.01000213623048,115.55999755859376,116.36000061035156,11030800,-0.007864641579233611,116.67599945068359,107.51099891662598,7.365916392202273,0,0.016910543692473468,0.11596151498647855,-0.005279593875261335,0.0795174328963073,0.08524709682183312,0.7451687451741494,0.021109810694247305,-0.005300074617798245
2024-01-31,109.33749389648438,112.95999908447266,114.73999786376952,112.87999725341795,113.5,12853900,-0.026710309661656217,115.96399993896485,108.08249893188477,7.320715943126601,1,-0.030552674743881347,0.11257756764108717,-0.025904598462223483,0.04512756644960403,0.07292115823531353,0.8572272676952051,0.016466011202431356,-0.022057535864597355
2024-02-01,109.75371551513672,113.38999938964844,114.02999877929688,112.61000061035156,113.8000030517578,8807600,0.0038066599562756043,115.33000030517579,108.74349899291992,7.163828099155995,1,-0.027196278614811997,0.13197565600836336,-0.016821303306979063,0.042728994742306625,0.06056915009406398,0.5831847385117387,0.012523134108729402,0.007436295804650106
2024-02-02,112.03803253173828,115.75,115.95999908447266,113.91999816894533,114.86000061035156,10044000,0.020813128345135157,115.02799987792969,109.57449913024902,6.950761577935809,1,-0.012877384519200286,0.16765866243387784,0.006276733689506209,0.05635892400849829,0.049769798547727756,0.6605741352078977,0.017624197974318183,0.012964117017512988
2024-02-05,114.98052978515624,118.79000091552734,119.54000091552734,116.58000183105467,117.12999725341795,13267600,0.026263506829609984,115.38999938964844,110.53349914550782,6.825606838527684,1,0.0154727090669593,0.1925509505837968,0.029465304999246822,0.07469682796480148,0.043936908554278696,0.8559206294831871,0.024917914484886255,0.011922222491731693
2024-02-06,115.55162048339844,119.37999725341795,120.98999786376952,118.27999877929688,120.12000274658205,11503800,0.004966717176053903,116.05399932861329,111.39049911499023,6.805487924339028,1,0.02860589147564019,0.16764475496651277,0.02865905478523767,0.07172513097530908,0.041866229621691925,0.744419667412566,0.022700612722581146,0.011196243966699493
2024-02-07,120.97205352783205,124.9800033569336,125.0,120.0,120.01000213623048,18172500,0.0469090821942979,118.45800018310547,112.5449993133545,7.062638422409748,1,0.10640938712713921,0.2266169801315261,0.055057515437934024,0.11048917428091865,0.052538992454810404,1.1376437861861968,0.04000639994960131,0.005277306896524392
2024-02-08,129.44143676757812,133.72999572753906,134.75,126.11000061035156,127.0,33367000,0.07001113886688048,122.5259994506836,114.19149894714356,7.961672276174816,0,0.1793808664553842,0.32668642538505366,0.09144178645418877,0.17110290135905304,0.0729870487767034,1.9294677671269393,0.064607789319395,0.016162558719873266
2024-02-09,128.84130859375,133.11000061035156,135.1699981689453,130.58999633789062,134.5,16984200,-0.004636170918981275,125.99799957275391,115.78599891662597,8.407946216749083,0,0.1499784070008774,0.3150563031521263,0.05644534882866159,0.1496208682899569,0.08819719786225014,0.9568862575703071,0.03440764638309614,0.005757902468117582
2024-02-12,126.27631378173828,130.4600067138672,133.50999450683594,130.25999450683594,133.27000427246094,14203800,-0.019908300535897427,128.33200073242188,117.24699935913085,8.285140612582312,0,0.09824064069701022,0.2886211918871895,0.01658203697674998,0.11269377832233074,0.09454400909090518,0.7832841154428369,0.024911849093554757,0.001202040878789834
2024-02-13,123.45963287353516,127.5500030517578,129.9199981689453,126.4800033569336,127.93000030517578,14494000,-0.0223057144898956,129.96600189208985,118.54099960327149,7.726399484234044,1,0.06843697425286988,0.25454908378976837,-0.01858946805440731,0.07599905078105729,0.0963801750200785,0.7920618938388962,0.026969774439094468,-0.019392965495091286
2024-02-14,125.12448120117188,129.27000427246094,130.7899932861328,127.95999908447266,129.6300048828125,13069700,0.013484917127012386,130.82400207519532,119.85699996948242,7.151160262629724,0,0.03432549848214861,0.2556581651716905,-0.011878537409680923,0.07853529043255913,0.09150072259864078,0.7232782800966349,0.021892118110365413,0.016307344424058234
2024-02-15,124.89214324951172,129.02999877929688,131.1300048828125,128.35000610351562,130.8000030517578,12554000,-0.0018566216850910422,129.88400268554688,120.65699996948243,7.241614863698101,0,-0.03514542061167747,0.14155534081922538,-0.006575127718519536,0.0693950521887019,0.07647299964691827,0.7966443719619763,0.021545367787315917,0.011835682901905953
2024-02-16,122.627197265625,126.69000244140624,128.63999938964844,125.80999755859376,127.12999725341795,13104400,-0.018135289157780732,128.60000305175782,121.28150024414063,7.193867819182414,0,-0.048230772590395876,0.10936957816929516,-0.014852259448103311,0.04459461819303234,0.06034310915419902,0.9023086525756394,0.02233800439275815,-0.014725269657088313
2024-02-20,121.3108139038086,125.33000183105467,127.05999755859376,124.1500015258789,126.88999938964844,12038800,-0.010734869241008638,127.57400207519531,121.89650039672851,6.973715821111363,1,-0.03932243307379213,0.10882069525431803,-0.01758979265084093,0.028167350359947774,0.046576412448172066,0.845578409753778,0.023218670631135422,0.0015786324444559963
2024-02-21,121.32049560546876,125.33999633789062,125.37999725341795,122.91000366210938,124.43000030517578,11469700,7.974552533251966e-05,127.13200073242187,122.45700035095214,6.763981325127547,1,-0.017326590834893074,0.0982213208993743,-0.014095620175937684,0.023542925097593814,0.03817666910075819,0.8061672352274073,0.019706348041131173,-0.007181054118965857
2024-02-22,124.93087768554688,129.07000732421875,131.47999572753906,129.0,129.69000244140625,17014100,0.029759143891091133,127.09200134277344,123.08450088500976,6.766349142954957,1,-0.0015471257185127874,0.10770692621624911,0.015563575681765585,0.048629245730954285,0.0325589365756753,1.216579824800378,0.0192143456016812,0.03470565047559848
2024-02-23,125.37611389160156,129.52999877929688,131.00999450683594,127.7300033569336,130.5,10123300,0.0035638911364019865,127.19200134277344,123.73300094604492,6.729551430380424,1,0.0038750678503471914,0.11127317683910554,0.018381638875409223,0.04685086265530569,0.027955358475762228,0.7380063847361211,0.02532225106780896,0.011079201941851302
2024-02-26,126.4505386352539,130.63999938964844,131.22999572753906,128.55999755859375,130.02000427246094,9526700,0.008569448164998938,127.98200073242188,124.40200080871583,6.717244438997344,0,0.031178442435259024,0.11410538128656467,0.02076853496597364,0.050143876628836015,0.028777671584324177,0.6962127304902472,0.020437830537504396,0.003782949878653019
2024-02-27,124.4662628173828,128.58999633789062,131.97000122070312,128.58999633789062,130.77000427246094,8851800,-0.0156920013880546,128.63399963378907,124.98250045776368,6.541445791175253,0,0.026011285878942525,0.09924767180534433,-0.0003420813783581167,0.028864007896417965,0.029216083552908084,0.6497170268682264,0.026285130873874518,0.000995138421768793
2024-02-28,123.2950668334961,127.37999725341795,128.5800018310547,126.6500015258789,128.5,6519100,-0.009409745072961995,129.04199981689453,125.54850044250489,6.210134166631599,1,0.016275737794246625,0.09753575678914861,-0.012879547479385689,0.014587962456403814,0.02782589486992316,0.48655446505205807,0.015151517874004304,-0.000699870444463957
2024-02-29,124.54370880126952,128.6699981689453,129.19000244140625,127.1500015258789,128.02999877929688,9369900,0.010127185926695814,128.96199798583984,126.33400039672851,5.485304477645228,1,-0.00309916427190271,0.1390757720591389,-0.0022642314903231764,0.01849064990328042,0.020801981896073834,0.7085365577005966,0.015854518882084674,0.005102853979387145
2024-03-01,129.60597229003906,133.89999389648438,136.64999389648438,130.10000610351562,130.1300048828125,24393000,0.040646582746290294,129.83599700927735,127.35950012207032,4.814161351627378,1,0.033737320762531775,0.18088010068997606,0.03130100265580915,0.05135458107283086,0.01944493253218947,1.741912955053604,0.0489170133796453,0.01134690863949639
2024-03-04,133.826171875,138.25999450683594,141.99000549316406,137.67999267578125,139.94000244140625,26544600,0.03256161918664602,131.35999603271483,128.4849998474121,4.582875062800955,0,0.058328193147490826,0.19447079487547247,0.052527395573327196,0.07607887824284987,0.022376123195058256,1.7900948167729926,0.031173245975861182,0.045108355640339326
2024-03-05,130.6416778564453,134.97000122070312,137.42999267578125,133.72999572753906,137.1199951171875,13694700,-0.02379569952876104,132.63599700927733,129.2939998626709,4.192880877543795,1,0.04961509498801164,0.13620675292932716,0.017597064628409598,0.04389995950361958,0.02584804515411492,0.922204814762065,0.027413476437567395,-0.00824533078939238
2024-03-06,137.03001403808594,141.57000732421875,144.0,138.61000061035156,138.8000030517578,22292700,0.04889980028023633,135.4739990234375,130.40350036621095,4.363833630414306,1,0.11139904519365218,0.1858771199642113,0.044997625704742195,0.08563042346753735,0.03888314840466028,1.448574993177122,0.038073031791998474,0.02837668960817341
2024-03-07,144.41534423828125,149.1999969482422,151.60000610351562,144.14999389648438,144.89999389648438,34675700,0.05389552326962521,139.5799987792969,131.61450004577637,5.877617645715411,0,0.1595554447147869,0.19379095007813452,0.06892103634530322,0.13361367399754176,0.06052143746129847,2.138553250905359,0.04993305870921483,0.023521836547196084
2024-03-08,141.67608642578125,146.3699951171875,158.39999389648438,144.92999267578125,153.89999389648438,43856900,-0.018967841078685987,142.0739990234375,132.2465000152588,6.734210492503895,0,0.09312921425779486,0.09451880500617915,0.030237736132431303,0.10679674018064089,0.07431197806403039,2.6200344045706285,0.09202706613413975,0.03150132067276523
2024-03-11,134.56179809570312,139.02000427246094,144.39999389648438,138.92999267578125,143.6199951171875,29227100,-0.05021514716074138,142.2260009765625,132.54200019836426,6.901679992543169,1,0.005496960768267778,0.04439939625129696,-0.02254156541060215,0.04887510422659691,0.07306363842182109,1.6844425745769744,0.039346864138938176,-0.018788003632836614
2024-03-12,139.76925659179688,144.39999389648438,146.6999969482422,140.57000732421875,144.52000427246094,21218500,0.03869939187657745,144.11199951171875,133.2389995574951,7.368466609076858,0,0.06986732303840837,0.10685257140290672,0.001998406695774113,0.08376672277678798,0.08160523563171715,1.1986542714115718,0.042451453484255865,0.039562651639836854
2024-03-13,137.58172607421875,142.13999938964844,143.22999572753906,141.3699951171875,143.0500030517578,12923100,-0.015650932149318897,144.2259979248047,133.96849937438964,7.496706014627349,0,0.004026220498274835,0.11438648364414572,-0.014463401641664042,0.06099568221946461,0.0765664958427977,0.733292516366034,0.01308569451483352,-0.009348967463906677
2024-03-14,135.14254760742188,139.6199951171875,143.10000610351562,139.02000427246094,142.61000061035156,14961900,-0.017729029712128086,142.30999755859375,134.485998916626,7.512511853774564,0,-0.06420912886732844,0.08006490680476808,-0.01890241365719003,0.03817494937703003,0.05817704969286964,0.844446325770403,0.02922218861009279,0.0033066077298531393
2024-03-15,132.58724975585938,136.97999572753906,137.6999969482422,134.6300048828125,135.44000244140625,22751200,-0.018908462125590275,140.43199768066407,134.88349876403808,7.418365590774726,0,-0.06415248823456321,0.06161355516898426,-0.02458130632717126,0.015543020330222479,0.04113549075660024,1.2481552963430704,0.02241197372743444,-0.029938352828854153
2024-03-18,132.79519653320312,136.63999938964844,141.5399932861328,136.61000061035156,140.17999267578125,14732900,-0.0024820875200411985,139.95599670410155,135.3809986114502,7.169425592585222,0,-0.017119873469058522,0.07853813842054391,-0.023693142077104934,0.009299686005505237,0.033793502334709576,0.8046682325388457,0.03608015733169519,0.023361053059215653
2024-03-19,131.0749969482422,134.8699951171875,136.27000427246094,133.02999877929688,135.3000030517578,17341100,-0.01295377839847256,138.04999694824218,135.85799827575684,6.771848142052415,1,-0.06599722425285293,0.07611899103769892,-0.023035145971404325,-0.007272322359438532,0.01613448380150682,0.9336021621156,0.024023174986762968,-0.009806764811740365
2024-03-20,132.90211486816406,136.75,137.30999755859375,135.00999450683594,136.52999877929688,12750200,0.013939385711247088,136.9719970703125,136.4284984588623,6.303543327091943,1,-0.037920356077059125,0.09103242377118281,-0.0016207478540197773,0.0023565570593349072,0.003983761586396854,0.6840814070931422,0.01681903511340265,0.012308176186015318
2024-03-21,135.52613830566406,139.4499969482422,142.60000610351562,139.0399932861328,142.5500030517578,17809400,0.019744036184586422,136.93799743652343,136.94749794006347,6.089479120265911,1,-0.0012175775310880876,0.08042139176415564,0.018344064896108625,0.01827341898041812,-6.937332688032796e-05,0.9534863924181091,0.025528955864403034,0.04241318502199487
2024-03-22,136.58546447753906,140.5399932861328,141.33999633789062,139.11000061035156,139.39999389648438,9944100,0.007816395566470957,137.64999694824218,137.49799766540528,5.877607341814407,0,0.025989178490520404,0.08499957238165035,0.020995251739651666,0.022123926692591445,0.0011054654279895762,0.5326464990789658,0.015867339078342604,-0.0003585733442243999
2024-03-25,136.28419494628906,140.22999572753906,141.67999267578125,139.25999450683594,140.16000366210938,9922200,-0.0022057604482917936,138.3679962158203,137.9774974822998,5.676416423282161,0,0.026273392519954752,0.07340781064524804,0.013456865479315683,0.016325113053512252,0.0028301624587052433,0.5309110891671333,0.017257350372079212,-0.0027037828531113473
2024-03-26,134.93328857421875,138.83999633789062,140.9600067138672,138.63999938964844,140.61000061035156,10786400,-0.009912282906641035,139.16199645996093,138.4899974822998,5.229360262469727,0,0.029435763063931475,0.07971071072330149,-0.0023138509813126484,0.0025272500682624877,0.004852328614902459,0.5741803554665282,0.016709935072114376,0.002709868746989308
2024-03-27,132.84378051757812,136.69000244140625,139.27999877929688,135.14999389648438,138.86000061035156,13842800,-0.015485407326373046,139.14999694824218,138.95549774169922,4.559847836627412,0,-0.00043873900251367726,0.07308843922697195,-0.017678724834977455,-0.016303747150071324,0.0013997230027163582,0.7227891511660449,0.030214388829079685,0.00014408148219957617
2024-03-28,132.22183227539062,136.0500030517578,136.8000030517578,135.44000244140625,135.67999267578125,10019400,-0.004682122892804674,138.46999816894532,139.32449798583986,3.940205764726914,1,-0.024381455510151806,0.05735606581048103,-0.017476674725126484,-0.0235026501542811,-0.0061331627190314925,0.5222682289433678,0.009996329142559258,-0.007389053680483704
2024-04-01,137.5087432861328,141.49000549316406,142.9600067138672,137.0500030517578,137.2899932861328,14222700,0.03998531657023707,138.66000061035157,139.70399856567383,3.7512311820767397,0,0.006759728564217804,0.056684181797255206,0.02040967020305362,0.012784221968068055,-0.007472928234272968,0.7615544756123942,0.04176976063793361,0.009114224230507784
2024-04-02,136.2744903564453,140.22000122070312,141.0399932861328,139.35000610351562,140.3800048828125,9869200,-0.008975929204570576,138.6580017089844,139.8019989013672,3.737097113989953,1,-7.12722465980864e-05,0.014176238910311056,0.011265123487046003,0.0029899595329165862,-0.008182981655290371,0.5531408560982978,0.012052397431926888,-0.007845081399796783
2024-04-03,138.00439453125,142.0,142.92999267578125,138.38999938964844,138.5800018310547,9707500,0.01269432865355058,139.29000244140624,140.15349884033202,3.586260074009443,0,0.02276003850085795,0.05208563914733477,0.0194557937475357,0.013174848826082997,-0.006161076291855562,0.5502260135183007,0.03197178370516065,-0.011695901978114542
2024-04-04,135.73023986816406,139.66000366210938,146.75,139.42999267578125,144.0,15759500,-0.016478847449933998,139.88400268554688,140.05799865722656,3.5719565665774002,1,0.021728006201303884,-0.01349158411594309,-0.0016013198016719965,-0.002841644168365076,-0.0012423137082339698,0.910107304824588,0.052413054076159336,0.014084507042253502
2024-04-05,137.3824005126953,141.36000061035156,142.0,138.9199981689453,140.0,8263600,0.012172396560687027,140.9460021972656,139.66599884033204,2.878819200195729,1,0.03902974964707395,-0.05254689341991303,0.0029372838294947634,0.012128948950246077,0.00916474566151847,0.5166207839274646,0.021788354681353504,0.002434457460800399
2024-04-08,138.7721405029297,142.7899932861328,146.0,142.75999450683594,145.24000549316406,16307400,0.010115963989862475,141.20599975585938,139.48699874877929,2.5302314677003577,1,0.009187841843935507,-0.024458577239060864,0.011217607842528787,0.02367958710834639,0.01232373642346462,1.1155690822485413,0.022690704149495318,0.027447685809704137
2024-04-09,141.30868530273438,145.39999389648438,148.1699981689453,142.9499969482422,146.25999450683594,18443400,0.018278596071655162,142.24199829101562,139.80599822998047,2.8502037666622657,1,0.036941895811483105,0.045892601265638655,0.022201569461979487,0.040012558383237584,0.017424145543654943,1.3100098907401718,0.0359009727635851,0.02430143135975693
2024-04-10,142.1056365966797,146.22000122070312,148.42999267578125,145.25999450683594,146.6300048828125,18861300,0.005639665465203114,143.08599853515625,139.8969985961914,3.0281015901625246,1,0.029718318455655757,0.012603929370824218,0.021902930528711728,0.045197557402663735,0.02279534207999566,1.3510025990323735,0.02167964808152714,0.008459498197804782
2024-04-11,143.0580596923828,147.1999969482422,147.55999755859375,144.1300048828125,147.1999969482422,11818800,0.00670220024181134,144.5939971923828,140.1499984741211,3.412370214786733,0,0.05398820770744739,0.035598688478411855,0.018022876512585162,0.050303236181789,0.03170887453903388,0.8499217949409417,0.023301581160951306,0.00670220024181134
2024-04-12,138.50973510742188,142.52000427246094,146.50999450683594,142.14999389648438,145.0,12024000,-0.03179342916309169,144.82599792480468,140.29499893188478,3.450069873001653,0,0.008206024738970141,0.020770729527954668,-0.015922511740889544,0.015859477226671803,0.032296226005317334,0.873909929278272,0.030592200951779253,-0.01494563175171626
2024-04-15,136.19671630859375,140.13999938964844,145.47999572753906,139.8800048828125,145.02000427246094,13458800,-0.0166994443689642,144.2959991455078,140.45299911499023,3.36148587054283,0,-0.018558680727536192,0.023069088630976564,-0.02880190566939056,-0.0022285015436768196,0.02736146650290658,1.0123786739139182,0.0399599748045968,0.01754139717271297
2024-04-16,135.86627197265625,139.8000030517578,140.5399932861328,137.05999755859375,137.88999938964844,14218200,-0.002426119162062257,143.1760009765625,140.6109992980957,3.2450797873187995,0,-0.03851438156671039,0.023126490604688632,-0.023579356189431078,-0.005767658649652008,0.01824182810214586,1.071575536044014,0.024892672758030428,-0.016055373268156314
2024-04-17,135.11795043945312,139.02999877929688,142.57000732421875,137.36000061035156,141.1300048828125,18823200,-0.005507898824407498,141.73800048828124,140.81899948120116,2.980246067260692,0,-0.04917249611121066,0.030844545211815122,-0.019105685840462128,-0.012704256588210727,0.006526115158223143,1.4107589934649194,0.0374739751104926,0.009513603734059073
2024-04-18,128.5481719970703,132.27000427246094,135.1300048828125,130.3000030517578,132.88999938964844,39306100,-0.04862256035524459,138.752001953125,140.59499969482422,3.4357295250916535,0,-0.10142658278064276,-0.03276048064013937,-0.04671642635364559,-0.059212599597663784,-0.013108558239621966,2.6792793652524813,0.036516229493010685,-0.044163126257343754
2024-04-19,124.1067352294922,127.6999969482422,131.5500030517578,126.63999938964844,129.3699951171875,28284000,-0.03455059481819511,135.78800048828126,140.00749969482422,4.485927995097691,1,-0.10398545383065494,-0.08425959309530195,-0.05956346297872661,-0.0879060248444462,-0.030137665594630634,1.8615083588201495,0.03844952059082223,-0.021924919192561232
2024-04-22,126.0990753173828,129.75,130.66000366210938,125.77999877929688,126.75,18556800,0.016053274085736202,133.71000061035156,139.46800003051757,5.033879964148292,1,-0.07414014153632076,-0.07677525118536821,-0.029616338286404753,-0.06967906636928278,-0.04128545199548343,1.187653062302057,0.03761082761319846,-0.007439287164801134
2024-04-23,129.67552185058594,133.42999267578125,133.7100067138672,130.66000366210938,131.36000061035156,12573800,0.02836217861873802,132.43599853515624,139.12799987792968,5.2063923041725415,0,-0.04556516621547002,-0.04849178677128341,0.007505467936356647,-0.04095514351638663,-0.048099601436410865,0.7979643778821877,0.02285845176630528,0.012408482546062194
2024-04-24,129.22848510742188,132.97000122070312,136.2899932861328,131.5399932861328,136.08999633789062,15558000,-0.0034474367108439097,131.2239990234375,138.83450012207032,5.385844286858955,1,-0.043587697704102646,-0.04227884811306015,0.013305509741047938,-0.04224093360231662,-0.05481707422824504,0.9726227148476878,0.03572234305778464,0.019935575268844152
2024-04-25,132.7368927001953,136.5800018310547,137.83999633789062,128.86000061035156,130.0,18034300,0.02714898531406118,132.08599853515625,138.82900009155273,5.388205160585474,1,0.03258484478246215,-0.0008047451048859289,0.034023313187902415,-0.016199772806941737,-0.048570554797266505,1.1128505754219247,0.06574897940510387,-0.022335874207999207
2024-04-26,134.4084930419922,138.3000030517578,138.74000549316406,135.9499969482422,136.80999755859375,9453400,0.012593360650490437,134.20599975585938,138.94150009155274,5.350485617505648,1,0.08300709754763647,0.016538037115251036,0.03050536714711738,-0.0046170297526096915,-0.034082691870844894,0.584365650421581,0.020173597132009707,0.0016839634240417567
2024-04-29,134.60284423828125,138.5,138.64999389648438,135.91000366210938,138.0,9997100,0.001446109499848136,135.95599975585938,138.79199981689453,5.317197849411321,0,0.06743737957610785,-0.021132273496932807,0.01871193804399196,-0.002103866341574112,-0.020433454844491238,0.6261524547285718,0.019783322991877256,-0.0021692194153136724
2024-04-30,133.47547912597656,137.33999633789062,139.6999969482422,137.25999450683594,137.94000244140625,10980600,-0.00837547770476088,136.73800048828124,138.64799957275392,5.315487159500171,0,0.029303783832246966,-0.020539187403653236,0.004402549748129259,-0.009433985624703767,-0.013775886347861973,0.6853669664931289,0.017766146107964325,-0.004043303672156995
2024-05-01,131.14303588867188,134.94000244140625,139.42999267578125,133.2100067138672,137.4199981689453,12561800,-0.017474835885242013,137.1320007324219,138.2949996948242,5.315591904947236,1,0.014815380932676092,-0.04971829266615313,-0.015984586233032227,-0.024259714818478217,-0.008409551791234088,0.7771368898130159,0.04609445567940396,0.0005825093431477413
2024-05-02,132.39674377441406,136.22999572753906,136.74000549316406,133.22000122070312,135.60000610351562,9261900,0.0095597544300694,137.06199951171874,138.1234992980957,5.3245587241499726,1,-0.0025626453274512073,-0.024559701021265923,-0.006070273213171218,-0.013708772078457998,-0.007685149824405042,0.5847408270238789,0.02583868738791544,0.00489108974483643
2024-05-03,137.5767364501953,141.55999755859375,142.11000061035156,138.75999450683594,138.89999389648438,13264300,0.03912502384360872,137.71399841308593,138.1334991455078,5.331140719952201,1,0.02357190480766591,0.0014148057963967453,0.027927437949854417,0.02480570197875398,-0.0030369225062487175,0.8244143956005708,0.023664920608161274,0.01959919439684432
2024-05-06,138.81101989746094,142.8300018310547,142.8300018310547,139.80999755859375,140.47000122070312,8601600,0.008971491200649773,138.5799987792969,138.1354995727539,5.332987145080127,0,0.03126355112674872,0.0002801915176346981,0.03066822838212291,0.033984763314431454,0.003217849198198865,0.5477306201513366,0.021144047005146195,-0.007699889493424594
2024-05-07,137.13943481445312,141.11000061035156,142.2899932861328,140.50999450683594,141.8699951171875,8682900,-0.012042296426892252,139.33399963378906,137.92099990844727,5.106903802055927,1,0.027450155620987404,-0.029504769368745798,0.012746357538220066,0.023121937225086597,0.010244993338793572,0.5706410568580732,0.012614263848045775,-0.00672132396247338
2024-05-08,139.55935668945312,143.60000610351562,144.25999450683594,140.8000030517578,141.11000061035156,10202300,0.017645847086626754,141.06600036621094,137.79000015258788,4.912729610478159,0,0.06417669709076623,-0.017918171900661584,0.017963263513010475,0.04216565748235568,0.02377531177875927,0.6901328848931837,0.024094646991755366,0.0
2024-05-09,138.7721405029297,142.7899932861328,143.35000610351562,141.1300048828125,142.94000244140625,8012700,-0.005640757541464869,142.37799987792968,137.56949996948242,4.554019724167295,1,0.04815384103596232,-0.029959264630012195,0.002893659192827247,0.03794804311863076,0.03495324115820693,0.5490862268284543,0.015547316514361953,-0.0045961255853541605
2024-05-10,145.06008911132812,149.25999450683594,150.5,146.92999267578125,147.22000122070312,23671400,0.045311306988705224,143.91799926757812,137.90649948120117,5.150021019732781,0,0.05439387596100409,0.047291538256551746,0.03711832617493349,0.08232748324659234,0.04359112738697585,1.559878116606349,0.023918045394643556,0.031024638580192
2024-05-13,142.29029846191406,146.41000366210938,148.44000244140625,146.3000030517578,148.02000427246094,8278700,-0.019094137408641187,144.63399963378907,138.21999969482422,5.473798966584047,1,0.02506477480333058,0.044741003994353434,0.012279298317249943,0.05925339303550747,0.04640428268793454,0.5550156860129168,0.014616483410431504,-0.008307585957456287
2024-05-14,147.67440795898438,151.9499969482422,152.00999450683594,146.25,146.49000549316406,12316500,0.03783889862415557,146.8019989013672,138.82749938964844,6.274100161070143,1,0.07681947623133545,0.086909825688531,0.035067629088169294,0.09452376234021709,0.057441786006219554,0.8310128755886046,0.037907170928064775,0.0005464232569745153
2024-05-15,151.20225524902344,155.5800018310547,156.0,152.72999572753906,153.36000061035156,14027100,0.0238894699290384,149.197998046875,139.65499954223634,7.308367683644769,0,0.08342615054558666,0.11903907931431479,0.04277539824746568,0.11403102173941226,0.06833266647036534,0.9619947240517198,0.0210181529372384,0.009279392500347594
2024-05-16,147.94650268554688,152.22999572753906,155.05999755859375,152.2100067138672,154.10000610351562,13394100,-0.021532369611059754,151.08599853515625,140.65299911499022,7.60368621396696,0,0.06611109241030433,0.1509033855776012,0.007571827988525515,0.08230892114205202,0.07417544940962528,1.0081618044712102,0.018721611539866758,-0.009512763273689884
2024-05-17,147.41200256347656,151.67999267578125,154.0,150.83999633789062,154.0,7711200,-0.0036129742310589963,151.56999816894532,141.85199890136718,7.339751712680959,1,0.016213307369741914,0.1877838394722775,0.0007257010501071637,0.06928343520381186,0.06850801781323698,0.629124930397058,0.020833358482973692,0.011627171530825597
2024-05-20,149.2293701171875,153.5500030517578,154.24000549316406,150.82000732421875,151.6699981689453,9261200,0.012328655500226438,152.997998046875,143.04199905395507,7.202448652707724,1,0.04876715532448461,0.18342969596730496,0.003607923057357132,0.07346096997595208,0.06960192851586594,0.7853636012481084,0.022272862917446623,-6.589205774354401e-05
2024-05-21,149.34600830078125,153.6699981689453,153.99000549316406,151.9499969482422,152.3000030517578,7919400,0.0007814725809354162,153.3419982910156,144.0539993286133,7.20274389513412,1,0.011319521258621679,0.15169007422750025,0.002139008762017225,0.06675273775909685,0.06447581466457393,0.6850973547788513,0.01327525586796118,-0.008140670629479985
2024-05-22,151.7562255859375,156.14999389648438,157.22999572753906,154.5399932861328,155.8800048828125,13455200,0.016138450947416283,153.45599670410155,145.21299896240234,7.190283429983054,1,0.0036636589453742374,0.17432497904025124,0.017555502881894336,0.07531691385916339,0.05676487504974289,1.1746767722579605,0.01722704160455823,0.01438151064098725
2024-05-23,152.66976928710938,157.08999633789062,160.77999877929688,155.8699951171875,159.17999267578125,20873000,0.006019868576039755,154.42799682617186,146.23849868774414,7.354929509556164,1,0.0319253809810911,0.15016835724022148,0.017237803807784724,0.07420411004982452,0.056000972465632015,1.7999675759206368,0.03125599195729987,0.019404411769017083
2024-05-24,155.49790954589844,160.0,160.66000366210938,156.7100067138672,157.1999969482422,11908200,0.018524436501036856,156.0919982910156,147.32349853515626,7.714031936901596,0,0.054852371611086026,0.15690525285181023,0.02503652814860091,0.08604534640357264,0.059518677217449446,1.0161395197225715,0.024687480926513673,0.0007002394354569397
2024-05-28,154.92449951171875,159.41000366210938,160.3800048828125,157.60000610351562,159.67999267578125,13964400,-0.003687477111816384,157.26399841308594,148.3689987182617,7.870623438403229,0,0.03816346788593883,0.15097475568310026,0.013645877446066823,0.07441584858851447,0.05995187520079565,1.1717631954889585,0.01743929938794463,-0.002000045776367143
2024-05-29,149.9971160888672,154.33999633789062,156.8800048828125,153.2100067138672,156.75,15780000,-0.031804825341860576,157.397998046875,149.21899871826173,7.527323813040915,0,0.004359980327511392,0.12378040231030552,-0.01942846635237161,0.03431867030080915,0.05481205073662176,1.2979754297692885,0.023778659168234826,-0.016686554174778157
2024-05-30,148.65599060058594,152.9600067138672,154.0500030517578,151.88999938964844,153.58999633789062,9687800,-0.008941231416141004,156.76000061035157,150.11999893188477,6.768428451626043,0,-0.020428993322483935,0.1335408622086367,-0.024240838745145155,0.018918250747330667,0.04423129313689662,0.8063963668130413,0.014121362233920139,-0.0048594014370588745
2024-05-31,146.7899932861328,151.0399932861328,152.5,147.80999755859375,151.47999572753906,13782600,-0.012552388490189026,155.55,150.86049880981446,5.926604821976702,1,-0.03851297468200732,0.10871319109642963,-0.02899393580113918,0.0011898043406619596,0.03108501713293069,1.1260542511967175,0.03105139466287864,-0.009675803617717471
2024-06-03,150.58998107910156,154.9499969482422,157.14999389648438,152.4600067138672,155.1199951171875,12924400,0.02588720760005736,154.53999938964844,151.52999877929688,5.566007342124899,0,-0.031562519073486284,0.09458886423126778,0.0026530190255793507,0.022569776258802188,0.019864057510721872,1.0574065460799076,0.030267746208370562,0.027012725188125808
2024-06-04,148.17979431152344,152.47000122070312,153.7899932861328,150.99000549316406,153.39999389648438,10066700,-0.016005135697856443,153.1519989013672,152.0119987487793,5.176747074522569,1,-0.043535551608897216,0.0674928184979724,-0.004453077240626047,0.003012936318801618,0.00749940900699496,0.8186978031049147,0.01836418817178152,-0.010003246739498595
2024-06-05,158.3357391357422,162.9199981689453,163.72999572753906,157.9499969482422,158.58999633789062,23192600,0.06853805249936107,154.8679992675781,153.10249862670898,5.055078652429635,0,0.05559156430372614,0.15456025415815788,0.05199265787281915,0.06412370555867364,0.011531494630755429,1.7811039071994532,0.03547752789257408,0.040139011400207814
2024-06-06,157.5096435546875,162.07000732421875,164.6999969482422,160.36000061035156,164.52000427246094,14819100,-0.00521722842057204,156.68999938964845,154.02599868774413,4.912842377487339,1,0.0595580557693951,0.12862117295029107,0.03433536253447533,0.05222500555105758,0.017295785936145912,1.1182272682169114,0.026778528671307603,0.009820808504162004
2024-06-07,159.76438903808594,164.38999938964844,166.1199951171875,161.9600067138672,163.57000732421875,14023300,0.014314752641360506,159.36000061035156,155.10599899291992,4.681548688173882,1,0.0883872265422121,0.15127114727312851,0.03156374723915589,0.059855843468390235,0.02742641577406572,1.0347126378262277,0.025305605077958683,0.00925525965454721
2024-06-10,163.4282989501953,168.16000366210938,169.83999633789062,162.4199981689453,164.0,12418900,0.022933294521919168,162.002001953125,156.0509994506836,5.305368762536893,0,0.08525335252687816,0.12662474776124855,0.038011886487465674,0.07759645406982818,0.03813498486641903,0.9560192206136616,0.04412463134726503,-0.002372403376704413
2024-06-11,161.04721069335938,165.7100067138672,168.41000366210938,163.7899932861328,168.17999267578125,11508600,-0.014569439194144329,164.6500030517578,157.0159996032715,5.213923323526079,1,0.08683679010403433,0.13182161443216067,0.006437920695186117,0.055370198785873015,0.04861927107922098,0.8750645828319729,0.02788009286580968,0.0001188690130622394
2024-06-12,168.11265563964844,172.97999572753906,176.05999755859375,171.5399932861328,173.36000061035156,20309500,0.043871756195297484,166.66200256347656,158.06749954223633,6.1711837940142535,0,0.061748082934310444,0.13840078447951654,0.03790901985385764,0.09434258293760167,0.05437236020136916,1.498705111994253,0.02613021380564953,0.04616494832260609
2024-06-13,168.57476806640625,172.91000366210938,174.07000732421875,170.50999450683594,172.9499969482422,15591800,-0.00040462520036088634,168.8300018310547,158.93399963378906,6.968661105574819,0,0.06688465384101194,0.11138964922929784,0.024166331734909674,0.0879358983006997,0.06226485346161112,1.143966073839291,0.020588819281616474,-0.00017342340176795812
2024-06-14,168.18479919433594,172.50999450683594,173.63999938964844,170.36000061035156,172.0,9192500,-0.002313395100350113,170.4540008544922,159.9479995727539,7.4037066299190455,1,0.04939470252044309,0.13321946625810832,0.012061867964594297,0.07853799339558543,0.06568385543927692,0.6850095979587943,0.01901338405739095,-0.005262874575421628
2024-06-17,172.7962188720703,177.24000549316406,178.6699981689453,173.47999572753906,177.83999633789062,18593700,0.027418764923447414,172.27000122070314,161.22600021362305,8.076836220484607,1,0.05399620381371717,0.1685127508676625,0.028850085547359017,0.09932644398746238,0.0685001240026229,1.3315792545571017,0.029282341912398677,0.030896771206166074
2024-06-18,175.18478393554688,179.69000244140625,184.86000061035156,178.99000549316406,180.02000427246094,27155100,0.013823047124294385,175.06600036621094,162.53300018310546,8.847550510711354,0,0.08436422159875012,0.17023770022874762,0.026412907506440986,0.10556011541639032,0.07711049552390058,1.8275998530118438,0.03266734396701677,0.015684939591158464
2024-06-20,170.98284912109375,175.3800048828125,183.1699981689453,173.5,182.5800018310547,28403200,-0.023985739329037914,175.54600219726564,163.61850051879884,9.032777611587884,0,0.013874489620485875,0.1412768072659123,-0.0009456057806808138,0.07188370707909231,0.0728982458624622,1.7883296930652737,0.05513740392131205,0.016083250878639266
2024-06-21,169.5984649658203,173.9600067138672,177.47999572753906,172.2100067138672,172.7100067138672,20175600,-0.008096693633314334,175.7560028076172,164.50900115966797,9.135064565251552,0,0.006072540798794268,0.11405708301973738,-0.010218689917043111,0.05744977774818727,0.06836708975597745,1.2439829701175507,0.030294256209934825,-0.015224073979980712
2024-06-24,163.60264587402344,167.80999755859375,171.4199981689453,167.1199951171875,170.42999267578125,19741700,-0.03535300596641788,174.81600341796874,165.0450012207031,8.990192641769921,1,-0.027244780580269135,0.0682411450162943,-0.04007645594450693,0.016752984443274332,0.05920204868367721,1.2214898108122239,0.025624236424033033,-0.020292101068334456
2024-06-25,168.2725372314453,172.60000610351562,172.63999938964844,169.00999450683594,169.9499969482422,13346800,0.02854423821351504,173.88800354003905,165.6750015258789,9.05926616279399,0,-0.026179187800958403,0.07875003814697257,-0.007407051724685809,0.04179872952380803,0.04957297080741083,0.8221553457684114,0.021031313756938286,0.012752514276756388
2024-06-26,167.75584411621094,172.07000732421875,173.69000244140625,170.1999969482422,172.1199951171875,11901500,-0.0030706764806196496,172.36400451660157,166.30800170898436,9.040749506219836,0,-0.042406338770417884,0.07941787448260729,-0.0017056762704448225,0.03464659280385729,0.036414380218543894,0.737813507972651,0.020282474252401837,-0.002781060077369002
2024-06-27,167.3268585205078,171.6300048828125,175.47999572753906,171.14999389648438,173.7899932861328,10864600,-0.0025571129347207178,171.61400451660157,167.17250213623046,8.654512745856325,1,-0.021382141039998914,0.11202545649327034,9.32346183284416e-05,0.026664090622688486,0.026568378911692562,0.6839534151715455,0.02522869957389546,0.009995849879132157
2024-06-28,169.45217895507812,173.80999755859375,176.82000732421875,172.80999755859375,172.80999755859375,11216100,0.012701699083850437,171.58400268554686,168.2150016784668,8.089748027874661,0,-0.0008623197831911789,0.13631008060642502,0.01297320751472597,0.03326098043753234,0.020027946220395505,0.7027008570355447,0.02307122617772991,0.006875212038751188
2024-07-01,168.00930786132812,172.3300018310547,175.3000030517578,170.4499969482422,174.24000549316406,10717000,-0.008515020702650533,172.48800354003907,169.27950210571288,7.043943011076024,1,0.026935250212864803,0.1409561009751219,-0.0009160156401700759,0.018020490888712715,0.018953868568933566,0.6779420848822457,0.028143712945992848,0.0024740115103294436
2024-07-02,171.29481506347656,175.6999969482422,176.7100067138672,171.02999877929688,171.1300048828125,10655500,0.01955547543306646,173.10800170898438,170.3170021057129,6.3124165057007104,1,0.017960548870823212,0.13391416849740945,0.014973283809348592,0.03160573974398728,0.01638708742383304,0.6789238908191242,0.032327877252288924,-0.006963366421933959
2024-07-03,177.91458129882812,182.4900054931641,182.4900054931641,177.8800048828125,177.99000549316406,11808700,0.038645467631522434,175.19200134277344,171.81800231933593,5.339485381978308,1,0.060556736940864386,0.19689121815514676,0.04165717666591218,0.062112252672996915,0.019637051868212792,0.7482484559736253,0.025261660757220358,0.013033628825824373
2024-07-05,179.37696838378906,183.9900054931641,185.0800018310547,182.3000030517578,184.13999938964844,11372900,0.008219628225372588,177.66400146484375,172.8715026855469,5.565296141522325,1,0.07201538343363034,0.12932732360068866,0.03560656056467426,0.0643165740731817,0.02772289651472756,0.748670001359375,0.015109509735843572,0.009041557602156747
2024-07-08,181.9507751464844,186.6300048828125,192.8000030517578,185.1300048828125,190.0,22582400,0.014348602156797563,180.2280029296875,174.09950256347656,5.762594026548724,0,0.07375874520622405,0.15153943634655254,0.03552168280765233,0.07197322298360564,0.03520113656830522,1.4495438401896916,0.041097347523306384,0.03266478790914107
2024-07-09,179.8936767578125,184.52000427246097,188.44000244140625,182.5,188.08999633789065,19935200,-0.011305795183772505,182.66600341796874,175.1060028076172,5.735365163140519,1,0.07073639129509712,0.12245273409302104,0.010149676567072996,0.053761728975028955,0.0431738517762721,1.2557950406830045,0.03219164482911719,0.00782291923527989
2024-07-10,186.2599639892578,191.0500030517578,191.4199981689453,186.6999969482422,188.27999877929688,19293500,0.03538911027584146,185.7360046386719,176.2505027770996,6.508134560078223,0,0.08736486266438259,0.13612035496646535,0.028610491667588667,0.08396855635285672,0.053818296754412145,1.1896133348172542,0.024705580451754392,0.02037716464218109
2024-07-11,179.8741912841797,184.5,193.47000122070312,183.0099945068359,193.08999633789065,21584200,-0.034284234216857556,186.13800354003905,177.19000244140625,6.257876924226582,1,0.011014271720821478,0.11339081844693699,-0.008799941489039953,0.04125513549225812,0.050499469356865966,1.2907608655026366,0.056693803327193586,0.01067779771550259
2024-07-12,182.65272521972656,187.3500061035156,190.3800048828125,182.75,183.07000732421875,19220300,0.015447187552930064,186.81000366210938,177.90850296020508,6.566406156176451,0,0.018261864829806518,0.08307324968726881,0.0028906505584300746,0.053069431680971446,0.05003414987925227,1.1531523856292576,0.040725938800326114,-0.007750637809112448
2024-07-15,180.57614135742188,185.22000122070312,190.05999755859375,184.0800018310547,188.67999267578125,15683100,-0.01136912096835263,186.5280029296875,178.52400283813478,6.649623321089388,1,-0.007555074881955504,0.07119309061290191,-0.007012361084879126,0.03750755235215908,0.04483430779226828,0.9406748247679667,0.03228590696537931,0.0070989406401769095
2024-07-16,181.3755645751953,186.0399932861328,189.58999633789065,185.02000427246097,188.27000427246097,16663300,0.004427124824670559,186.83200073242188,179.20050277709962,6.693677648553769,0,0.008237529690425571,0.07843023134964344,-0.004239142348121394,0.038166692632221944,0.04258636464215046,0.9775650427204013,0.024564567998026955,0.016466920589874867
2024-07-17,166.90765380859375,171.1999969482422,176.5800018310547,170.50999450683594,175.22000122070312,45052600,-0.07976777506687205,182.86199951171875,178.89850234985352,6.91923918676014,1,-0.10389953303553734,-0.0340781333656347,-0.0637748826689889,-0.043032810786510334,0.02215500470827994,2.4526877701781813,0.035455650890308464,-0.05815949503281448
2024-07-18,167.5608367919922,171.8699951171875,178.69000244140625,164.50999450683594,175.5,52903600,0.003913540776217861,180.33599853515625,178.50750198364258,7.09097782339426,0,-0.06845531101795388,-0.043519434681785985,-0.04694572069213521,-0.03718334967828585,0.010243247657351786,2.6914610179338823,0.08250426681458764,0.025116840703319765
2024-07-19,161.61378479003906,165.77000427246094,170.52000427246094,165.22000122070312,169.1699981689453,22585300,-0.035491889323481685,176.0199981689453,178.027001953125,7.619926673171241,1,-0.11518548773962234,-0.054795303585336796,-0.058231985019374655,-0.06884909337456213,-0.011273591995376843,1.1662831177274486,0.031972026996190964,-0.015709530604229194
2024-07-22,165.10403442382812,169.35000610351562,170.8800048828125,166.17999267578125,166.61000061035156,21037200,0.021596197977835407,172.84599914550782,177.79650192260743,7.816613780923179,1,-0.08568186487741813,-0.026500347392686585,-0.02022605706394831,-0.047506535436610875,-0.02784364553614506,1.083929406400105,0.027753244981629087,0.005067239646745714
2024-07-23,165.56224060058594,169.82000732421875,171.5399932861328,167.97000122070312,169.4199981689453,11690700,0.0027753244981629788,169.602001953125,177.89700241088866,7.693407152624454,0,-0.08718547918332509,0.011977890440783678,0.001285393854926209,-0.04540264859558718,-0.04662810696834952,0.6151146562417377,0.021022211232236566,0.0004132982752118597
2024-07-24,155.79345703125,159.8000030517578,165.4499969482422,159.58999633789062,165.08999633789062,19536600,-0.05900367353848268,167.32200317382814,177.2570022583008,8.632353374073908,1,-0.06658875058234293,-0.07415992235875768,-0.044955235888825884,-0.09848411619364095,-0.05604855637801696,1.0114616896576094,0.036670841667340644,-0.027853084338276046
2024-07-25,156.2614288330078,160.27999877929688,163.39999389648438,152.11000061035156,158.16000366210938,25731800,0.0030037278997021577,165.00400390625,176.6675018310547,9.37577080712854,1,-0.06743466961751021,-0.06851867288357139,-0.028629639373097593,-0.09275901273245502,-0.066019487477433,1.2861572080994745,0.07043918999325026,-0.010262824520205105
2024-07-26,157.8798065185547,161.94000244140625,164.58999633789062,159.19000244140625,164.3000030517578,13089200,0.010356898395009084,164.23800354003907,176.18300170898436,9.886259847653244,0,-0.02310431159041093,-0.056458673691831995,-0.013991896206121401,-0.08084207403336463,-0.06779881176434832,0.6506226277415802,0.03334564539381319,0.025081134908145453
2024-07-29,155.99818420410156,160.00999450683594,163.22999572753906,158.6300048828125,162.67999267578125,12663100,-0.011918043136183276,162.37000122070313,175.49300155639648,10.521750781826945,0,-0.055152118453249854,-0.07939706142108216,-0.014534745926738868,-0.0882257805852441,-0.07477791261935957,0.6271870020816916,0.028748147007342358,0.004569533303809603
2024-07-30,150.6653289794922,154.5399932861328,161.14999389648438,152.5500030517578,160.44000244140625,22018000,-0.034185372217292564,159.31399841308593,174.6035011291504,11.508892028826299,1,-0.08997770214974421,-0.10323221932279947,-0.029966011615467525,-0.11490896639109804,-0.08756698815996344,1.0608344061485804,0.05564896608222033,0.002687381721970805
2024-07-31,161.64303588867188,165.8000030517578,166.64999389648438,162.07000732421875,163.77000427246094,19860400,0.07286146146503936,160.51399841308594,174.10850143432617,11.671007939722614,0,0.03754693295003664,-0.056346010634255816,0.03293173611605038,-0.047720233728519745,-0.07808063885018322,0.9361222552927433,0.027623561447317282,0.05972571106068725
2024-08-01,154.21409606933594,158.17999267578125,167.6699981689453,156.83999633789062,163.47999572753906,21095600,-0.04595904846634913,160.0939971923828,172.89300079345702,12.013052211034898,0,-0.013102109555212182,-0.13321284500861874,-0.0119555045796097,-0.0850989227450124,-0.07402846582762641,0.9730465245537928,0.06846631895635974,-0.013992806281761694
2024-08-02,146.10267639160156,149.86000061035156,153.86000061035156,146.88999938964844,151.25,31095300,-0.05259825800145934,157.67799682617186,171.1865005493164,12.754953150464903,0,-0.07459553939074148,-0.18549923291393444,-0.04958203663913274,-0.12458050062668924,-0.07891103375439895,1.3718875835113895,0.0465100840271962,-0.043810804126066305
2024-08-05,144.24057006835938,147.9499969482422,150.0,133.57000732421875,133.86000061035156,31193100,-0.012745253265249445,155.26599731445313,169.25250015258788,13.214254445292342,1,-0.07537027668655116,-0.2072550336097243,-0.047119140653791636,-0.12586226605303108,-0.08263690536639261,1.3505491391483726,0.11105098353958741,-0.1067663147927066
2024-08-06,151.49403381347656,155.38999938964844,157.7100067138672,147.72000122070312,150.44000244140625,24528100,0.050287276748028686,155.43599853515624,167.79599990844727,13.04719828057907,0,0.005500233858182213,-0.15786908849080317,-0.00029593624347834524,-0.07393501946153536,-0.07366088214280961,1.0515234982048123,0.06428988694512836,0.016830047614229793
2024-08-07,151.1527862548828,155.0399932861328,162.64999389648438,154.52000427246094,161.5500030517578,22379000,-0.0022524364816938203,153.28399658203125,165.99549942016603,12.121076205205494,1,-0.06489752453301245,-0.18848473797652565,0.01145583846492304,-0.0659988142588297,-0.0765773944627231,0.9530877184390042,0.052438015841623525,0.039642214340080306
2024-08-08,160.4243621826172,164.5500030517578,164.75,155.5399932861328,159.27000427246094,18889600,0.061339074931936244,154.55799865722656,164.9979995727539,11.31199195592154,1,0.04027064528339608,-0.10813006476012021,0.06464889867454326,-0.0027151633483808446,-0.06327349993673077,0.8091221566881744,0.05597086929843604,0.027283353776476726
2024-08-09,162.92991638183594,167.1199951171875,167.8000030517578,163.24000549316406,166.32000732421875,20519400,0.01561830457469715,158.00999755859374,163.9864990234375,10.041204792778588,1,0.11517412542732708,-0.10797977222990063,0.05765456426398319,0.019108256548011182,-0.03644508237223583,0.8764947727005756,0.027285768859652008,0.01075663469847643
2024-08-12,163.42713928222656,167.6300048828125,169.52999877929688,165.5399932861328,166.0,14727300,0.0030517579016644536,161.9459991455078,163.10699920654298,8.773864301817792,1,0.13301796783040842,-0.09496812559098766,0.03509815473859046,0.027730297892011535,-0.00711802722558208,0.6303696107000141,0.023802454077081325,-0.0067017421607877825
2024-08-13,168.01904296875,172.33999633789062,172.4499969482422,166.33999633789062,168.0,15243500,0.02809754410238674,165.33599853515625,162.42199935913087,7.300233318915294,0,0.109080359191837,-0.07364006365648135,0.04236220704981597,0.06106313810871211,0.017940914331329272,0.6544530153525013,0.03545317825336532,0.0022072129476233826
2024-08-14,165.70849609375,169.97000122070312,172.50999450683594,167.19000244140625,171.8800048828125,11510300,-0.013751857766904463,168.3220001220703,162.3604995727539,7.227207984068861,1,0.09629778496582087,-0.0071845546113585845,0.009790764709530775,0.04686793689335378,0.03671767803747769,0.5325180298456779,0.03129959420616683,-0.0026690928678927417
2024-08-15,169.5984649658203,173.9600067138672,175.44000244140625,170.82000732421875,172.42999267578125,15393500,0.02347476298469342,170.2040008544922,162.4650001525879,7.385326214646702,1,0.05718628676749127,0.012160421574775926,0.022067670798091354,0.07075374111644428,0.04763487947949279,0.7798382418873975,0.026557800292492273,0.014473091942170724
2024-08-16,170.16387939453125,174.5399932861328,175.0,172.25,173.38999938964844,10710000,0.003334022475749876,171.68800048828126,162.90349960327148,7.838349028019367,1,0.04439922442399724,0.052904559254625116,0.01661148589150363,0.07143182136172865,0.05392456826528092,0.5593978977398706,0.015755701305040025,-0.0032766572902949154
2024-08-19,171.05108642578125,175.4499969482422,175.4499969482422,171.10000610351562,174.75999450683594,11511000,0.005213725776977318,173.2519989013672,163.2084991455078,8.21215802578992,0,0.04665031222123095,0.03602002140465199,0.012686711038331744,0.0750052715809888,0.06153784765158063,0.6165745590013538,0.024793336679337825,0.0012604630982335774
2024-08-20,167.72659301757812,172.0399932861328,175.39999389648438,169.85000610351562,175.39999389648438,13555500,-0.019435757887846128,173.19199829101564,163.31949844360352,8.320513903807257,0,-0.0017407627836408812,0.013072581946576456,-0.006651606403588639,0.05339530751461741,0.06044899685276235,0.7224777701710032,0.032259869853273844,-0.00028499887505017973
2024-08-21,167.14161682128906,171.44000244140625,173.0800018310547,169.91000366210938,170.36000061035156,9434800,-0.0034875079524600006,173.48599853515626,163.90149841308593,8.467179170249718,0,0.008648592164180569,0.07284104610359954,-0.011793436421529968,0.0459941129355681,0.058477196455606624,0.516765096940012,0.018490423027313803,-0.009765128698808523
2024-08-22,162.26698303222656,166.44000244140625,173.27999877929688,166.05999755859375,172.0,13546100,-0.02916472193652042,171.98199768066405,164.2094985961914,8.440506344781094,1,-0.04322835124299573,0.03843276584118027,-0.03222427529623284,0.013583281504926159,0.04733282271073769,0.7675653071655143,0.04337900213168324,0.003266434616303382
2024-08-23,166.9856414794922,171.27999877929688,173.2899932861328,167.9199981689453,169.0,12189100,0.029079525756402935,171.3299987792969,164.67649841308594,8.565783779029545,0,-0.018677636256646646,0.05767565886798143,-0.00029183447356706527,0.04009983470529144,0.040403460301425935,0.6924391592747542,0.03135214359796333,0.015380903154546433
2024-08-26,164.83103942871094,169.07000732421875,171.0500030517578,167.82000732421875,170.3800048828125,9611300,-0.012902799339260973,170.0540008544922,165.12949905395507,8.54555240881794,1,-0.03636357785691802,0.05662154320613855,-0.00578635918784054,0.02386313949257568,0.029822059830315745,0.5507736291330729,0.019104486825655773,-0.005254518349477988
2024-08-27,166.27392578125,170.5500030517578,170.5800018310547,165.0399932861328,166.4199981689453,9186000,0.008753744977965994,169.7560028076172,165.92999954223632,8.245991255768221,0,-0.008660720137886102,0.10359784173137787,0.004677302899505964,0.02784308758070897,0.02305793573154922,0.5464947383669826,0.032483192294289295,-0.01567403466299977
2024-08-28,164.95777893066406,169.1999969482422,172.47000122070312,166.1999969482422,171.32000732421875,10581400,-0.007915602927933918,169.30800170898436,166.09999923706056,8.27815466989968,0,-0.01306582746888163,0.020506597309428276,-0.0006379188204455044,0.018663442055512958,0.019313681436839102,0.6473786012170698,0.03705676350797402,0.004514830012798399
2024-08-29,164.90902709960938,169.14999389648438,175.4199981689453,167.50999450683594,168.64999389648438,13213200,-0.00029552631595564094,169.85,166.64849929809571,8.086987491902466,1,0.016282092137268167,0.06935138278320796,-0.004121319420168468,0.015010603809363143,0.019211098302046717,0.8283683496986842,0.04676325124167668,-0.0032506091115713787
2024-08-30,167.39511108398438,171.6999969482422,172.22999572753906,168.75,170.05999755859375,9481400,0.01507539547011949,169.93399963378906,167.74049911499023,7.1170759648839566,0,0.0024521145022105006,0.14573599525517444,0.010392254159020009,0.023604900749327307,0.013076749684017154,0.6376116496236092,0.0202678846208022,0.005379862222556486
2024-09-03,156.46617126464844,160.49000549316406,168.67999267578125,159.8000030517578,168.0,18464400,-0.06528824492907415,168.21799926757814,168.36749954223632,5.691386504559683,1,-0.05074821943197272,0.08475842381604637,-0.04594035006991992,-0.046787498005790185,-0.0008879402204383101,1.2972271176700159,0.055330483644364215,-0.02154919635413577
2024-09-04,156.8366241455078,160.8699951171875,163.8800048828125,158.9499969482422,159.3000030517578,11317400,0.0023676840364967866,166.28199768066406,168.6414993286133,5.138816530127464,1,-0.05675759461366092,0.03526607728337572,-0.03254713462048986,-0.04608298812786471,-0.013991227884848951,0.8338042364333861,0.0306459133723414,-0.007414807157302583
2024-09-05,159.59568786621094,163.6999969482422,164.58999633789062,161.0500030517578,161.5399932861328,10260600,0.01759185626252524,165.18199768066407,169.07449951171876,4.214067713942186,0,-0.032505910751774,0.055856579186809974,-0.008971926440113243,-0.031787777453122446,-0.02302240634924898,0.7912678747833973,0.021624883030706893,0.0041648423527163025
2024-09-06,152.88816833496094,156.82000732421875,165.41000366210938,156.00999450683594,164.88999938964844,14964400,-0.04202803758266849,162.71600036621095,168.6879997253418,4.942420225994219,1,-0.07289380441722793,-0.04697657602052829,-0.03623486951942401,-0.0703546928083002,-0.03540263307914299,1.1717457401634794,0.059941389594755694,0.007269410284610478
2024-09-09,158.69876098632812,162.77999877929688,163.10000610351562,160.25,160.75999450683594,10339000,0.03800530019588688,160.93200073242187,168.47099990844725,5.107408934359073,0,-0.05195106771978675,-0.025969342177441734,0.01148309869053099,-0.03378030125210307,-0.044749536597529116,0.8431733459685647,0.01750833102892308,0.02512426347788277
2024-09-10,158.35752868652344,162.42999267578125,162.88999938964844,157.69000244140625,162.88999938964844,11910800,-0.0021501788066122796,161.31999816894532,168.21099929809571,5.281852664583371,1,0.012087900281739561,-0.03102077226965716,0.006880699971701487,-0.03436758979161425,-0.04096641217224139,0.9826431986641571,0.032013773211340676,0.0006757624473305857
2024-09-11,165.96194458007812,170.22999572753906,170.3800048828125,161.4199981689453,163.8000030517578,15059500,0.04802070678736681,163.19199829101564,168.10549926757812,5.215697504626869,1,0.05818363209082689,-0.012243243908481305,0.0431270988175092,0.01263787603152311,-0.029228674837945275,1.2433552386334692,0.05263471150059881,0.00843446677185522
2024-09-12,167.7487335205078,171.42999267578125,172.14999389648438,169.0,170.60000610351562,13399900,0.007049268509427886,164.73799743652344,168.17849884033203,5.253248713496411,1,0.04722050013222101,0.008589700797744682,0.04062205042790046,0.019333588168938265,-0.020457439134802722,1.0977707305104303,0.018374812057781707,0.0021735909373385986
2024-09-13,168.79576110839844,172.5,174.77000427246094,171.4499969482422,172.24000549316406,8787800,0.006241657644134646,167.87399597167968,168.10549850463866,5.178288565439245,0,0.09998719515019228,-0.008392772232232892,0.0275564062292335,0.026141331095366205,-0.0013771264772317745,0.7399517353223006,0.019246419270833332,0.0047250355946450995
2024-09-16,165.44921875,169.0800018310547,170.55999755859375,166.77000427246094,169.91000366210938,12194300,-0.019826076341711962,169.13399658203124,167.83249893188477,4.960555652120248,0,0.03870256234796754,-0.031282179816102484,-0.00031924244721770467,0.007433023443667031,0.007754741533549405,1.020409785617965,0.02241538470007699,-0.015014471524003592
2024-09-17,163.75636291503906,167.35000610351562,170.24000549316406,166.36000061035156,169.35000610351562,8629100,-0.010231817534918641,170.1179992675781,167.42749938964843,4.6252235558707095,0,0.030290055098106006,-0.046166947766411504,-0.016271018798597048,-0.0004628468227459992,0.01606964141337482,0.7308894403835241,0.02318497007052688,0.0015969024694637568
2024-09-18,163.68788146972656,167.27999877929688,171.60000610351562,167.0,168.4600067138672,9116000,-0.00041832878198666545,169.5279998779297,167.18949966430665,4.496050576798875,1,-0.017329477896268042,-0.02766795333989136,-0.013260352863547653,0.0005412966434610311,0.013987123702854664,0.7869254358799499,0.027498841087300014,0.006632808902707454
2024-09-19,172.43588256835938,176.22000122070312,177.77999877929688,172.6300048828125,174.3800048828125,15855000,0.05344334353565694,170.48600158691406,167.4284996032715,4.847222265212052,0,0.027941484860126042,0.027881467051020126,0.0336332577479439,0.052508991230665325,0.018261538453055722,1.3317558892714905,0.029224797757403092,0.04244384358755959
2024-09-20,170.3418426513672,174.0800018310547,176.02000427246094,173.64999389648438,174.8699951171875,18429800,-0.012143907472615623,170.802001953125,167.8104995727539,5.0615297551987375,1,0.009159430904664756,0.045902422960718336,0.01919181180809182,0.037360607794285405,0.017826669892452875,1.5169158946197052,0.013614489608500042,-0.007660913030098304
2024-09-23,171.00721740722656,174.75999450683594,175.39999389648438,173.6999969482422,174.83999633789062,5794200,0.0039062078850458093,171.93800048828126,167.98449935913087,5.243618288598294,1,0.03359352149437944,0.020317583794609906,0.01641285818458149,0.04033404971026444,0.023534916282354608,0.4897979885500781,0.00972760930234345,0.004365777222207878
2024-09-24,178.06240844726562,181.97000122070312,182.77999877929688,177.0500030517578,179.5,14576100,0.04125662016763898,174.86199951171875,168.62949905395507,6.106556291247167,1,0.08736178418866736,0.07629971809101876,0.040649207539846355,0.07911131944049488,0.03695972823692913,1.2068291022986808,0.03148868323954898,0.02712294370653945
2024-09-25,178.4342803955078,182.3500061035156,183.82000732421875,181.2100067138672,181.52000427246097,8280900,0.0020882831250388367,177.8760009765625,169.21949920654296,6.829165547837449,1,0.0900885188557512,0.06918793808626766,0.025152382009884677,0.07759452639051978,0.0511554626423621,0.6881962243076402,0.014313136950869798,-0.002472918311938521
2024-09-26,182.81805419921875,186.8300018310547,189.3300018310547,183.8000030517578,188.5,15103400,0.024568113943445047,179.9980010986328,170.1009994506836,7.88303010221821,0,0.06020883291825241,0.1041962482316443,0.03795598112602461,0.09834746670739714,0.05818308934051034,1.232039520803729,0.029599093962957315,0.033726315824706976
2024-09-27,174.14833068847656,177.97000122070312,185.94000244140625,177.39999389648438,185.83999633789065,17908400,-0.04742279357446788,180.7760009765625,170.54199981689453,8.071484110221425,0,0.02234604405291596,0.05214311346423317,-0.015521970508813099,0.043555261529616196,0.06000868507849027,1.4334036092021367,0.047985663237318794,-0.005298964210572965
2024-09-30,169.94065856933594,173.6699981689453,176.82000732421875,171.92999267578125,174.27000427246094,13540200,-0.02416139249459981,180.55800170898436,170.6404998779297,8.098335209630651,0,-0.006237104441245478,0.011473507604644606,-0.038148425851216694,0.017753688562696546,0.05811927319803506,1.0664463445216656,0.02815693384000913,-0.020790003499824516
2024-10-01,168.37501525878906,172.07000732421875,175.99000549316406,170.77999877929688,175.30999755859375,11850200,-0.009212822373442453,178.5780029296875,171.21949996948243,7.740473817085733,1,-0.05440453827593883,0.07215403722786906,-0.036443433674365755,0.004967351002005627,0.042977014659642314,0.958300480759511,0.030278412809330323,0.009443193452751908
2024-10-02,172.02490234375,175.8000030517578,176.97000122070312,170.7899932861328,172.9600067138672,11164400,0.02167719863294315,177.26800231933595,171.96600036621095,7.4023725368060616,1,-0.035919949725910616,0.09280790941588823,-0.008281242234194242,0.0222951204155597,0.030831687320947737,0.903400171546018,0.03515362814158108,0.005172309826031896
2024-10-03,175.6259002685547,179.47999572753906,180.7899932861328,175.1199951171875,175.8000030517578,12555000,0.02093283624516107,175.79800109863282,172.75500030517577,7.315413288357294,1,-0.039340609278385785,0.09639584039996119,0.020944462427877175,0.03892793499744385,0.017614545385554813,1.0065806563338817,0.0315912542005667,0.0
2024-10-04,177.2698211669922,181.16000366210935,181.22999572753903,177.5500030517578,179.6999969482422,9993800,0.009360418846458218,176.43600158691407,173.9720001220703,6.504607553397136,1,0.01792438287085396,0.15520976406772302,0.026774592672166087,0.04131701385852571,0.014163207085708358,0.8175295454415312,0.020313494156496935,0.0012257701467583981
2024-10-07,180.54786682128903,184.5099945068359,185.0,180.92999267578125,181.6000061035156,12054200,0.018491889915032145,178.60400085449217,175.05849990844726,6.349750367788121,1,0.062417207647722295,0.13349303286948278,0.03306753277691321,0.05399049234016995,0.02025323504942148,0.9792082143596951,0.02205846536984185,0.002428805655286581
2024-10-08,182.05479431152344,186.0500030517578,186.5399932861328,182.02999877929688,184.9600067138672,10394200,0.008346477647664052,181.39999999999998,176.2395004272461,6.067627503256133,1,0.08124597624499197,0.1454165575388735,0.025633974927000258,0.055665742360417214,0.029281174539439854,0.8495936022598722,0.02424076556226279,0.002438958432761762
2024-10-09,183.1213836669922,187.13999938964844,188.0,182.2599945068359,187.8000030517578,11925000,0.005858620370930101,183.6679992675781,177.08500061035156,6.357404661404251,0,0.06450509750305278,0.09933621621640998,0.018903674760523348,0.056780634975524436,0.03717423064933332,0.9873654481707658,0.030672253456689905,0.009406073481832422
2024-10-10,181.79058837890625,185.77999877929688,187.0800018310547,184.3999938964844,185.86000061035156,6443800,-0.0072672898086307836,184.92799987792966,177.80250091552733,6.493896045751092,1,0.035101421895070484,0.08370767494959419,0.004607192539418659,0.044867185909604146,0.040075358477593095,0.5493533984836898,0.014425707569059051,-0.006839792580269122
2024-10-11,186.71258544921875,190.80999755859375,191.4900054931641,188.0099945068359,188.1699981689453,12163900,0.027075028594829575,186.85799865722657,178.71800079345704,6.979513946422609,1,0.05326779477485055,0.10614491338315224,0.021149744350075883,0.06765964654624423,0.04554660318283701,1.0222971703802004,0.0182380956493621,0.012864675451353058
2024-10-14,188.08251953125,192.2100067138672,194.25,190.5,190.61000061035156,11714400,0.007337189734219818,188.39800109863282,179.87450103759767,7.2109274792206834,0,0.041732222840351385,0.1367991757293927,0.02023379013049431,0.06857840108026836,0.047385816287843684,0.9865090192511747,0.019509910353327366,-0.0010481471138888976
2024-10-15,183.1116180419922,187.1300048828125,193.6199951171875,184.25,192.9600067138672,21812700,-0.026429434751630843,188.61400146484374,180.8635009765625,6.744077215210302,1,0.005804900904808008,0.11819538725957268,-0.007867902544381633,0.03464769769696119,0.04285276159331669,1.7403129782076916,0.050072114961228834,0.0039019820706653885
2024-10-16,183.4541015625,187.47999572753903,190.0099945068359,186.66000366210935,189.77999877929688,18689200,0.0018703085320053159,188.68200073242187,181.8735008239746,6.082907239577539,1,0.0018168020679678598,0.12075560195868551,-0.006370533491360741,0.03082634291507169,0.03743535961864414,1.4362563823541166,0.017868524221619025,0.014161245269799894
2024-10-17,201.41981506347656,205.83999633789065,212.6000061035156,201.97000122070312,203.3500061035156,62274700,0.09793045140151291,192.69400024414062,183.354500579834,7.952480887774835,0,0.10797716487459286,0.168085318987659,0.06822213497614982,0.12263399963976496,0.05093684439035701,4.0613691983363145,0.051642076719449106,0.08464908650328828
2024-10-18,196.4684906005859,200.77999877929688,205.9499969482422,200.7599945068359,205.9499969482422,21030800,-0.02458218834345338,194.68800048828126,184.6895004272461,8.53347668317838,1,0.05225093731077446,0.15337773820886458,0.03129108253069912,0.08712189006320492,0.05413680819919613,1.3600306528771833,0.025849200482919006,0.0005343986217867247
2024-10-21,197.61338806152344,201.9499969482422,203.44000244140625,199.66000366210935,200.80999755859375,14820000,0.005827264548553979,196.63599853515626,186.04900054931642,9.02029612781005,0,0.05067368968398411,0.15558482087468062,0.02702454511214958,0.08546671227460245,0.056904352910154575,0.9312107341830055,0.0187174985710234,0.00014941119374078937
2024-10-22,194.2178649902344,198.47999572753903,200.1699981689453,197.11000061035156,199.07000732421875,11165100,-0.017182477212874026,198.90599670410157,186.8745002746582,9.375812981175773,1,0.060652971456043536,0.09072921028786318,-0.0021417201272029285,0.062103151772037846,0.0643827617559384,0.7091557121139416,0.01541715852712091,-0.014260904518664352
2024-10-23,196.54676818847656,200.86000061035156,203.1300048828125,196.22999572753903,196.67999267578125,16535700,0.011991157466970437,201.58199768066407,187.8,9.809242927502838,0,0.07136764021617226,0.10150805531823393,-0.0035816545059557114,0.06954206927769735,0.07338656911961694,1.0234416076544126,0.03435233064973846,-0.009068939391900788
2024-10-24,193.6796875,197.92999267578125,200.5,197.41000366210935,198.9600067138672,9935800,-0.014587314177371913,199.9999969482422,188.35499954223633,10.062224967749694,1,-0.03842792364378478,0.059412250366319475,-0.010350021520233565,0.05083482337509104,0.06182473220411981,0.6249490913493819,0.015611561927111342,-0.00945929448725924
2024-10-25,199.0713806152344,203.44000244140625,205.1999969482422,200.0,200.25,13434900,0.0278381749584089,200.53199768066406,189.62849960327148,10.28793910350494,0,0.013248349827082784,0.14311401385628697,0.014501450114574821,0.07283453102793258,0.05749925828767395,0.8570963770103797,0.025560346469912495,0.011721353054456207
2024-10-28,190.4994659423828,194.67999267578125,199.7400054931641,194.52000427246097,199.2599945068359,20135300,-0.04305942617233316,199.07799682617187,190.6789993286133,9.623887358039614,1,-0.035999031355886446,0.12097653439483258,-0.022091864598330346,0.020982873631892218,0.04404783708290748,1.2580902243753458,0.026813239249481993,-0.020546637261146583
2024-10-29,192.71095275878903,196.94000244140625,198.7899932861328,193.6000061035156,194.38999938964844,13779100,0.01160884451741695,198.7699981689453,191.92249908447266,8.650356528785089,0,-0.007758934498601988,0.14453416666814456,-0.009206599307726715,0.026143382776217416,0.03567845936321822,0.8557862506288391,0.02635313861215852,-0.0014895895677157212
2024-10-30,190.30377197265625,194.47999572753903,195.4499969482422,192.61000061035156,194.3800048828125,10007800,-0.012491147980964956,197.4939971923828,192.85649871826172,7.782921579238107,0,-0.031763441518598334,0.10625706684590663,-0.015261230759878619,0.008418160757180493,0.024046368698707275,0.6238005094971287,0.014603025505355211,-0.012998870350656166
2024-10-31,186.4483642578125,190.5399932861328,192.86000061035156,187.66000366210935,192.86000061035156,13062700,-0.020259165610667984,196.01599731445313,193.4094985961914,7.149614217488285,1,-0.03733643036987122,0.06162245276283307,-0.027936515913727145,-0.01483642391343809,0.013476580711807117,0.8129305159641551,0.027290842507973697,-0.008329880464708728
2024-11-01,188.80662536621097,192.9499969482422,198.1699981689453,192.5500030517578,194.1999969482422,12691200,0.012648282497261798,193.91799621582032,193.99899826049804,6.547130766740972,0,-0.05156314081438007,0.0650805533660892,-0.0049917969784547545,-0.005407251179963657,-0.00041753846877574783,0.7832369808421316,0.029126691920575848,0.019208585027150615
2024-11-04,187.44647216796875,191.55999755859375,194.36000061035156,190.6000061035156,193.6999969482422,10917300,-0.007203935794937055,193.29399719238282,194.35149841308595,6.189362305791524,1,-0.016026275090237574,0.03820932882579786,-0.0089707888448457,-0.01436315581451797,-0.005441178634267364,0.6761328025327807,0.019628286462500456,0.0038870174234890698
2024-11-05,191.55625915527344,195.7599945068359,198.33999633789065,193.4900054931641,193.5800018310547,10339200,0.021925229702289384,193.05799560546876,194.83699798583984,5.876853564727611,0,-0.005991712805636928,0.052190224648245964,0.013995788637984896,0.004737275417593612,-0.009130721571168813,0.640438852249731,0.02477518890897395,0.010545021393848497
2024-11-06,189.07083129882812,193.22000122070312,194.2599945068359,188.5,192.0399932861328,19834900,-0.0129750375838108,192.80599670410157,195.14099807739257,5.608890117432423,1,-0.006478787199281522,0.03248905552465775,0.0021472595441982545,-0.009844147952587479,-0.011965714003189302,1.1992496716179675,0.029810549997133205,-0.019002867414635083
2024-11-07,196.8697052001953,201.19000244140625,202.0099945068359,196.25,196.30999755859375,14865200,0.041248324036596395,194.93599853515624,195.91149826049804,5.305518745076438,1,0.0558938256037429,0.08294759265455798,0.03208234473491611,0.026943309748412636,-0.004979287760051207,0.8764602684060813,0.028629625910529158,0.015992114265443558
2024-11-08,196.8794708251953,201.1999969482422,206.61000061035156,200.02000427246097,203.88999938964844,13112100,4.967695568702801e-05,196.58599853515625,196.43099822998047,5.288355423030826,0,0.04275719165838088,0.054452070240490924,0.023470635993747102,0.024278238980785405,0.0007890827138917349,0.7709415121968285,0.0327534614207069,0.013420134775476766
2024-11-11,189.8830108642578,194.0500030517578,198.1999969482422,191.4900054931641,197.9600067138672,16610000,-0.03553674952750463,197.08399963378906,196.522998046875,5.2267049490252635,0,0.012998567158586605,0.009572843627385863,-0.015394433782898953,-0.012583743478853826,0.002854635805933832,0.9627486967970492,0.03457867224711344,-0.01610333142901821
2024-11-12,187.65196228027344,191.77000427246097,194.0,189.72000122070312,193.8300018310547,11819000,-0.011749542609843289,196.28600158691407,196.75499801635743,4.879261146514514,0,-0.020382051217495367,0.024795592735404437,-0.023007230663127265,-0.025336046322350758,-0.0023836570057771773,0.7054855846714021,0.02231839539001096,-0.0011337346933432135
2024-11-13,182.6517333984375,186.66000366210935,192.47999572753903,186.5,192.44000244140625,13882200,-0.026646506213200527,194.9740020751953,196.71399841308593,4.9640084693255595,1,-0.03395092390616794,-0.004373757649436705,-0.04264157438733551,-0.05110970664052028,-0.00884531020632684,0.8407009171756199,0.03203683494169421,0.0034937589509220768
2024-11-14,184.4521942138672,188.5,192.66000366210935,187.5399932861328,188.3999938964844,11453900,0.009857475097993618,192.43600158691407,195.8469985961914,4.797687928597055,0,-0.06307471687168964,-0.08424017026033503,-0.020453561466960646,-0.037513970848947586,-0.017416641734246476,0.8197981478154629,0.0271618587584962,0.009321708990881472
2024-11-15,182.01565551757812,186.0099945068359,188.8000030517578,184.80999755859375,188.17999267578125,9834800,-0.013209578213072115,189.3980010986328,195.10849838256837,5.124055173913891,1,-0.07549703117199269,-0.07356312562137513,-0.017888291175958693,-0.046633047515398984,-0.02926831650735402,0.7332940147526694,0.021450489817725515,-0.0016976515873673437
2024-11-18,183.4541015625,187.47999572753903,188.0,183.4900054931641,184.3500061035156,10681500,0.0079028077206309,188.08399963378906,194.3849983215332,5.128772246886708,1,-0.033857290496751014,-0.07165140598844211,-0.003211351882276281,-0.03552230189375294,-0.03241504613088314,0.8089051892538254,0.024055870544130983,-0.008924189303490926
2024-11-19,185.5970764160156,189.6699981689453,190.02000427246097,188.02000427246097,189.1300048828125,9390100,0.01168125928799868,187.66399841308592,193.94449844360352,5.136880121562918,0,-0.010950649511025867,-0.04438733246794069,0.010689315866774685,-0.022039811951155563,-0.03238297595919632,0.7159197431255473,0.010544630248894368,0.008800987800700488
2024-11-20,184.315185546875,188.36000061035156,188.8500061035156,184.05999755859375,188.8500061035156,10624500,-0.0069067199411627644,188.00399780273438,193.31949844360352,5.010059124108283,1,0.009107451595894878,-0.06223240048798351,0.0018935916883571213,-0.025654410823431673,-0.027495936435091777,0.8287069807711432,0.02543007288915142,-0.004323256568491751
2024-11-21,187.1333770751953,191.2400054931641,192.3000030517578,186.7400054931641,189.41000366210935,18137300,0.015289896334042874,188.5519989013672,192.98499908447266,4.908333373243137,0,0.014535838160021797,-0.03379976471567736,0.01425604929918034,-0.009042120369908924,-0.02297069826222642,1.3708547954937966,0.029073402002137386,0.00557444812250707
2024-11-22,185.99826049804688,190.0800018310547,193.0,189.42999267578125,192.9499969482422,8838900,-0.0060656956117419725,189.36600036621093,192.31699905395507,4.279390183981547,0,0.021880584078342036,-0.0656704701633074,0.0037704839488765796,-0.011631822636088418,-0.015344450580347477,0.6798709315160163,0.01878160400793669,0.008941599069025363
2024-11-25,181.1056365966797,185.0800018310547,188.25,183.7100067138672,188.08999633789065,14380000,-0.02630471355131858,188.88600158691406,191.83699951171874,4.531369174548552,0,-0.01280133321515653,-0.049311645807971205,-0.020149718475077627,-0.035222598861859744,-0.015382840287931078,1.1311180567108612,0.02452989648377583,-0.01046930489264608
2024-11-26,179.8922576904297,183.83999633789065,185.8999938964844,182.3300018310547,185.3999938964844,10186600,-0.006699835103178509,187.72000122070312,191.18199920654297,4.698620952169369,0,-0.03073760682942428,-0.0665177513004912,-0.02066910748764983,-0.0384032121178961,-0.018108388866148864,0.8127524243106053,0.0194190172788527,0.001728939173675892
2024-11-27,177.29917907714844,181.19000244140625,182.4499969482422,178.0500030517578,182.0,9895200,-0.014414675529115129,186.28600158691407,190.51749954223632,5.127817635807446,1,-0.03806539682369947,-0.06833604266811943,-0.027355781444105,-0.048958741969853725,-0.022210547406350787,0.7898574613480547,0.024283866864603956,-0.010008683499475368
2024-11-29,180.6946563720703,184.66000366210935,186.9499969482422,181.17999267578125,181.5099945068359,8045300,0.019151173762057994,184.97000122070312,190.22350006103517,5.292381806522103,1,-0.03440703640478582,-0.030859608644960512,-0.0016759342409469191,-0.029247156093441196,-0.027617506978088426,0.655316951427715,0.031246637918511497,0.0017660580667695491
2024-12-02,190.22547912597656,194.3999938964844,195.2899932861328,188.94000244140625,189.33999633789065,16646900,0.052745532552881835,185.83399963378906,190.29599990844727,5.3414022870907,1,0.02272723076501948,0.007514884535764876,0.04609487111925592,0.021566370233802035,-0.023447682961307163,1.3344481189795863,0.03266456298402897,0.025343835064277176
2024-12-03,194.61907958984375,198.88999938964844,199.0,192.6000061035156,193.5,11217700,0.023096736801107687,188.59599914550782,190.6625,5.673825777612797,1,0.07461636817574613,0.03826478348545925,0.054582283244505536,0.04315216358564711,-0.010838528050834203,0.898151406371537,0.03217856059190828,-0.004629598378298461
2024-12-04,196.38043212890625,200.69000244140625,202.6000061035156,198.27000427246097,199.8500061035156,12761100,0.009050244141392882,191.96600036621095,190.90900039672852,6.004405339734477,1,0.0916558226673696,0.02518393989022205,0.04544555837259012,0.05123384452462587,0.005536669131816094,1.0119135411859301,0.021575573164481995,0.004826822448656065
2024-12-05,199.9129180908203,204.3000030517578,205.6300048828125,200.75,201.25,12483700,0.017987944423915936,196.58800048828124,191.46300048828124,6.6997434808026295,0,0.12754567194083988,0.05734396936680852,0.039229263964848604,0.0670469100073583,0.02676757382329691,1.0196352290640596,0.02388646505098773,0.0027903610134105694
2024-12-06,198.660400390625,203.02000427246097,203.19000244140625,199.92999267578125,202.0,9672900,-0.006265290064496831,200.2600006103516,191.55450057983398,6.850382300507235,0,0.09942597339024606,0.009095888507619554,0.013782101536489844,0.05985504729944213,0.045446596160184864,0.807172418166866,0.01605757904157039,-0.011257968758694115
2024-12-09,194.89305114746097,199.1699981689453,203.1300048828125,198.97999572753903,200.92999267578125,9699700,-0.01896367856612191,201.21400146484376,191.45300064086913,6.7136199905923375,0,0.024537059785098903,-0.010089457306597716,-0.010158355189092472,0.04030752979710073,0.05098379649992784,0.8210993505919082,0.02083651751481784,-0.010294609165089175
2024-12-10,187.81829833984375,191.94000244140625,199.91000366210935,190.3699951171875,199.1000061035156,15307900,-0.036300626570304195,199.82400207519532,191.34750061035157,6.68718853002681,1,-0.03494392362396437,-0.01087348918922082,-0.039454717911326154,0.0030964701873017475,0.04429899234537055,1.3030262275322695,0.04970307608407026,-0.00035141871804578173
2024-12-11,190.42120361328125,194.6000061035156,196.0,193.2599945068359,194.6699981689453,9027600,0.013858516350292227,198.6060028076172,191.4890007019043,6.726425325013587,0,-0.030345290068291786,0.014757270522004262,-0.020170572125063457,0.016246392169826374,0.03716663661946881,0.7776789029314143,0.014080192226235447,0.01422317230808856
2024-12-12,187.94357299804688,191.4600067138672,195.4199981689453,191.2899932861328,194.6300048828125,7944900,-0.016135659255725354,196.03800354003906,191.7290008544922,6.629998738520357,1,-0.06284873297156879,0.02571521995920878,-0.023352598697715554,-0.001402991406757259,0.02247444396175133,0.7023721381511334,0.021571110090812345,0.0001541561066598085
2024-12-13,197.2985382080078,200.9900054931641,202.5399932861328,197.27000427246097,198.5099945068359,19477000,0.04977540188609342,195.6320037841797,192.3535011291504,6.8928663761933455,1,-0.009999008652233798,0.06625997609105627,0.027388165562600486,0.04489912745708202,0.01704415378864368,1.662898670500688,0.02622015458301525,0.03682224770578202
2024-12-16,198.5059509277344,202.22000122070312,205.5,200.8699951171875,203.1999969482422,15139300,0.00611968602379509,196.24200439453125,193.16400146484375,7.058738752061212,0,0.01531356670079731,0.08714589104120152,0.03046237142051167,0.04688244024344046,0.015934661253368697,1.2639355546733757,0.022895880006247787,0.010995529104322888
2024-12-17,196.97457885742188,200.66000366210935,202.3999938964844,197.47000122070312,201.0,11169400,-0.0077143583679993855,197.9860046386719,193.82300186157227,7.115167490313604,0,0.04543086959355991,0.07030087601305768,0.01350600022621573,0.03527446038329374,0.021478373243196507,0.930604967381252,0.0245688856065351,-0.006033039330128442
2024-12-18,191.96823120117188,195.55999755859375,205.2400054931641,193.9600067138672,203.0,14721100,-0.025416156734968887,198.1780029296875,194.11750183105468,7.055873513117289,0,0.0049331522351931945,0.03105393286502811,-0.013210373161458233,0.007431044155897348,0.02091774858181911,1.1998761090077716,0.0576805017392025,0.011661498530773251
2024-12-19,191.06515502929688,194.63999938964844,198.57000732421875,193.9499969482422,198.3999938964844,10553400,-0.004704429231083718,198.81400146484376,194.43150177001954,6.924684806765891,1,0.016609174575731078,0.03334040538833882,-0.020994507652588035,0.0010723448501441801,0.022540070178586568,0.8604277353296436,0.023736181619728618,0.014522378673275105
2024-12-20,193.5879364013672,197.2100067138672,198.0800018310547,191.97999572753903,192.6000061035156,16170100,0.013203901213922009,198.05800170898436,194.7300018310547,6.90852383233578,1,-0.018806899228755225,0.031217324039015004,-0.0042815487776312056,0.01273560755658032,0.01709032941322006,1.3290200038053954,0.030931524242409147,-0.010480853331945372
2024-12-23,203.5515289306641,207.36000061035156,208.0500030517578,200.91000366210935,201.0,17847000,0.05146794559573764,199.08600158691405,195.59400177001953,7.362031972690745,0,0.025417858563054008,0.09090908361130778,0.041559923638455176,0.060155213011933606,0.017853307285979208,1.4144819748061002,0.03443286732558021,0.01921805769030649
2024-12-24,202.5404510498047,206.3300018310547,207.1999969482422,204.5500030517578,205.9199981689453,7634500,-0.004967200888624346,200.22000122070312,196.65650177001953,7.2979094272750515,0,0.02825674307518211,0.11481521390624083,0.030516434787234425,0.04918983086736617,0.018120425303054244,0.6216986636471387,0.01284347343075303,-0.006944456197760851
2024-12-26,199.33050537109375,203.05999755859375,208.16000366210935,202.88999938964844,205.5,8044900,-0.015848418763348082,201.72000122070312,197.61750183105468,6.76757626924845,0,0.03835140158330619,0.10454744127266791,0.006642853112143854,0.027540555249969234,0.020759797850069543,0.6608817232920781,0.025952941671538377,-0.004022690949880836
2024-12-27,197.92677307128903,201.6300048828125,204.5,199.0500030517578,204.5,10664400,-0.007042217536561424,203.11800231933594,198.639501953125,5.598634430282906,0,0.03591248209557807,0.11280976966715484,-0.007325778215286238,0.015054925633035454,0.022545869890812427,0.8733122383600951,0.027029692090766597,0.007091512157586521
2024-12-30,196.70953369140625,200.38999938964844,201.97000122070312,198.47999572753903,199.83999633789065,11235200,-0.006149905585157156,203.75400085449218,199.42600173950194,4.535333056431135,0,0.01612490526606547,0.08518355580844572,-0.016510112443122504,0.004833861390881822,0.021702280932471566,0.9081932772260141,0.017416066189899767,-0.008877689339749861
2024-12-31,193.86280822753903,197.4900054931641,201.77999877929688,197.36000061035156,200.7899932861328,6427900,-0.014471749614837104,201.78000183105468,199.58050231933595,4.405890738346864,1,-0.04759835594201267,0.015895121881151386,-0.021260760724358008,-0.010474454177026749,0.011020613166908706,0.5419821357278276,0.022380870150405185,0.0019960771380942433
2025-01-02,197.8777008056641,201.5800018310547,203.77000427246097,196.69000244140625,197.0,10951400,0.02070989024319081,200.8300018310547,199.71500244140626,4.424721157503249,1,-0.023021373323542926,0.013525076422451043,0.003734501783408506,0.00933830391733137,0.00558295258752811,0.9244285524961867,0.03512254076169969,-0.0024811660313668327
2025-01-03,204.77859497070312,208.61000061035156,208.8000030517578,203.6999969482422,204.1000061035156,10261900,0.03487448514455682,201.94000244140625,200.11100234985352,4.850496653828442,1,0.027331838463931613,0.039463840114594806,0.03302960328962379,0.04247141916584507,0.009139927690507955,0.8754610035566484,0.024447562861770848,0.012501261283710763
2025-01-06,215.9691925048828,220.0099945068359,222.1999969482422,215.69000244140625,218.77000427246097,24339900,0.054647398797422087,205.61600036621093,200.89650192260743,6.541772689072411,0,0.09115701621247241,0.07689667753503704,0.07000425120121334,0.09514099250763297,0.0234921882583183,1.976520400307929,0.029589539881715084,0.04870333940071547
2025-01-07,207.5369873046875,211.4199981689453,221.47999572753903,211.32000732421875,221.2400054931641,17010000,-0.039043664162373704,207.8220001220703,201.31650161743164,6.942651262640329,0,0.05504266087575349,0.041375203032757435,0.017312883355764086,0.050187125597451976,0.0323147802210535,1.3413371972676464,0.048055947835178095,0.0055907050454018226
2025-01-08,203.31594848632812,207.1199951171875,210.3000030517578,205.9199981689453,209.97000122070312,13262700,-0.02033867698892744,209.747998046875,201.71400146484376,7.040187877695183,1,0.04876190873546116,0.03991563499186568,-0.012529334983689355,0.02680028958369518,0.039828651078698055,1.0313522466809621,0.021147185139388954,-0.006858371775613659
2025-01-10,204.54295349121097,208.3699951171875,209.97999572753903,203.22999572753903,207.6000061035156,17265200,0.006035148848341443,211.10599670410156,202.5355010986328,6.793939339918103,0,0.033683863599840436,0.08559962731477433,-0.012960321495504412,0.02880726582207105,0.042316016495769805,1.332459700603285,0.03239429936255358,0.0023175502010635007
2025-01-13,197.6617431640625,201.36000061035156,203.58999633789065,200.0500030517578,200.52000427246097,16612400,-0.033642053419896234,209.65599670410157,202.8735008239746,6.541846945179958,1,-0.03475384678964544,0.03473789462904775,-0.03956956263673472,-0.007460314962160819,0.03343214294907774,1.245622019955566,0.017580419524248134,-0.03767332643220389
2025-01-14,197.75006103515625,201.4499969482422,206.2599945068359,198.5,205.19000244140625,14182900,0.00044694247923038333,205.94399719238282,203.37300033569335,5.981937671760273,1,-0.08435979283667061,0.05217794779097029,-0.021821467512561532,-0.009455549086048731,0.01264178063187205,1.0391522017389418,0.038520698061016385,0.019020668551079645
2025-01-15,203.0018310546875,206.8000030517578,209.0399932861328,199.3500061035156,202.4900054931641,18286500,0.02655748912664513,205.0199981689453,203.66350021362305,6.00116597215872,1,-0.021852214346798293,0.028906897854636515,0.008682103690907716,0.015400417035182468,0.006660486311486451,1.345683513987963,0.04685680386664216,0.005162613852950804
2025-01-16,210.84506225585935,214.7899932861328,221.9499969482422,213.1699981689453,218.88999938964844,38539600,0.03863631584364757,206.5539978027344,204.29199981689453,6.4810687520464985,0,0.03703166449287365,0.06215998412397794,0.03987332886804773,0.05138719812154924,0.011072376734611575,2.6112573870080804,0.04087713140155736,0.05846226382726294
2025-01-17,207.6154937744141,211.5,215.67999267578125,211.05999755859375,215.1699981689453,21606100,-0.015317255873042668,207.17999877929688,204.83399963378906,6.613261739021539,1,0.015021380026678965,0.05402170906038695,0.020851439550905182,0.032543427253916235,0.011453172567552726,1.4139326627993,0.02184394854462175,0.00176919267512754
2025-01-21,214.68324279785156,218.6999969482422,220.1499938964844,212.0500030517578,214.4600067138672,19061300,0.0340425387623744,210.647998046875,205.9909996032715,6.922332943350686,1,0.08611440348296862,0.11832685456398218,0.03822490114325894,0.061696857481383205,0.02260777632310464,1.2299307033581723,0.03703699569160737,0.013995303611665122
2025-01-22,219.10060119628903,223.1999969482422,225.42999267578125,219.30999755859375,221.9499969482422,17294500,0.02057613197436381,214.997998046875,207.41899948120118,7.387670685304205,1,0.1079672391635138,0.14673241701681117,0.03814918732210204,0.0760826997840729,0.036539558018457846,1.0921747631184748,0.02741933333720728,0.014860539759262714
2025-01-23,220.49452209472656,224.6199951171875,224.6999969482422,219.41000366210935,220.1000061035156,8986800,0.006361999051794687,218.56199645996094,208.78949890136718,7.917539587482819,0,0.0861701731260116,0.13898883155097486,0.027717529832943066,0.07582036596246011,0.04680550319827299,0.5807018785190124,0.023550856562760476,-0.013888848060537584
2025-01-24,217.80482482910156,221.8800048828125,226.3999938964844,220.9600067138672,226.22000122070312,13183800,-0.012198336274317434,219.97999877929686,209.51549911499023,8.42876523563152,0,0.03300904054331211,0.0700231685461139,0.008637176625416298,0.05901475461267025,0.049946183974500645,0.8649314634417564,0.02451769903957945,0.007123168632787502
2025-01-27,188.77793884277344,192.30999755859375,207.0,187.6699981689453,197.0399932861328,68667500,-0.13327026624069327,216.14199829101562,208.8144989013672,9.250580207753769,1,-0.09073287206338654,-0.06794942154820838,-0.11026085129616614,-0.07903905825317847,0.03509095119448366,3.753502809216778,0.10051480461989579,-0.11195245650818841
2025-01-28,198.68263244628903,202.3999938964844,202.83999633789065,192.4600067138672,195.6499938964844,31738800,0.05246735201489661,212.88199768066406,208.78149871826173,9.273338290450619,0,-0.07453133643900034,-0.00325028892960022,-0.04923856360979517,-0.030565470891598445,0.019640145259881035,1.6293905109826305,0.051284535262052504,0.017367772764247613
2025-01-29,198.61392211914065,202.3300018310547,206.4499969482422,199.75,204.4900054931641,15199500,-0.0003458106103773062,208.70799865722657,208.81649856567384,9.246207490398175,1,-0.09350356363144141,0.003471690379857062,-0.03055942688927238,-0.03106314289902301,-0.0005195945205122168,0.7713252437937358,0.03311420396188538,0.01032614456376213
2025-01-30,204.3270263671875,208.1499938964844,209.6199951171875,205.4199981689453,206.57000732421875,13539000,0.028764849566350614,205.41399841308595,209.20449829101562,9.034385105711108,1,-0.07332384284003945,0.03872445995544438,0.013319420801577442,-0.005040543597988778,-0.01811863467991434,0.6830673806946561,0.020177742355980556,0.020955891142157235
2025-01-31,205.4755401611328,209.32000732421875,215.0,208.1999969482422,209.92999267578125,15746900,0.005621011107577623,202.9019989013672,209.79599838256837,8.604064902821401,0,-0.056607162800574984,0.05990177478355552,0.03163107538418797,-0.002268828109302845,-0.03286049083085843,0.7762127507814797,0.032486159057051774,0.008551519728518864
2025-02-03,196.13038635253903,199.8000030517578,204.9900054931641,197.97999572753903,199.6300048828125,17719800,-0.04548062267987252,204.4,209.7069984436035,8.702170412040546,1,0.03894756168816427,-0.008830234959461447,-0.022504877437584114,-0.047242082836400856,-0.02530673026170233,0.8591311961961198,0.03508513342619483,-0.04629276754418066
2025-02-04,200.30230712890625,204.0500030517578,205.75,202.0800018310547,204.07000732421875,12692900,0.02127127094637249,204.7300018310547,209.47899856567383,8.791701055254114,1,0.008152219392443705,-0.02185895951896888,-0.003321441768256439,-0.02591665776086849,-0.022670514787334544,0.6118002265891062,0.01798577855455561,0.02137139242863184
2025-02-05,204.7393341064453,208.57000732421875,210.47999572753903,203.8300018310547,206.0,10997800,0.022151454079196498,205.9780029296875,208.90699920654296,8.435410530931083,1,0.030840732648114377,-0.05199757951115125,0.0125838893360668,-0.001613119156390952,-0.014020575126636165,0.5477073860665249,0.031883749642617774,0.009556466155737242
2025-02-06,206.63385009765625,210.5,211.17999267578125,207.0,210.05999755859375,8491400,0.009253452596283962,206.44800415039063,208.8609992980957,8.4234854443517,0,0.01128996479665667,-0.004351519141581606,0.01962719797793544,0.00784732768402141,-0.01155311501819029,0.43204942359659243,0.019857447390884797,0.007143837474478554
2025-02-07,202.33428955078125,206.1199951171875,213.17999267578125,205.72000122070312,213.0099945068359,11616200,-0.020807624146377712,205.80800170898436,208.8109992980957,8.437320109442055,1,-0.015287655718809079,-0.004828119078673199,0.0015159440138985403,-0.012887272174137543,-0.014381414768406462,0.5935279689363765,0.03619246861924686,0.011923964403020904
2025-02-10,204.1306915283203,207.9499969482422,209.97999572753903,206.52999877929688,208.0,9296500,0.00887833240057212,207.43800048828126,208.78999938964844,8.438998014825948,1,0.04079075961962397,-0.002015636506153884,0.0024681902966465774,-0.0040231928917180415,-0.006475400667270715,0.48487431029348027,0.016590512136919377,0.009120924351582849
2025-02-11,204.9062042236328,208.7400054931641,209.83999633789065,201.0,205.1300048828125,9224500,0.0037990312888465105,208.3760009765625,209.15899963378905,8.25638973069154,0,0.022984574228193777,0.03665079886989808,0.0017468639137696584,-0.0020032326668160128,-0.0037435570957859254,0.4905705631603285,0.04234931544150098,-0.01356091419482719
2025-02-12,202.58953857421875,206.3800048828125,207.07000732421875,203.0099945068359,204.8999938964844,7373700,-0.011305933449488603,207.93800048828126,209.40550003051757,8.085953697697162,0,-0.010500083255028714,0.024472613597690707,-0.00749259684045378,-0.0144480214094862,-0.0070079321795389615,0.39937377983340333,0.019672510521008144,-0.01839614590220673
2025-02-13,198.12310791015625,201.8300018310547,202.3000030517578,199.22999572753903,201.8800048828125,15580900,-0.02204672421798526,206.2040008544922,209.15699996948243,8.245045752264605,1,-0.04118763975745987,-0.02403288755977062,-0.021211998823068456,-0.03503109214368538,-0.014118576549774088,0.8501203767485319,0.015210857139012372,-0.021804437898696682
2025-02-14,200.15509033203125,203.8999938964844,206.25,197.4600067138672,199.97999572753903,23220300,0.010256116764852719,205.76000061035157,208.6125,8.212989405404924,0,-0.01077043117258436,-0.05070068313257625,-0.009039690456598803,-0.022589759019788436,-0.013673674346687965,1.3221967314489143,0.043109335700104535,-0.009166160069027929
2025-02-18,199.0164031982422,202.7400054931641,205.8500061035156,200.52000427246097,204.7599945068359,14988100,-0.005689006562252352,204.71800231933597,208.17450027465821,8.284171224905219,0,-0.025054058819605762,-0.04141841374390498,-0.009662056115057438,-0.026105477732979,-0.016603848938087352,0.8698329349237218,0.026289837657296235,0.004217756920523064
2025-02-19,197.25926208496097,200.9499969482422,202.6000061035156,200.02000427246097,202.0099945068359,13163100,-0.008829084030888334,203.16000061035157,207.2870002746582,8.044535928766779,0,-0.03731919296695152,-0.08116140945443517,-0.01087814360833772,-0.03057115650291331,-0.019909592298785216,0.7772214382295806,0.012839023987241713,-0.003600724901592245
2025-02-20,196.4248809814453,200.1000061035156,200.33999633789065,197.61000061035156,200.27999877929688,10639300,-0.0042298624415780806,201.90400085449218,206.1320007324219,7.259569187980317,0,-0.03042929853046006,-0.1034945840527195,-0.008934913341695938,-0.029262776315533645,-0.020511128126185673,0.6407927561562915,0.013643156643017849,-0.0033341536656896764
2025-02-21,194.5990447998047,198.2400054931641,202.69000244140625,196.0099945068359,201.3300018310547,13757300,-0.00929535509054058,201.18600158691407,204.8130012512207,6.013178557676696,0,-0.017787228386866194,-0.11744274863090698,-0.014643146493854231,-0.03209266852153714,-0.017708835094202822,0.8168513403949028,0.03369656855059302,0.006146904997607949
2025-02-24,188.1300506591797,191.6499938964844,198.7899932861328,191.4600067138672,196.8800048828125,15114300,-0.033242591878897665,198.73600158691406,203.3015007019043,5.248044660492492,0,-0.06007847163653701,-0.13624486353465826,-0.03565538017192471,-0.05731146482044025,-0.02245679003464179,0.8923103081225547,0.03824673522413342,-0.006860374155904125
2025-02-25,185.89195251464844,189.3699951171875,193.52999877929688,187.47000122070312,190.6499938964844,20581000,-0.01189668067784233,196.06199951171874,203.15450057983398,5.601404937493559,1,-0.06594658189662228,-0.015287829435443046,-0.03413208276564195,-0.06785232629995097,-0.03491185795969156,1.4160525634087917,0.032000832839667405,-0.005217845196176407
2025-02-26,191.04551696777344,194.6199951171875,196.0800018310547,191.08999633789065,191.08999633789065,14112300,0.02772350496577425,194.7959991455078,202.76550064086913,5.917774707599566,0,-0.031500382817547745,-0.03843873030587097,-0.0009035299959566645,-0.04017204848919864,-0.03930403086408974,1.0336606424790922,0.02563973701756275,0.009082754739676568
2025-02-27,177.76402282714844,181.08999633789065,194.77000427246097,181.0800018310547,194.69000244140625,24219200,-0.06952008590458525,190.9939971923828,201.70350036621093,7.651838541421905,0,-0.09500254465654889,-0.10497704394279306,-0.051855037331441034,-0.10219705652551692,-0.05309527675218355,1.717220096109361,0.07559778407561782,0.00035971290707625947
2025-02-28,177.21432495117188,180.52999877929688,182.16000366210935,175.52000427246094,179.30999755859375,27929400,-0.0030923715827400056,187.45199584960938,200.32250061035157,8.82901530039427,0,-0.08933618958398337,-0.13269275007004466,-0.03692677177929826,-0.09880318871195204,-0.06424892222055817,1.8841623409718993,0.03678058735139083,-0.009829360071197168
2025-03-03,169.79315185546875,172.97000122070312,181.57000732421875,171.07000732421875,181.1499938964844,37403000,-0.04187668315356308,183.71599731445312,198.50500030517577,10.4685409955273,1,-0.09746931004793491,-0.17365758088863714,-0.05849243533951409,-0.128636553463217,-0.07450191666701832,2.3514951857940845,0.06070416792448536,0.0034343052200731528
2025-03-04,176.6940460205078,180.0,183.6000061035156,174.17999267578125,175.05999755859375,29395200,0.04064287870546335,181.8419982910156,197.5150001525879,11.246923928144927,1,-0.04947982974488163,-0.09909911285951611,-0.010129663709852799,-0.0886768100602835,-0.07935094473566207,1.7826270996287406,0.05233340793185748,0.012082998919701993
2025-03-05,180.8954315185547,184.27999877929688,184.7400054931641,180.72000122070312,183.0,17334000,0.023777770996093794,179.7739990234375,196.52649993896483,11.508095558016402,0,-0.053129157318417164,-0.09688803713198779,0.025064802364839878,-0.06231475736590919,-0.08524296174169967,1.036606241823958,0.021814653240124708,0.016666666666666607
2025-03-06,172.62026977539062,175.85000610351562,181.5500030517578,175.7899932861328,178.5800018310547,17864300,-0.04574556507284022,178.7260009765625,194.8904998779297,12.020225077301708,1,-0.028935834890613576,-0.15687778717790624,-0.016091642275507634,-0.09769841929873513,-0.08294144102196822,1.0468262897592762,0.0327552434785491,-0.030931175309311776
2025-03-07,173.8473358154297,177.10000610351562,178.47000122070312,171.02000427246094,175.7899932861328,21012700,0.007108330717169098,178.04000244140624,193.22050018310546,12.057532265489654,0,-0.01899957181063583,-0.15866980473389247,-0.005279691782749674,-0.08343055764948981,-0.07856566838049488,1.1877443472809888,0.042066610341547,-0.0003412727625808909
2025-03-10,167.51577758789062,170.64999389648438,174.88999938964844,167.91000366210938,172.47000122070312,18265100,-0.036420169309656525,177.5760009765625,191.4470001220703,12.654149179083134,1,-0.013412772780515336,-0.17208423278167173,-0.03900305808211246,-0.10863061950474728,-0.07245346825316343,1.0133929141114677,0.040902408304644304,-0.02614344846553107
2025-03-11,167.82989501953125,170.97000122070312,173.3300018310547,168.10000610351562,170.64999389648438,16561100,0.0018752261099572731,175.77000122070314,189.59800033569337,12.81652903387043,1,-0.05016665988498259,-0.17783119148947724,-0.02730841421553476,-0.09824997669811064,-0.0729332539926952,0.9006990831535862,0.03059013680878275,0.0
2025-03-12,173.916015625,177.1699981689453,178.1300048828125,174.75999450683594,175.60000610351562,14737600,0.03626365388065178,174.3480010986328,188.0194999694824,12.26722316910161,0,-0.03858259527593588,-0.15124080910907445,0.016186001861392407,-0.05770413070079483,-0.07271319662624694,0.7896865360899703,0.01902133775924633,0.02708080277098257
2025-03-13,168.43849182128906,171.58999633789062,173.88999938964844,170.5,173.88999938964844,14381600,-0.03149518478706381,173.49599914550782,186.27999954223634,11.990157664365706,1,-0.024225246617946117,-0.16857257351397237,-0.010985860290753324,-0.07885979837043622,-0.06862787431900291,0.7564091707827122,0.019756392924986942,-0.018513285619437325
2025-03-14,170.892578125,174.08999633789062,174.3699951171875,171.92999267578125,172.64999389648438,11449400,0.014569613924794611,172.8939971923828,184.89299926757812,11.697574978583939,1,-0.016996101986951007,-0.13744242799137618,0.006917528456334976,-0.05842840438784447,-0.06489700595872908,0.6088029004996434,0.014015753304230407,0.00617750207597445
2025-03-17,173.0030975341797,176.24000549316406,177.16000366210938,173.82000732421875,173.9499969482422,9678100,0.012349986791317269,174.01199951171876,183.5099998474121,10.942881982860513,0,0.032757174313587045,-0.1356546798984345,0.012803749096022887,-0.03961633894770322,-0.05175739928936244,0.5338373423581323,0.018951408498566892,-0.0008041782560367361
2025-03-18,170.6123809814453,173.1300048828125,174.5800018310547,170.42999267578125,174.3800048828125,9986000,-0.01764639419778158,174.44400024414062,182.02949981689454,10.1807357485329,1,0.012633816732100511,-0.146049126014007,-0.007532476665801924,-0.04889039932007799,-0.04167181462556484,0.5585261085507182,0.023970479051753497,-0.010553793420210233
2025-03-19,171.2332000732422,173.75999450683594,175.72999572753906,171.74000549316406,173.0,10678500,0.003638824041216182,173.76199951171876,180.6699996948242,9.298372585354091,1,-0.019247071724060594,-0.135307304574926,-1.1538799556065626e-05,-0.03824655559672441,-0.03823545798845405,0.6014372313780311,0.022962651706449202,-0.0007509090229651516
2025-03-20,174.8892822265625,177.47000122070312,178.6699981689453,174.5500030517578,174.85000610351562,12209700,0.02135132844816723,174.93800048828126,179.5384994506836,8.110564608576592,0,0.03426776040739421,-0.11309347422561067,0.014473703399802362,-0.011521195934628192,-0.025624024799572372,0.6846500600835843,0.02321516362680271,0.006273087195780347
2025-03-21,174.1600341796875,176.72999572753906,177.1999969482422,173.7899932861328,174.91000366210938,9993200,-0.004169749749670548,175.46600036621095,178.46299896240234,6.824303496475414,1,0.015164566863017592,-0.10850488887000542,0.0072036483346633595,-0.00971071451751393,-0.016793389182161965,0.5663382597674109,0.019294990915783794,-0.014424959378966373
2025-03-24,178.52561950683594,181.16000366210935,182.92999267578125,179.67999267578125,179.99000549316406,11440000,0.025066531102054368,176.45,177.9384994506836,6.124696556311545,0,0.027916466270968776,-0.05473514515237088,0.02669313495103065,0.01810459356109506,-0.008365246730071189,0.6551530017060322,0.017939942229531738,0.01844627309701785
2025-03-25,178.26939392089844,180.8999938964844,182.5099945068359,179.8000030517578,182.47000122070312,8718800,-0.001435249284438611,178.00399780273438,177.51499938964844,5.559394895017902,0,0.044879505542272824,-0.04472726112424319,0.01626927557525648,0.019068780207163405,0.002754687856053097,0.5168699454484879,0.014980605563916286,0.007231163237538363
2025-03-26,170.97702026367188,173.5,179.5500030517578,171.47000122070312,179.22999572753906,14612400,-0.04090654586046516,177.95199890136718,176.45899963378906,3.896470683421602,0,-0.0014962851925373055,-0.10851914318706268,-0.025017976357965876,-0.01676876577522235,0.008460884798602407,0.8649735267454013,0.04657061574094921,-0.009231609868936563
2025-03-27,165.7935028076172,168.24000549316406,171.61000061035156,167.5500030517578,171.38999938964844,17559100,-0.030316971220956446,176.1059997558594,175.81650009155274,4.1442211694387785,0,-0.05200876578605851,-0.070959142440702,-0.04466624801880781,-0.04309319429316005,0.0016466012243213546,1.0603026727518439,0.024132176807131145,-0.01216138680317902
2025-03-28,162.8469696044922,165.25,168.6300048828125,164.05999755859375,168.0399932861328,16332000,-0.017772262217891743,173.81000061035155,175.0525001525879,4.611637162736517,1,-0.06495782269602679,-0.08463966588720317,-0.04924918347789098,-0.05599748729120324,-0.007097868017613552,1.0219898013777964,0.027655112400718607,-0.0011888504547117318
2025-03-31,163.58607482910156,166.0,166.1300048828125,159.72999572753906,160.36000061035156,19408300,0.004538577912254205,170.7779998779297,174.70400009155273,5.022363987597399,1,-0.08368295073776344,-0.040296011860517233,-0.027977841884463728,-0.04982141271517215,-0.02247229720879683,1.2869495794502368,0.038554272019719504,-0.029591524294392935
2025-04-01,166.1876678466797,168.63999938964844,168.8699951171875,165.05999755859375,166.38999938964844,9180000,0.015903610781014654,168.3260009765625,174.13600006103516,5.034254605586203,1,-0.06777222178266873,-0.06311111450195317,0.0018654183623696419,-0.03156154195261385,-0.033364721151492104,0.6524476202896995,0.022592490348571585,0.0023493939135448283
2025-04-02,167.91221618652344,170.38999938964844,171.75,166.35000610351562,166.85000610351562,10072700,0.010377134762415308,167.7040008544922,173.44150009155274,4.489847472061502,0,-0.017925075563985926,-0.07537442740209588,0.01601630564250378,-0.017593832504294138,-0.03308031373132701,0.7348564933468447,0.031691964996934184,-0.010614286602296352
2025-04-03,155.09141540527344,157.3800048828125,161.8000030517578,157.2100067138672,160.05999755859375,28370500,-0.07635421417594257,165.53200073242186,172.51800003051758,5.703782475373821,0,-0.06455064346032036,-0.10503270161862033,-0.04924725016032916,-0.08774733735046336,-0.04049432115408207,1.993382676355399,0.029165053980703615,-0.06062563453288128
2025-04-04,144.66526794433594,146.8000030517578,151.30999755859375,144.83999633789062,150.88999938964844,36085100,-0.06722583239804014,161.84200134277344,171.00299987792968,7.988958286946747,0,-0.11164899817393159,-0.1710897911208843,-0.09294248814408457,-0.14153551015741916,-0.05357215102481131,2.4079271531486803,0.04407357688147985,-0.04123780208290506
2025-04-07,144.04441833496094,146.1699981689453,153.75,134.25,134.50999450683594,46388300,-0.004291586305964712,157.8760009765625,169.77900009155275,9.731218041398071,0,-0.11945784235575108,-0.1434514890307499,-0.07414681607849316,-0.1390572562559348,-0.07010878323333039,2.8299146175113408,0.13340630939504855,-0.08371940251655674
2025-04-08,139.31422424316406,141.3699951171875,152.61000061035156,138.97999572753906,151.97999572753906,30479700,-0.0328384970369221,152.4220001220703,168.29899978637695,11.610069469606875,1,-0.1617054338896946,-0.17312982331505822,-0.07250925060707492,-0.1600069204414204,-0.0943380512329808,1.7836850898727474,0.09641370413512443,0.0397482221480121
2025-04-09,156.4414825439453,158.75,160.6199951171875,137.89999389648438,140.1999969482422,45612500,0.1229398421383936,150.09400024414063,167.37799987792968,11.599919502176126,0,-0.06831386484737312,-0.10396793113572433,0.05767052474968781,-0.051547992473456206,-0.10326327024097809,2.448100142793542,0.143118117925689,-0.008276142104804096
2025-04-10,148.93231201171875,151.1300048828125,156.0,146.91000366210938,155.5,24503500,-0.04799996924212602,148.84400024414063,166.3550003051758,12.100305305734821,1,-0.03971279581960774,-0.1192376705620346,0.015358392914207153,-0.09152111685511866,-0.10526284168742443,1.2803658083519134,0.06014686722824555,-0.020472440944881876
2025-04-11,154.79579162597656,157.0800018310547,158.00999450683594,153.25,156.0,19632200,0.03937005727523046,150.9,165.50450057983397,12.125785528022929,0,0.07002723818522272,-0.09770805252831016,0.04095428648810251,-0.05090193148382438,-0.08824231684738526,1.0043571836744507,0.0303029949793067,0.03222387983751962
2025-04-14,153.5738067626953,155.83999633789062,158.58999633789062,154.02999877929688,158.3000030517578,17509400,-0.007894101596062741,152.83399963378906,164.4845001220703,12.032854971596986,1,0.06615583423465998,-0.11575129663772454,0.019668376874938387,-0.052555126943658825,-0.07083038511005567,0.8781661897440617,0.029260765308969924,0.007766750741544204
2025-04-15,155.04212951660156,157.3300018310547,158.25,156.0500030517578,156.49000549316406,14306600,0.009561123769108892,156.0260009765625,163.69449996948242,11.9537760274814,0,0.11289529083337158,-0.09126091726533736,0.008357586853027676,-0.038880341976146204,-0.04684640592292081,0.7098420337763665,0.013983327544892583,0.004171003404441098
2025-04-16,149.46446228027344,151.6699981689453,153.5399932861328,148.49000549316406,150.60000610351562,23806100,-0.03597536131848045,154.61000061035156,162.5900001525879,11.995259000621466,1,-0.044598436731053126,-0.12712935679231718,-0.019015603323200625,-0.06716281427759607,-0.049080506394902745,1.1439188064199686,0.033295891434926804,-0.04277630235310059
2025-04-17,149.53341674804688,151.74000549316406,157.5,151.4499969482422,156.0500030517578,27239900,0.00046157661412227213,154.73200073242188,161.30350036621093,11.691303222263501,0,0.004036264081540564,-0.14498222544970307,-0.01933662865532182,-0.059288824181339184,-0.04073996918150954,1.2632988313283493,0.039870850354162976,0.028878518729416713
2025-04-21,145.70985412597656,147.86000061035156,150.27999877929688,145.83999633789062,149.99000549316406,15170500,-0.025570085292947353,152.88800048828125,159.86000061035156,11.466477331110756,1,-0.058696212842036855,-0.16335650888429698,-0.03288681820595252,-0.07506568218555953,-0.04361316211341768,0.695212676741801,0.030028421635860652,-0.011532884780861785
2025-04-22,149.19834899902344,151.39999389648438,152.60000610351562,147.44000244140625,148.0,12668600,0.023941520840795816,152.0,158.37200012207032,10.44212274205812,1,-0.02849077608921069,-0.16427472490634232,-0.0039474085757607025,-0.04402297262276189,-0.040234385605781915,0.5789293056970288,0.03408192780798516,0.0009468374751151476
2025-04-23,155.51515197753906,157.80999755859375,160.3800048828125,156.0,159.3699951171875,17667900,0.042338202909651734,152.09599914550782,157.21750030517578,8.99669110717661,1,0.003050884904040707,-0.12763956394107645,0.03756836764403926,0.0037686469525839428,-0.032575897401539794,0.7912087026284731,0.027754926497519494,0.052642018110994115
2025-04-24,161.7925262451172,164.17999267578125,164.5500030517578,157.38999938964844,157.77999877929688,18761100,0.04036496556450664,154.597998046875,156.75149993896486,8.325237292504596,1,0.08248166847672178,-0.05371762146523773,0.06198006927619426,0.04739024978841577,-0.013738317610538781,0.8324318808041636,0.04361069546548696,-0.0001900942890880053
2025-04-25,162.69915771484375,165.10000610351562,165.91000366210938,161.16000366210938,163.92999267578125,14654800,0.00560368783516263,157.2699981689453,156.59449996948243,8.124364781828218,0,0.08804534154938759,-0.018663809362369665,0.0497870415574051,0.05431548448822143,0.004313677680854195,0.6544517055610398,0.02877044109266604,-0.001522719034917297
2025-04-28,161.02386474609375,163.39999389648438,165.32000732421875,160.5,165.0,11415600,-0.010296863380885424,160.37799682617188,156.50199966430665,8.030621329239269,1,0.10509937252796742,-0.011195195785268508,0.018842965557101632,0.04407607728318985,0.024766438577009605,0.5154545842455286,0.029498209940401074,-0.0006057304652848927
2025-04-29,162.08816528320312,164.47999572753906,166.0,163.5,164.3800048828125,9830100,0.006609558576476271,162.9939971923828,156.4259994506836,7.942714602563477,1,0.08639367475799098,-0.009156652243740626,0.009116891178527986,0.051487580741938155,0.0419878905345904,0.4536741346761582,0.01519941673722589,0.00599761947940447
2025-04-30,164.2660369873047,166.69000244140625,166.9199981689453,161.75,163.5399932861328,10073000,0.013436325214453815,164.7699981689453,156.3284996032715,7.795496096354713,1,0.056270230151390876,-0.011563074924689998,0.01165263272317496,0.06628031910003651,0.05399846213004372,0.46392833958283297,0.03101564636884948,-0.005714995536377332
2025-05-01,170.20834350585938,172.72000122070312,174.77999877929688,170.9499969482422,172.8000030517578,22670600,0.036174927656003275,166.47799987792968,156.44499969482422,8.030565071494689,1,0.05201613427883678,0.013674522210229245,0.03749445180354405,0.10403018030378974,0.06413116560245924,1.0146941004283354,0.022174628323217052,0.0366548714431707
2025-05-02,176.67295837402344,179.27999877929688,180.6499938964844,177.13999938964844,179.8000030517578,21691200,0.03798053214584751,169.31399841308593,157.53999938964844,9.519763359054954,0,0.08588729346800017,0.13915359776987835,0.058861053779477146,0.13799669591135544,0.07473656892886292,0.985590232064352,0.01957828274618048,0.040991209941040996
2025-05-05,173.8348388671875,176.39999389648438,180.0800018310547,176.25,179.0,14618900,-0.016064284373171644,171.91399841308595,159.01999893188477,10.048398386114455,0,0.0795593664968901,0.20163481082687973,0.02609441653854838,0.10929439744270297,0.08108413764185876,0.6982986645585568,0.021712029271963706,-0.001561795968336499
2025-05-06,169.77474975585938,172.27999877929688,174.74000549316406,170.58999633789062,172.60000610351562,14565600,-0.023355982198078773,173.4739990234375,160.32549896240235,9.986976683206992,1,0.04742219877412035,0.17862763178099827,-0.0068828772661159165,0.07456393333725386,0.08201128420700304,0.752981949339042,0.024088746138139338,-0.021541881657879625
2025-05-07,172.0018768310547,174.5399932861328,175.97999572753906,171.3699951171875,174.10000610351562,9682500,0.013118147915308187,175.04399719238282,161.9839988708496,9.411031170287972,1,0.04709335130933212,0.23463251973270083,-0.0028792984297317803,0.07751379458963803,0.08062523713805829,0.528981869020101,0.026412288230091428,0.01056424040581927
2025-05-08,172.67198181152344,175.22000122070312,177.4499969482422,173.66000366210938,175.33999633789062,10343000,0.003896000691689938,175.54399719238282,162.80749893188477,9.8246537599971,1,0.014474293552172224,0.10374803918553144,-0.0018456681906623418,0.0762403597515584,0.07823041533134009,0.6253115448665416,0.021629912451370338,0.0045834942278606405
2025-05-09,173.9530792236328,176.52000427246094,180.4600067138672,176.47000122070312,179.8000030517578,11582800,0.007419261743528693,174.99199829101562,164.07699890136718,9.876577663637962,1,-0.015394882449958236,0.1680010492247126,0.008731862007222757,0.07583637837363,0.06652364111199924,0.7287291469009445,0.022603701544247852,0.02613857892447924
2025-05-12,184.2609710693359,186.97999572753903,189.1699981689453,184.61000061035156,187.27999877929688,22064900,0.0592566916038193,177.10799865722657,165.5719985961914,10.964722749365857,1,0.05997733671840866,0.19034882574449474,0.055739984332489945,0.12929720793887944,0.06967361727129943,1.3776652386293715,0.024387622541389,0.06095623298438024
2025-05-13,191.1690368652344,193.9900054931641,194.27999877929688,187.72000122070312,187.72000122070312,19996000,0.03749069379507208,181.45,167.47949905395507,12.406233243503905,1,0.12601582811524925,0.2448024258968604,0.0691099779176858,0.15829105406309107,0.08341618541350064,1.2388723139360434,0.03381616254877066,0.0039576719973959396
2025-05-14,191.9278564453125,194.7599945068359,196.22000122070312,193.22999572753903,195.27999877929688,12359000,0.003969220020971331,185.49400024414064,169.35099868774415,13.563769005862923,0,0.1158473816803427,0.23790753346570592,0.0499530672178059,0.15003747256277977,0.09532274200615473,0.7703620963647623,0.015352257021444639,0.006649792513038655
2025-05-15,191.3957061767578,194.22000122070312,194.4900054931641,191.6300048828125,193.1000061035156,10241800,-0.002772608858919612,189.29400024414062,171.47849884033204,13.975288591120728,0,0.10843510939180989,0.2805433082709037,0.026023016948288014,0.1326201391671049,0.1038934999098461,0.6665716448344244,0.014725571992462359,-0.008523251438385393
2025-05-16,191.3957061767578,194.22000122070312,195.0800018310547,192.57000732421875,194.52999877929688,9146700,0.0,192.83399963378906,173.60249862670898,14.045425256245347,0,0.10027190414590081,0.2799525121241202,0.007187537413247735,0.11876270651108078,0.11077894131254912,0.6325418060431958,0.012923460462672376,0.001596115521807162
2025-05-19,190.68618774414065,193.5,193.5,188.80999755859375,189.0,10144400,-0.003707142499113414,194.13800048828125,175.8844985961914,13.332369240055366,0,0.03487006322302899,0.3086703584556405,-0.0032863246076326735,0.10015380288999531,0.10378118616352643,0.7139456362814217,0.024237738715277776,-0.02687674383634331
2025-05-20,190.63690185546875,193.4499969482422,193.72999572753903,190.80999755859375,191.8000030517578,7054100,-0.00025841370417478693,194.02999877929688,177.98699874877929,12.561291723812309,0,-0.0027836926111172167,0.2777411145769817,-0.0029892379255973545,0.08687712197051112,0.09013579723967124,0.5064617107738257,0.015094330395500257,-0.008785513944404078
2025-05-21,188.97146606445312,191.7599945068359,195.27000427246097,190.52999877929688,193.1000061035156,7375700,-0.008736120279487225,193.42999877929688,179.68449859619142,11.971212984592425,1,-0.01540357406353643,0.21513210489491819,-0.008633636369746567,0.06720388238821862,0.07649797445240951,0.5498677087938426,0.024718427351619048,-0.001809205739197961
2025-05-22,193.3370361328125,196.19000244140625,196.8300018310547,191.33999633789065,191.33999633789065,11825000,0.023101835948438287,193.8239990234375,181.28499908447264,11.92895368247845,0,0.010143142870566058,0.19496900471202738,0.01220696833152557,0.08221862499493615,0.06916733321725148,0.9049662943103449,0.02798310527980991,-0.002190228311308662
2025-05-23,189.18826293945312,191.97999572753903,192.8000030517578,190.02999877929688,192.02000427246097,9403100,-0.02145882390273468,193.3759979248047,182.62899856567384,11.51658083055584,1,-0.01153334094884828,0.16281034906303993,-0.007219107915391376,0.0512021488115566,0.05884607287744726,0.7343762203027132,0.014428608886897624,-0.021254896360943243
2025-05-27,194.8053741455078,197.67999267578125,198.30999755859375,193.6999969482422,194.1000061035156,12228200,0.02969057753460813,194.21199645996094,184.34299850463867,11.04541565734554,0,0.021602029332202788,0.20979192203038655,0.017856755911240807,0.07234879696723051,0.05353606068783749,0.9519939150615462,0.023320521960522898,0.011042871253030606
2025-05-28,193.28778076171875,196.13999938964844,198.07000732421875,195.47999572753903,196.08999633789065,17787600,-0.007790334597283066,194.7499969482422,185.92599868774414,10.291886157221033,1,0.01390541475235052,0.19248543582499922,0.007137368232029484,0.05493583884983355,0.0474597330269966,1.3431998976040016,0.013204912841538468,-0.008043284079327084
2025-05-29,194.2830810546875,197.1499938964844,199.8000030517578,196.0800018310547,199.4600067138672,14609900,0.005149355103389874,195.82799682617187,187.44899826049806,9.520336835248738,0,0.028108049353622322,0.18273436324284198,0.006750807298948169,0.051752720612061376,0.044700151206087044,1.084661328700662,0.01886888833816728,0.016926722415366635
2025-05-30,190.50880432128903,193.32000732421875,195.91000366210935,190.55999755859375,195.77000427246097,11998300,-0.019426764853346268,195.25399780273438,188.47899856567383,8.939583284559811,1,-0.014628651212972188,0.11926821420752987,-0.009904998106464058,0.025684605687556816,0.03594564534307971,0.9275170291130869,0.02767435289066099,-0.006999693972843946
2025-06-02,192.0066680908203,194.83999633789065,195.16000366210935,192.1999969482422,193.0399932861328,7447400,0.007862554086927487,195.82599792480468,189.25699844360352,8.772390468537465,1,0.014897388655068955,0.08679159786111423,-0.005035090321830693,0.029499558485023725,0.034709413840559505,0.6092568194117269,0.01519198711507841,-0.00144844831097235
2025-06-03,194.7364044189453,197.61000061035156,198.1699981689453,193.63999938964844,194.3500061035156,9548300,0.014216815461529642,195.81199951171874,190.31749877929687,8.410891172978891,1,-0.00035406752338607017,0.12023813745885792,0.009182282511369877,0.03831755817425653,0.02887018150019725,0.7976715539361657,0.02292393484795919,-0.002514833933405125
2025-06-04,199.45672607421875,202.3999938964844,204.02999877929688,200.3800048828125,201.3800048828125,13531100,0.02423962993440698,197.06399841308593,191.82349853515626,7.675639156873546,1,0.03191595047576179,0.17483164227191228,0.027077474964316783,0.055136599228429395,0.027319384319169936,1.1353032137460366,0.018033567226050068,0.01907800344525401
2025-06-05,200.3830718994141,203.33999633789065,205.7599945068359,202.27999877929688,204.8800048828125,12214300,0.004644280977039061,198.3019989013672,193.26349868774415,6.927562995297076,1,0.03139742649272592,0.16500518024281363,0.02540568155860745,0.05213864862514517,0.02607062506802569,1.0140488896711355,0.017114172274087756,0.012253019076653215
2025-06-06,202.19631958007812,205.17999267578125,206.2899932861328,203.22999572753903,203.5800018310547,8532000,0.009048865796343675,200.6739959716797,194.76149826049806,5.997308281075012,1,0.06134898045845816,0.17098499741100448,0.022454312938172016,0.05349360375811152,0.030357631071791846,0.713704344712841,0.014913722915611402,0.001180316206779164
2025-06-09,203.98985290527344,207.0,209.27000427246097,205.8699951171875,206.3999938964844,11472300,0.008870296272476486,203.10599670410156,196.285498046875,4.88802909738854,1,0.06241020268252062,0.1726716235543071,0.019172271420284437,0.05458631462710639,0.03474784803306124,0.9601050464034453,0.01642516500132109,0.00594600479702212
2025-06-10,209.37045288085935,212.4600067138672,213.22999572753903,209.9600067138672,211.61000061035156,14514000,0.026376844028343838,206.07599792480468,197.55949859619142,5.603215946371146,1,0.07514804947952469,0.13627132082865567,0.030978905128931977,0.07542288891981941,0.04310852876793769,1.2542928895748677,0.0153910802519918,0.022270534349524418
2025-06-11,210.98660278320312,214.1000061035156,217.42999267578125,212.9499969482422,215.0,13326400,0.007719096949182935,208.41600036621094,198.56499862670898,6.6378145232311905,1,0.05780638616528355,0.10366513758906071,0.027272405800500943,0.07823638397626942,0.04961096773163573,1.1858358886561464,0.020924780942663875,0.01195515958706328
2025-06-12,213.0735015869141,215.42999267578125,215.8800048828125,211.91000366210935,212.9199981689453,9796100,0.0062119875495127985,210.83399963378906,199.59849853515624,7.559374027131511,0,0.0594570500424354,0.10613061589617079,0.02179910759163728,0.07931669955842136,0.05629050910247134,0.8817502690183968,0.01842826605243376,-0.005511480153810755
2025-06-13,208.79087829589844,211.1000061035156,213.2599945068359,209.3999938964844,210.11000061035156,10152500,-0.020099274564717717,212.01800231933595,200.44249877929687,7.863467471062146,1,0.02885278116316603,0.08691177415672424,-0.004329803157175682,0.053169898545085914,0.05774974673801402,0.914197365778898,0.018285175266450276,-0.024694760461864695
2025-06-16,213.32078552246097,215.67999267578125,217.6000061035156,212.72999572753903,213.0,10932900,0.021695814494764987,213.75400085449218,201.51549835205077,8.414534653977226,0,0.04193233176705924,0.11049321038100457,0.009010319402630307,0.07028985085298434,0.06073231390401818,0.9766156781614124,0.02257979664946185,0.009000444536002128
2025-06-17,211.5602569580078,213.8999938964844,215.94000244140625,213.5,213.88999938964844,8389700,-0.008252961979522189,214.04199829101563,202.535498046875,8.6255526258542,0,0.006777685856691695,0.10542632504643112,-0.0006634417341692123,0.056111130933596653,0.05681226429491165,0.7553562208149945,0.011407211365265743,-0.008299301497212141
2025-06-18,211.1646423339844,213.5,215.1699981689453,212.88999938964844,214.6999969482422,6932000,-0.0018700042444974585,213.9219970703125,203.5379981994629,8.679003234286249,0,-0.002802457199489794,0.10364436995634696,-0.0019726679635184707,0.04894418677919088,0.051017495321308566,0.6244572482803104,0.010679151191086065,0.003740079825083731
2025-06-20,207.21827697753903,209.5099945068359,215.5,208.1499938964844,215.1999969482422,16992000,-0.018688550319269748,212.73799743652344,204.42549819946288,8.310953740905694,1,-0.027479916307915575,0.09256362384473915,-0.015173607764408459,0.024872123840500304,0.040662731950149675,1.4671478299085925,0.03508188772004278,0.007962514980057067
2025-06-23,208.01942443847656,210.32000732421875,210.58999633789065,206.1999969482422,206.6300048828125,7535500,0.003866225185531258,212.58199768066407,205.13199844360352,8.173468261867843,1,-0.003694925422760842,0.07202204346285446,-0.010640554614804398,0.025291075599994883,0.036318074671849714,0.6629172758766906,0.020872951867489543,-0.013746311391027444
2025-06-24,217.6825408935547,220.08999633789065,220.3699951171875,213.8800048828125,214.38999938964844,14814700,0.046452970109548186,213.46399841308593,206.5374984741211,8.20963491711476,1,0.020446976130691352,0.14642150867763215,0.031040353287032474,0.06561761405988786,0.03353628270961517,1.2729855229872415,0.029487892872747005,0.019351426035068453
2025-06-25,220.30357360839844,222.7400054931641,223.5,220.8000030517578,220.8000030517578,9168400,0.012040570672757989,215.23200073242188,207.79049911499024,8.685225254140475,1,0.04132777862984782,0.12677060777963622,0.03488331073071338,0.07194509105010072,0.03581252102057635,0.7983094132490246,0.012121742307872264,0.00322598357799575
2025-06-26,221.5596466064453,224.0099945068359,225.22000122070312,222.6999969482422,224.97999572753903,7982200,0.005701665539874501,217.33399963378906,209.18399887084962,8.949362435722033,1,0.049227140547240866,0.14209235853937874,0.030717673646534882,0.07087538108084401,0.03896091865024179,0.7260175542316613,0.011249517138772291,0.010056524104933073
2025-06-27,226.06979370117188,228.57000732421875,228.8800048828125,224.02999877929688,224.3000030517578,13133000,0.020356291813772964,221.14600219726563,210.75499954223633,9.468423583440076,0,0.0909742414067074,0.15937111032441487,0.03357060518024113,0.08452946701467079,0.04930370656733526,1.2025835446683373,0.02121890864113268,0.001294623240183368
2025-06-30,224.01255798339844,226.4900054931641,228.1499938964844,224.8000030517578,227.44000244140625,9279800,-0.009100064594670276,224.3800018310547,212.4134994506836,9.153569558720752,0,0.07688283380486238,0.17158078270354937,0.009403706412740354,0.066269357074213,0.056335884542730745,0.8604573318015379,0.014790899216202722,-0.004943802102651329
2025-07-01,222.2223358154297,224.67999267578125,228.6000061035156,221.17999267578125,227.42999267578125,9990200,-0.007991579202100696,225.29800109863282,213.90549926757814,8.5504276685106,1,0.020855088437749192,0.15315128771683106,-0.0027430710429651173,0.05037034318937783,0.05325950884882865,0.9155351007664131,0.03302480714623134,0.004150236919154171
2025-07-02,231.04476928710935,233.6000061035156,233.82000732421875,224.0,224.47999572753903,12012500,0.039700969015991294,227.47000122070312,215.70499954223632,8.725801882099635,1,0.04875639913138463,0.18212643784222893,0.026948629928853052,0.08296055538469482,0.05454209083439972,1.0885738934380176,0.04203770148818914,-0.000890141333282024
2025-07-03,232.23165893554688,234.8000030517578,237.5800018310547,233.27000427246097,233.8699951171875,7779600,0.0051369731031190025,229.6280029296875,217.325,9.124174671715375,0,0.048167531849087286,0.1600791014442624,0.022523385894071435,0.08040953894746505,0.056611079855918664,0.7238517218647491,0.01835603706377999,0.001155774857096059
2025-07-07,226.66323852539065,229.1699981689453,232.5500030517578,227.44000244140625,231.6300048828125,13817500,-0.023977873976311015,229.7480010986328,218.61650009155272,8.864847520946418,0,0.002624976267667112,0.12702863330504277,-0.002515812659625083,0.04827402356625865,0.050917936214413886,1.2761292485498952,0.022297860327181413,-0.013500843814923336
2025-07-08,225.3675537109375,227.86000061035156,230.3300018310547,227.5399932861328,229.77999877929688,8854400,-0.005716269882884095,230.02200012207032,219.75050048828126,8.498632528187947,1,0.0060488104726934555,0.11053713200199078,-0.009399098827813868,0.03690321571077715,0.04674164386868741,0.8165414566961628,0.012244398040237373,0.002661782149606884
2025-07-09,229.30401611328125,231.83999633789065,233.27000427246097,230.2400054931641,230.4499969482422,9475300,0.017466846822075777,231.4540008544922,220.99250030517578,8.350977624543985,0,0.03186756229087773,0.11999998230865061,0.0016676984712877818,0.049085358180640526,0.0473387130100333,0.8819208232365516,0.013069353119212711,0.011366612529417175
2025-07-10,227.2467803955078,229.7599945068359,233.0500030517578,227.77000427246097,232.77999877929688,13124700,-0.008971712663518483,230.68599853515624,221.8574996948242,8.316561622625532,1,-0.016438405378200405,0.08142703212971125,-0.004014131911778018,0.035619687515102916,0.039793556009943595,1.2295411388106388,0.022980496629232613,0.004054530953478075
2025-07-11,227.8797607421875,230.3999938964844,232.27000427246097,229.3999938964844,231.0,8817800,0.002785512730456796,229.80599670410157,222.67249908447266,8.315014218107553,0,-0.018739391388779114,0.07613258910925902,0.0025847767286406587,0.034703409014510855,0.032035826826207044,0.843886136908271,0.012456642586831055,0.005396959970449533
2025-07-14,226.168701171875,228.6699981689453,229.8500061035156,226.30999755859375,229.3300018310547,10673500,-0.007508662210800043,229.70599670410155,223.33449935913086,8.234717827954645,1,-0.002181786464174884,0.06145850598013092,-0.004510106614633913,0.02389016844744063,0.028528943639491485,1.0172106689183458,0.015480861386575197,-0.004644062907008806
2025-07-15,234.35812377929688,236.9499969482422,237.7100067138672,233.8500061035156,234.4600067138672,14270100,0.036209379654516205,231.52399597167968,224.6269989013672,8.242025889365413,1,0.039892900524628905,0.12245376644873573,0.023436019898456673,0.05485982587643434,0.030704221238075383,1.333805037765953,0.01629035940099524,0.025320368178094466
2025-07-16,234.96144104003903,237.55999755859375,238.30999755859375,234.1499938964844,236.3999938964844,15092800,0.0025743853902002733,232.66799621582032,225.72099914550782,8.441643727572377,1,0.024672193370666617,0.10144661362124308,0.021025673587852012,0.05244969877815442,0.030776919722184215,1.383799167215637,0.0175113811452338,-0.0023211777119285237
2025-07-17,242.9135284423828,245.6000061035156,248.27999877929688,241.38999938964844,245.7899932861328,27395700,0.03384411781254881,235.83599853515625,227.30599975585938,9.05875511804308,0,0.06894155629956034,0.14820015479931348,0.04140168434423219,0.08048184547396509,0.037526500789502336,2.3104919969790214,0.028053742746017837,0.034643861812252874
2025-07-18,237.77040100097656,240.3999938964844,245.97000122070312,238.69000244140625,245.30999755859375,16252000,-0.0211726876132059,237.83599853515625,228.6509994506836,8.896558800129727,0,0.04340277892755884,0.12599528757135547,0.010780518412351059,0.051383962781824,0.04017038677521158,1.3188256025175513,0.030282857587890052,-0.0011808165216397049
2025-07-21,236.2373504638672,238.8500061035156,242.33999633789065,238.7100067138672,240.1199951171875,11971800,-0.006447536740105897,239.87200012207032,230.11800003051758,7.941981270831704,0,0.04451833653774351,0.14004110718318197,-0.004260580718194018,0.03794577595772597,0.042386949696500024,0.9916936400743037,0.015197779071649924,-0.0011647204093419017
2025-07-22,232.03384399414065,234.6000061035156,238.0,231.7599945068359,237.8300018310547,11919500,-0.017793593851356593,239.402001953125,231.3319999694824,6.476996582327596,1,-0.009917665646731022,0.11544312444734772,-0.02005829446050178,0.014126909093702178,0.03488493587012254,0.9697529345002858,0.026598488196162846,-0.0042704804119571005
2025-07-23,237.70115661621097,240.3300018310547,240.5,236.3800048828125,238.52000427246097,9885400,0.0244245335825386,239.95600280761718,232.34400024414063,6.203465544830788,1,0.011660230261526738,0.09196240551565449,0.0015586149921715808,0.03437145602435443,0.032761778033769194,0.8207186331706353,0.01714307446343608,0.01670928417288997
2025-07-24,238.957275390625,241.6000061035156,241.9499969482422,238.02999877929688,240.2100067138672,9081900,0.0052844183530347255,239.1560028076172,233.2870002746582,6.099303923585426,1,-0.016286644546393392,0.08467271323170689,0.01021928476478351,0.03563424373870028,0.025157863601697427,0.7542802470166277,0.016225157574150703,-0.0004992931230943798
2025-07-25,242.9135284423828,245.6000061035156,246.2400054931641,240.94000244140625,241.32000732421875,11593400,0.01655629097246858,240.19600524902344,234.3665008544922,6.27891000086822,0,0.021630666967779932,0.09637968004155661,0.02249829612648857,0.04793136053175884,0.024873454069916492,0.9486422805905714,0.021579816449695012,-0.0011589353154936033
2025-07-28,240.0946807861328,242.75,243.9499969482422,241.0500030517578,243.0,11892200,-0.011604259090752578,240.97600402832032,235.07550048828125,6.389545804807885,0,0.016328213509838374,0.0620378537052213,0.007361712129109632,0.032646955960012214,0.02510046145933108,0.9780570038420084,0.011946421818679196,-0.01058634380660295
2025-07-29,238.69021606445312,241.3300018310547,243.97000122070312,239.82000732421875,241.5,9411500,-0.005849632003894212,242.32200317382814,235.81750030517577,6.198881072263067,1,0.028687108066695943,0.06552163882718665,-0.004093732016823282,0.023376134166230633,0.027582782703721182,0.7736164049585758,0.017196344693974755,-0.005149330587023715
2025-07-30,240.25294494628903,242.91000366210935,244.57000732421875,241.22000122070312,242.1199951171875,6823800,0.006547059292531632,242.83800354003907,236.7290008544922,5.802627658217823,0,0.010735246583438718,0.08113766948815271,0.00029649445729540425,0.026110036308632845,0.02580589054782446,0.5683057014625306,0.013791140969951664,0.0032734980323161356
2025-07-31,238.97703552246097,241.6199951171875,247.41000366210935,239.8000030517578,245.97999572753903,13490700,-0.005310643964734574,242.84200134277344,237.13000030517577,5.85192038922844,0,8.273598165109419e-05,0.03433214385327532,-0.005032104079314759,0.01893473962060188,0.024088057311375963,1.116670722561869,0.03149574027042185,0.01263839289920754
2025-08-01,232.6371612548828,235.2100067138672,237.19000244140625,231.83999633789065,235.6199951171875,13549800,-0.026529213363370108,240.76400146484374,237.15050048828124,5.8440413001308515,1,-0.04230455672411193,0.0017461825246185558,-0.023068210850398008,-0.0081825413415475,0.015237163611809735,1.0954033609573077,0.02274565686324679,-0.024832381927207492
2025-08-04,236.3856964111328,239.0,239.0,236.38999938964844,237.91000366210935,6450700,0.016113231486547086,240.01400146484374,237.642000579834,5.543152912472818,0,-0.015447991761071034,0.04289392987561991,-0.0042247596334177295,0.005714475626583448,0.009981404293947184,0.5374978648235407,0.010920504645822436,0.0114790904773312
2025-08-05,229.92713928222656,232.47000122070312,238.6300048828125,230.1699981689453,238.3300018310547,11868900,-0.027322170624673126,238.24200134277345,237.87250061035155,5.200221597993816,0,-0.03671321652147541,0.020231723856767747,-0.024227466565669875,-0.02271174421501554,0.0015533562369496447,0.9766973953008026,0.03639182117883416,-0.0028033396190180193
2025-08-06,228.83917236328125,231.3699951171875,232.1999969482422,228.82000732421875,231.02999877929688,9457200,-0.0047318195799005425,235.93399963378906,237.8490005493164,5.229894904501994,1,-0.04750734169422732,-0.0020272654767392595,-0.019344412096966468,-0.02723999435425639,-0.008051330512655575,0.7782954234036722,0.014608590981347832,-0.006194358127262767
2025-08-07,239.96609497070312,242.6199951171875,247.83999633789065,240.8000030517578,244.47000122070312,17691000,0.04862341806378967,236.13399963378907,238.49200057983398,4.96697304389621,0,0.004138730321201267,0.05597145246262181,0.027467435834980458,0.017308733740827087,-0.00988712803914604,1.4290578323734793,0.02901654203204672,0.05661929541417221
2025-08-08,239.1847381591797,241.8300018310547,243.16000366210935,238.97000122070312,243.16000366210935,10552500,-0.0032560930757221662,237.45799865722657,239.0635009765625,4.633260925534434,1,0.028145040296864154,0.04960941075243963,0.018411690482320386,0.01157224270200663,-0.006715798575598237,0.8464875479495789,0.017326230863337656,0.0022257380091901258
2025-08-11,239.44189453125,242.08999633789065,245.3500061035156,241.5399932861328,242.0399932861328,8272900,0.0010751127025900864,238.07599792480468,239.73450088500977,3.973630086981116,1,0.012928854970253756,0.05868718361133851,0.01686015578249833,0.009825433736843303,-0.006918082103670993,0.6700771655061197,0.015738001879536816,0.0008683432720841822
2025-08-12,241.61782836914065,244.2899932861328,244.77000427246097,241.6999969482422,243.72000122070312,7295800,0.00908751696278931,240.43999633789062,240.10150070190429,4.041301619566288,0,0.050845235958888235,0.030976984310719047,0.016012298315092988,0.017444674739574895,0.0014098022502849318,0.6081112900839551,0.012567061314799456,0.006733053440743708
2025-08-13,238.7990264892578,241.44000244140625,246.42999267578125,239.94000244140625,246.42999267578125,7971900,-0.011666424835455325,242.45399780273436,240.2955009460449,4.0058502193044765,0,0.043523393424970136,0.01633273666731494,-0.004182217536182309,0.004762891901244126,0.008982676946473976,0.6847870064072884,0.02688034364127386,0.008760077974794056
2025-08-14,238.36383056640625,241.0,241.3800048828125,236.82000732421875,237.97000122070312,11040500,-0.001822409033122141,242.12999877929687,240.06550064086915,3.8126549994673504,0,-0.006677088244128604,-0.018729666079799645,-0.00466690944944359,0.0038926849407188158,0.008599728544569803,1.0200329463111866,0.01892115169540975,-0.014372105639558375
2025-08-15,236.26702880859375,238.8800048828125,240.8000030517578,237.2599945068359,240.3300018310547,8155500,-0.00879666023729253,241.53999938964844,239.98950119018554,3.8207771383549307,1,-0.012198639233783282,-0.006322749801426442,-0.011012645994690429,-0.004623103518573424,0.006460691787655234,0.7827643083278425,0.014819191529481622,-0.002780075389814618
2025-08-18,238.7693328857422,241.41000366210935,242.86000061035156,239.9900054931641,239.9900054931641,6919800,0.010591086434957209,241.40400085449218,240.11750106811525,3.8234740315150884,0,-0.0028088425216555857,0.010718013368960388,2.48662308657277e-05,0.005382792125707914,0.005357792666732729,0.6806642964044246,0.011888468057042382,0.004646686987871185
2025-08-19,230.15460205078125,232.6999969482422,240.1699981689453,232.5800018310547,240.02000427246097,14594700,-0.03607972570208051,239.08600158691405,240.02250061035156,3.987851516716474,0,-0.0474435984134457,-0.008098930544933713,-0.026710073347185892,-0.030507571763018104,-0.0039017134687626734,1.416960477203652,0.0326170882571125,-0.00575783674480157
2025-08-20,226.09947204589844,228.6000061035156,229.02999877929688,223.6999969482422,228.13999938964844,17165200,-0.017619213143516,236.51800231933595,239.4360008239746,4.733171955452392,0,-0.05318089880738264,-0.04880787100307582,-0.03347735114526218,-0.04525633022256026,-0.012186966431935505,1.6096406646852328,0.0233158429079006,-0.019596036177035314
2025-08-21,224.84336853027344,227.3300018310547,230.3300018310547,226.2599945068359,228.1499938964844,7449100,-0.0055555740969045475,233.78400268554688,238.72250061035157,5.416087440538573,1,-0.05672198410350748,-0.059064585728308305,-0.027606683008046584,-0.047722769115476016,-0.020687190826915072,0.7039170392601647,0.01790352039518081,-0.001968557283534844
2025-08-22,230.4414520263672,232.9900054931641,234.4499969482422,226.1699981689453,228.0,10299500,0.02489774168178549,232.6060028076172,238.09200057983398,5.306187415094599,1,-0.024656728354212287,-0.05134364941764957,0.0016508717785090887,-0.021428670741750366,-0.023041503951651228,0.9792577436425973,0.03553799984583377,0.0029472492128128636
2025-08-25,233.0129852294922,235.58999633789065,237.27999877929688,232.25,234.3000030517578,7655000,0.011159237664393418,231.44200134277344,237.7340003967285,5.216152326664704,1,-0.02410839333884729,-0.029495380688400963,0.01792239511865401,-0.009018499900140253,-0.026466551033739523,0.7427856158667935,0.021350646706079536,0.00562254829695763
2025-08-26,236.1087646484375,238.72000122070312,238.8300018310547,235.72999572753903,236.3699951171875,9793100,0.013285814047568234,232.64600219726563,237.60350036621094,5.153726413476408,1,0.025870237865967427,-0.010815068953501705,0.026108331826339315,0.004699008443778574,-0.02086458390261283,0.9484952851752272,0.012985950434247918,0.0033108314929388705
2025-08-27,236.67251586914065,239.2899932861328,239.3999938964844,235.44000244140625,236.8699951171875,9516400,0.0023877013342619158,234.78399963378905,237.4224998474121,5.0193681733743345,0,0.04676284731933267,-0.014902681328069156,0.019192081484990853,0.00786569697446926,-0.011113100971132777,0.9098322961591891,0.01654892208694646,-0.007749690407404253
2025-08-28,235.66368103027344,238.27000427246097,240.66000366210935,236.0,236.3000030517578,8466200,-0.004262564429312277,236.9720001220703,237.25500030517577,4.9269679777167745,0,0.04812388313592053,-0.013864708684816263,0.005477457884146775,0.004278114121850418,-0.0011928101946911155,0.8293459675156013,0.019557659707684596,-0.012495258131415832
2025-08-29,228.34461975097656,230.8699951171875,235.9499969482422,230.5800018310547,235.83999633789065,15526000,-0.031057241879307584,236.547998046875,237.0379997253418,5.113808772357976,0,-0.009099147285263287,-0.01845164522255771,-0.024003597479452465,-0.026021163759824217,-0.002067186185483199,1.5063410204330123,0.023259822544119426,-0.010198547408391434
2025-09-02,225.89175415039065,228.38999938964844,229.33999633789065,225.6300048828125,226.1499938964844,13974900,-0.010741957725083462,235.10799865722657,236.50749969482422,5.439522144867011,1,-0.030561556348580043,-0.044393307993102815,-0.02857409916271103,-0.034322380117544404,-0.0059173643093918,1.3081064333555954,0.016244106418813298,-0.020444411662534412
2025-09-03,228.85894775390625,231.38999938964844,232.4499969482422,228.6000061035156,231.52000427246097,7198500,0.013135426279684781,233.64199829101562,236.4534996032715,5.486868138290029,1,-0.030705436467713065,-0.004645768595447075,-0.009638673345714888,-0.021414359365028446,-0.011890292666308973,0.6888658474791587,0.016638536042534024,0.013704649464412633
2025-09-04,232.6371612548828,235.2100067138672,235.30999755859375,230.3000030517578,231.3500061035156,6241900,0.01650895602357494,232.8260009765625,236.64550018310547,5.365463091925571,1,-0.017050385251116462,0.016596843487569624,0.010239430850958353,-0.006066007881525559,-0.016140172551718093,0.6066564162573306,0.021300090828748595,-0.00017283930264200276
2025-09-05,240.7474670410156,243.41000366210935,244.5500030517578,237.8999938964844,240.2400054931641,14056600,0.03486244936091287,233.8540008544922,236.68500061035155,5.414446570107974,1,0.02157216308172316,0.0032561559674431084,0.040863114476125784,0.028413304748571733,-0.011961044208796123,1.3907373878285991,0.027320196603360016,0.021385139389141328
2025-09-08,244.48611450195312,247.19000244140625,247.8800048828125,241.6199951171875,241.9900054931641,12986600,0.01552934851660459,237.11800231933594,236.95300064086913,5.801342617436448,1,0.07068916563165728,0.02216433267074991,0.04247674163729642,0.04320266792507321,0.000696347706171859,1.2695858492590433,0.02532468831181337,-0.005833770788305159
2025-09-09,248.17530822753903,250.9199981689453,254.72999572753903,246.92999267578125,246.92999267578125,13443400,0.015089589751605015,241.6240020751953,237.39450073242188,6.506053034529296,1,0.0986470460156148,0.036474046695966766,0.038472982873849704,0.05697477150815988,0.01781634085762035,1.2818461544329314,0.031085617362813844,-0.0010518619808931318
2025-09-10,257.5911865234375,260.44000244140625,264.5799865722656,257.75,258.8699951171875,18822400,0.03794039670784266,247.4340026855469,238.20200119018554,8.190983448918875,0,0.1255456291472612,0.06610999058138733,0.05256351032880513,0.09335774317641188,0.03875702743567767,1.7012507388922131,0.026224798449701422,0.03168339313827606
2025-09-11,256.0779113769531,258.9100036621094,261.6400146484375,258.2300109863281,260.3500061035156,10005000,-0.005874668887092649,252.17400207519532,239.07550125122071,9.397168259054153,1,0.1007610062146429,0.07235752586170063,0.0267117210001111,0.08296334131721239,0.05478813494240336,0.8960625640644431,0.013170613780375987,-0.0003455549725348561
2025-09-12,256.4933166503906,259.3299865722656,260.95001220703125,258.3800048828125,260.8500061035156,8496600,0.001622119285527246,255.35799865722657,239.99200057983398,10.431656562926038,1,0.06540397958440392,0.0760580355695668,0.015554585859559378,0.08057762736137031,0.06402712607198359,0.7697366990629009,0.009910181842787334,0.007492960542142768
2025-09-15,258.5209045410156,261.3800048828125,262.79998779296875,258.75,260.0,8147700,0.007905056941710953,258.1959991455078,241.11700057983398,11.467270147143843,1,0.057405244149264734,0.09418954931384005,0.012331739251739249,0.08403805726784253,0.07083282607448893,0.7381547083556428,0.015494635080386227,0.0025836326781580876
2025-09-16,260.0111389160156,262.05999755859375,266.44000244140625,260.6099853515625,265.9200134277344,10381900,0.0026015481791965556,260.4239990234375,242.1495002746582,12.387747697186466,1,0.044396618328315984,0.08553909773095936,0.0062820574958186715,0.08222398667497588,0.07546783589497984,0.9260429567832051,0.0222468791275182,0.017369379677520946
2025-09-17,260.7354431152344,262.7900085449219,264.80999755859375,259.7300109863281,264.3399963378906,10422000,0.002785663562272278,260.8940002441406,243.65400085449218,12.992176989935297,1,0.009023214872854846,0.129308173576695,0.007267351104306652,0.07853762968520894,0.07075606938194294,0.9472478731913038,0.019330973047239127,0.008700293064709763
2025-09-18,266.53973388671875,268.6400146484375,270.5400085449219,257.9800109863281,258.0,16917300,0.022261143549206164,262.8400024414062,245.65600128173827,13.620137198770292,0,0.03758066837396634,0.17515313856461945,0.02206670275893119,0.09356178252018066,0.06995148121767214,1.5393350594471977,0.04675400861271805,-0.01822751394333566
2025-09-19,262.7991943359375,264.8699951171875,266.57000732421875,262.80999755859375,266.3699951171875,17640200,-0.01403372292167171,263.9480041503906,247.53300094604492,13.548212850485749,1,0.02136277650783014,0.16513435527102782,0.003493078001346017,0.07003912248016397,0.06631440309619031,1.5339891265404937,0.014195680276889965,-0.008450042463780782
2025-09-22,270.49853515625,272.6300048828125,276.3599853515625,265.45001220703125,266.5400085449219,15630300,0.029297428582621077,266.1980041503906,249.51500091552734,14.192885114655379,1,0.043040782729512284,0.170136050710602,0.02416246790786647,0.09263973661892444,0.06686172444001173,1.328418082457229,0.04001750705767255,0.006305030613208862
2025-09-23,280.49969482421875,282.7099914550781,286.0,280.0,282.3999938964844,17830300,0.03697313718861728,270.3280029296875,251.87100067138672,15.60079066336364,0,0.07879872582181213,0.200008471707799,0.045803573404162634,0.12243962465503011,0.07327958442655898,1.4525862402560028,0.02122316218510227,0.035836073941573066
2025-09-24,278.5153503417969,280.7099914550781,281.2099914550781,276.7200012207031,280.30999755859375,10231000,-0.007074387395034076,273.91199951171876,253.97050018310546,16.535272276649273,0,0.06819126423177146,0.17589640591344557,0.024818160414576962,0.10528581568605122,0.0785189591477595,0.8320077809113946,0.015995120840198277,-0.00848924328472389
2025-09-25,274.49700927734375,276.6600036621094,277.1400146484375,270.19000244140625,273.1199951171875,11863400,-0.01442765813918978,275.5159973144531,255.8390007019043,16.8965268271513,0,0.029854037285426127,0.15617038499094726,0.004152232025752767,0.08138322500901674,0.07691163801673785,0.9556383824535146,0.025121131045452615,-0.027038568518873873
2025-09-26,271.2227783203125,273.3599853515625,275.5,270.6199951171875,273.8900146484375,10451900,-0.01192806429142268,277.2139953613281,257.5934997558594,16.797728052111854,0,0.03205342390941168,0.14726982184033655,-0.0139026530920352,0.06120684571096002,0.07616844223190614,0.8352569386645271,0.017851935704987797,-0.010012249609650525
2025-09-29,271.0938415527344,273.2300109863281,279.8699951171875,273.2300109863281,276.489990234375,8046200,-0.00047546960857203224,277.33399658203126,259.7115005493164,15.8972786857029,1,0.0022008072947565793,0.18347995306899478,-0.014797989594792615,0.05205202853327129,0.06785412273018906,0.6628166701745267,0.024301811162287097,0.011450120904810124
2025-09-30,277.1064758300781,279.2900085449219,279.489990234375,273.8299865722656,275.32000732421875,8348800,0.02217910666810674,276.65,262.2565010070801,14.643998081566837,1,-0.012097141995420668,0.2228644392981265,0.009542774425888023,0.06494980094843084,0.054883287688381494,0.7040588289860938,0.020265686164705754,0.0076492195361190785
2025-10-01,286.2146911621094,288.4700012207031,290.4800109863281,277.1700134277344,278.44000244140625,14620100,0.03286903360277105,278.202001953125,265.1105010986328,13.852583375531104,0,0.027644223582496963,0.24668309772080943,0.03690843054863513,0.0881123155260437,0.04938129874237436,1.1955094290868236,0.04613997123538165,-0.0030434533191648905
2025-10-02,285.85748291015625,288.1099853515625,296.7200012207031,287.0299987792969,296.5199890136719,10198000,-0.0012480183991997462,280.49199829101565,267.75550003051757,12.857526122446938,1,0.0413864727025639,0.22490530643982387,0.02715937391070611,0.07601892517137854,0.047567643835687526,0.8206334843085431,0.03363299758452366,0.027905805660567884
2025-10-03,289.9056091308594,292.19000244140625,296.05999755859375,290.489990234375,292.8599853515625,10572500,0.014161317889989755,284.25800170898435,270.1944999694824,12.620724148038663,1,0.06888358976763498,0.20040260484532535,0.027904230258195106,0.08140618137825961,0.052049548532965534,0.8628654068709305,0.01906296340627096,0.016486759367968062
2025-10-06,300.0357666015625,302.3999938964844,307.29998779296875,299.94000244140625,300.010009765625,15785000,0.034942986993969916,290.0919982910156,272.95499954223635,13.341566737350263,0,0.10675980579459798,0.2233504223867835,0.04242790451986744,0.10787490393518806,0.06278323818035628,1.2737337303412493,0.024338576389263827,0.026763432214923055
2025-10-07,291.731201171875,294.0299987792969,307.1000061035156,293.2799987792969,306.6199951171875,13081000,-0.027678555840357166,293.0399963378906,275.1104995727539,13.073962385770287,1,0.05277664715314789,0.17180775117543812,0.0033783867519050492,0.0687705457840575,0.06517198286863349,1.0570863819216492,0.047002031702868,0.013955030773405763
2025-10-08,302.13916015625,304.5199890136719,306.3999938964844,293.9800109863281,295.0,12821200,0.035676598571320994,296.2499938964844,277.3144989013672,14.142477411033417,0,0.05563832538929825,0.1692519818731868,0.027915595907411772,0.09810338161215615,0.06828166240904708,1.0618393112107147,0.04078544384026835,0.0032989872622868344
2025-10-09,297.53546142578125,299.8800048828125,302.8299865722656,297.4200134277344,302.30999755859375,10259900,-0.015237042881447893,298.6039978027344,279.36299896240234,14.302618906847608,0,0.040852522056421536,0.1582403176440066,0.004273241783323556,0.07344210219897951,0.06887454284137884,0.8488189842780811,0.018040459705359037,-0.007257295201658853
2025-10-10,278.4657287597656,280.6600036621094,300.20001220703125,280.3299865722656,299.9599914550781,23398000,-0.06409230661515408,296.297998046875,280.4294998168945,13.503109580683176,1,-0.03946062042834275,0.08225048468854901,-0.05277792792339986,0.0008219671802194295,0.05658640849247951,1.823362622624799,0.07079749652781818,0.000266728594648713
2025-10-13,300.52197265625,302.8900146484375,304.6300048828125,292.32000732421875,298.239990234375,20318300,0.07920619502695914,296.3960021972656,282.50500030517577,13.610721049633996,0,0.0016204390272602787,0.15881096101530656,0.021909919172424575,0.07215806559615179,0.04917081778051394,1.5116809818415704,0.04064180713544448,0.06263801875179342
2025-10-14,293.6262512207031,295.94000244140625,301.75,291.3399963378906,295.6300048828125,16567900,-0.02294566301598977,296.7780029296875,284.1990005493164,13.02808955352333,1,0.0064959482707172,0.12928339005741352,-0.0028236610530726347,0.04131260795919811,0.04426124777377002,1.204923722733509,0.0351760612834707,-0.023969128774521176
2025-10-15,302.3277282714844,304.7099914550781,306.6099853515625,300.07000732421875,306.2900085449219,20788000,0.029634347980409537,296.8160034179688,286.29499969482424,12.772055828851046,0,0.0006239407863557478,0.15951893735332168,0.0265955607049706,0.0643217372985323,0.036748821091389584,1.4569191570361633,0.02146295891419073,0.0349733257353908
2025-10-16,297.4957580566406,299.8399963378906,311.3699951171875,296.69000244140625,310.92999267578125,26341500,-0.015982393927852057,296.80800170898436,287.85499877929686,12.4022054193512,0,-0.00013341518030685062,0.11614048536396848,0.010215339921593847,0.04163553736922543,0.031102475092162334,1.7871153875509467,0.048959421208231074,0.020412856142330016
2025-10-17,292.7729797363281,295.0799865722656,303.29998779296875,294.9200134277344,298.3999938964844,17633300,-0.015875166167828136,299.69199829101564,289.3654983520508,11.24075564534199,1,0.05137883104824814,0.11405592181821955,-0.015389172033453913,0.019748339911838553,0.03568670072200975,1.1963433887429076,0.02839899263443305,-0.004802569567081694
2025-10-20,295.3725280761719,297.70001220703125,303.6499938964844,297.05999755859375,300.0,13391600,0.008879035359871779,298.65399780273435,290.6189987182617,10.659068978464429,0,-0.01713494070588706,0.09195615623817655,-0.003194283695251987,0.024365280728374517,0.027647879594623857,0.9155150318973406,0.022136365695906338,0.016673490753767117
2025-10-21,292.20745849609375,294.510009765625,299.3699951171875,293.6600036621094,299.0,11190500,-0.010715493149485722,298.3679992675781,291.20899963378906,10.523969702642832,0,-0.00483203576395308,0.04173895039865205,-0.012930305902186356,0.011335536113194156,0.024583716996356145,0.7828039849168317,0.019388106569356377,0.0043667710435453255
2025-10-22,286.6214599609375,288.8800048828125,295.20001220703125,284.3999938964844,293.0,15409100,-0.01911651453644292,295.202001953125,291.6175003051758,10.249986946291326,1,-0.051950992800311124,0.02910481876824056,-0.021415834000056533,-0.00938728100850772,0.012291791967896435,1.058731056298787,0.0373858284685644,-0.005127193356948001
2025-10-23,288.45703125,290.7300109863281,294.0899963378906,289.6300048828125,289.79998779296875,10379900,0.006404064221288364,293.3800048828125,292.32100067138674,9.633672010582833,1,-0.030382822381362473,0.050856672948659254,-0.009032632941508356,-0.005442611654327023,0.003622744205833642,0.7168372394318147,0.015340664143846714,0.003184654162995626
2025-10-24,292.6539306640625,294.9599914550781,297.95001220703125,294.3900146484375,295.57000732421875,8747000,0.014549514356634097,293.356005859375,293.4010009765625,8.545424287937154,1,-0.00040665284888141695,0.07901670786138038,0.00546771009853475,0.0053135145187870325,-0.0001533570677596484,0.6076461855561245,0.012069425216049789,0.016647735544983888
2025-10-27,295.9182434082031,298.25,300.4800109863281,293.69000244140625,298.6499938964844,13615000,0.01115408407998597,293.46600341796875,294.6520004272461,7.155436691912578,1,0.0018474564004595795,0.09157115985668152,0.01630170624982963,0.012211013560188944,-0.004025077065683061,0.9278739045601783,0.022766164442319783,0.012510179510119235
2025-10-28,299.17254638671875,301.5299987792969,302.1300048828125,296.0799865722656,298.32000732421875,11804200,0.010997481238212536,294.8700012207031,295.76399993896484,6.322018412052854,1,0.02383616441172398,0.07963045420150738,0.022586216064783393,0.01949526934150847,-0.003022675912031995,0.7951044382026256,0.020064399346796505,0.00023472698816018323
2025-10-29,302.7047424316406,305.0899963378906,307.9599914550781,302.3800048828125,305.79998779296875,16177300,0.011806445703598012,298.11199951171875,296.5949996948242,6.404566622794185,0,0.05611323449559591,0.05761429280985042,0.02340729939620423,0.02864173924647151,0.005114718112090366,1.083981731390328,0.01828964121814642,0.014161075285902935
2025-10-30,300.8493347167969,303.2200012207031,307.30999755859375,300.82000732421875,303.0799865722656,14507100,-0.0061293229526819815,300.60999755859376,297.3505004882812,6.240068094789698,0,0.04296078754305954,0.052445304353831546,0.008682358149451286,0.019739333624068323,0.010961801190716318,0.9582338551390526,0.021403569052989898,-0.006588251957625246
2025-10-31,298.0811462402344,300.42999267578125,307.67999267578125,296.67999267578125,305.989990234375,12667900,-0.009201268167303822,301.70399780273436,297.7625,6.152826508424176,1,0.01854489211814414,0.02820079457040081,-0.004222698857925367,0.008958457414151466,0.013237052357950968,0.8309988366055647,0.036614187225544444,0.00913524504491936
2025-11-03,302.47650146484375,304.8599853515625,310.1199951171875,302.1199951171875,302.5899963378906,12466600,0.014745507385349521,303.0259948730469,297.88549957275393,6.273811808623036,0,0.02216256614103096,0.008134892542095207,0.0060522546235148855,0.023413310781531305,0.01725661473172004,0.8267927377586214,0.026241554760866544,0.007189707135666801
2025-11-04,291.7510681152344,294.04998779296875,301.989990234375,293.510009765625,296.8800048828125,16224300,-0.035458892862333946,301.5299926757813,297.8864990234375,6.27316684004108,0,-0.024806855094385072,6.798290567244791e-05,-0.02480683535470174,-0.01287910409852755,0.01223114731378639,1.0649059462056536,0.02883856766122529,-0.02617588680766858
2025-11-05,291.3442687988281,293.6400146484375,298.2200012207031,291.5,292.6199951171875,10502500,-0.0013942294220392615,299.2399963378906,297.3425003051758,6.13793454820962,0,-0.037529849640734025,-0.035728276493356526,-0.01871401469718581,-0.012451922119906422,0.006381516368387681,0.6946329887340814,0.022885168524285397,-0.004863093811070196
2025-11-06,286.9786376953125,289.239990234375,294.6400146484375,287.3800048828125,294.1000061035156,11516900,-0.01498441695465269,296.443994140625,296.8104995727539,6.36338958923768,0,-0.04610517423008842,-0.035480907280215024,-0.024301399416554292,-0.025506204629810347,-0.0012348128946126562,0.7585718806943196,0.025100297368085642,0.0015665148894261627
2025-11-07,284.26007080078125,286.5,287.8900146484375,277.1300048828125,285.2099914550781,15715700,-0.00947306847906737,293.6579956054687,297.1024993896484,5.68064312353635,1,-0.04636685089831982,0.020808081884447827,-0.02437527910898618,-0.03568633522582143,-0.011593654685692288,1.0619986309173461,0.03755675310863874,-0.013933062216021086
2025-11-10,292.96148681640625,295.2699890136719,297.1300048828125,291.75,294.3599853515625,10869200,0.03061078189763311,291.7399963378906,296.7214981079102,5.525462312242613,0,-0.031457051757158294,-0.02515773140824773,0.012099789950270834,-0.004891823152329944,-0.0167884760685858,0.7587163696204917,0.018220628858300225,0.02743450384489532
2025-11-11,288.8935546875,291.1700134277344,294.9200134277344,288.9100036621094,292.05999755859375,9666300,-0.013885514066746762,291.16400146484375,296.4829986572266,5.662222682574631,0,-0.009794165906451546,-0.016118094797327398,2.0648029496639353e-05,-0.017920033369720145,-0.01794031096714684,0.6914033958969851,0.020640895313612462,-0.010871377297099749
2025-11-12,288.3478698730469,290.6199951171875,294.8699951171875,289.5799865722656,293.70001220703125,9715900,-0.0018889936641205418,290.55999755859375,295.778498840332,5.457585491813979,0,-0.01028476835783343,-0.046240677145527265,0.00020648939667489152,-0.017440428372480166,-0.017643274620023464,0.7236042954951519,0.01820249340651448,0.008689077386482946
2025-11-13,279.99371337890625,282.20001220703125,289.5,280.0,289.1700134277344,13827600,-0.02897248314508105,289.152001953125,294.89649963378906,6.1483443810419605,1,-0.02433957358952743,-0.058831324527435,-0.02404268239242824,-0.043054045885674075,-0.019479707923958818,1.0801635290528884,0.033664066580658,-0.004989270228527909
2025-11-14,282.59320068359375,284.82000732421875,286.8599853515625,273.2300109863281,275.9100036621094,11486800,0.00928417790168412,288.8160034179688,294.38350067138674,6.54731485753244,0,-0.005863848781086367,-0.03477016305724345,-0.013835784881930824,-0.03248651274734138,-0.018912395703972663,0.9193801539450315,0.04785469424456192,-0.022289185942016565
2025-11-17,279.8052062988281,282.010009765625,286.5299987792969,279.79998779296875,281.44000244140625,10227100,-0.009865871379586943,286.16400756835935,293.59900054931643,7.049727596932097,0,-0.044907981648730666,-0.0527040705342493,-0.01451614351515551,-0.03947217382214763,-0.025323631780238998,0.8290554882944784,0.023864440102396908,-0.011867160999560533
2025-11-18,275.73724365234375,277.9100036621094,280.19000244140625,272.7200012207031,277.54998779296875,11850400,-0.01453851268230899,283.5120056152344,292.7690002441406,7.866689265607063,1,-0.045540437387505905,-0.05636482819964639,-0.019759311218473408,-0.05075331257626425,-0.031618766403501745,0.9580849942274295,0.02687920953642733,-0.015815119386588194
2025-11-19,280.1623840332031,282.3699951171875,284.54998779296875,276.32000732421875,276.9200134277344,11179200,0.01604833002161632,281.86200561523435,292.44349975585936,8.165096484372949,0,-0.02838758563970567,-0.02253534220295328,0.0018022631352683227,-0.034445985795825584,-0.036183037576348116,0.919542877166026,0.029146087088093204,-0.0035622691566679077
2025-11-20,275.3304443359375,277.5,292.8500061035156,276.4100036621094,292.2099914550781,15747300,-0.017246857673976268,280.9220031738281,291.781999206543,8.820811792926557,0,-0.01665489724920055,-0.04550617578640781,-0.01218132839423991,-0.04894749931586162,-0.037219554538138085,1.2673154019708324,0.0592432520411036,0.03484788223977864
2025-11-21,272.90948486328125,275.05999755859375,278.69000244140625,266.82000732421875,272.80999755859375,20872800,-0.008792801590653099,278.9700012207031,290.78699951171876,9.536778970652943,1,-0.034267289918699095,-0.06746675641776012,-0.014015857063484183,-0.054084267795786456,-0.0406379869487233,1.6016568440543109,0.04315420352848267,-0.016900909698761235
2025-11-24,282.4146423339844,284.6400146484375,285.05999755859375,273.19000244140625,273.19000244140625,13570300,0.03482882707363877,279.4960021972656,290.10650024414065,9.461501970240722,1,0.009325927420087865,-0.04563280922569157,0.01840460117759135,-0.018843030373682734,-0.036574492601667674,1.0414842318782296,0.04170177946290609,-0.006798498995802316
2025-11-25,282.4543151855469,284.67999267578125,285.3999938964844,273.0799865722656,282.7300109863281,13726800,0.0001404511849576462,280.85,289.26399993896484,9.135341728539863,1,0.024360364594514516,-0.05588169061695547,0.013637146789322596,-0.01584714055033054,-0.02908761526059305,1.0457797179621968,0.04327668835600212,-0.006710242986982862
2025-11-26,287.6930236816406,289.9599914550781,292.80999755859375,287.7300109863281,289.1000061035156,12220300,0.018547136838345413,282.3679992675781,288.5074996948242,8.348372962285046,1,0.026879613518216328,-0.049591940294416714,0.026886871767312748,0.005034502610123948,-0.02128021085670324,0.9452546981176589,0.017519612091217208,0.01552625242887462
2025-11-28,289.23089599609375,291.510009765625,292.6700134277344,289.0,292.4800109863281,5515400,0.005345628211563147,285.1700012207031,287.9220001220703,7.643065180841353,0,0.050486521677928,-0.03861879627971787,0.02223238250090387,0.012461741867705545,-0.009558140399831976,0.44199346634381714,0.012589665208014907,0.008690921525428497
2025-12-01,285.43084716796875,287.67999267578125,291.1600036621094,283.19000244140625,286.9200134277344,7713000,-0.013138544000334984,287.6940002441406,287.2845001220703,7.053901595621701,1,0.04588088136843371,-0.04243917155688104,-4.868912228783717e-05,0.001376658168271927,0.0014254166928473742,0.6306251798749378,0.027704398719466772,-0.015745587403948824
2025-12-02,289.8063659667969,292.0899963378906,294.5,289.17999267578125,292.0,10746400,0.015329545934323896,289.1839965820312,286.64600067138673,5.8554271207023545,1,0.026173346353479898,-0.04188804574974181,0.010048964639144842,0.018992051707516833,0.008854112405894251,0.8848626274320259,0.01821358961593655,0.015016711047707298
2025-12-03,293.14013671875,295.45001220703125,296.6199951171875,286.07000732421875,292.17999267578125,9599200,0.011503358250084528,291.33800048828124,286.7160018920898,5.956103013126369,0,0.037832021246100966,0.004761178276423639,0.014114230590785537,0.030462235303590157,0.016120476588994084,0.8125649947453983,0.035708198873168555,0.0003081116745489165
2025-12-04,290.6398010253906,292.92999267578125,294.0299987792969,290.20001220703125,293.9800109863281,6753000,-0.008529427744562557,291.9320007324219,286.68050079345704,5.914632262476108,1,0.010242796621006356,-0.0024180014209109757,0.0034185767262771005,0.021799501064869276,0.018318301818331103,0.5808542591678293,0.013074750513870064,-0.00497546508704505
2025-12-05,292.4158020019531,294.7200012207031,300.79998779296875,293.25,296.04998779296875,10275300,0.006110704228580177,292.5739990234375,286.9545013427734,6.161235676247978,1,0.011011599422122709,0.018946242467674068,0.007334904005238396,0.027061781019610542,0.0195832358592329,0.8885670059409023,0.025617493762545452,0.010650992370865753
2025-12-08,299.5098876953125,301.8699951171875,302.6199951171875,296.7200012207031,301.20001220703125,16643100,0.024260294065111765,295.41199951171876,287.72300109863284,7.002665739319071,1,0.04932564934190098,0.05364745241601221,0.021860979297195327,0.04916879764404025,0.026723613974991525,1.4334808751217671,0.019544817278689678,0.02198700787014296
2025-12-09,301.0378723144531,303.4100036621094,304.67999267578125,298.5,299.989990234375,11349100,0.0051015621619632245,297.6760009765625,288.1300018310547,7.669218215111508,1,0.03875520375961017,0.027568039256643084,0.019262562876200207,0.05303162369052461,0.03313087524674048,0.9754892122536318,0.020368453911175453,-0.006227862699910491
2025-12-10,307.7153015136719,310.1400146484375,313.9800109863281,302.5,305.3699951171875,12429200,0.022181242889482755,300.61400146484374,289.07850189208983,9.103866150929331,0,0.04972077114389317,0.06515094393609755,0.031688521283689486,0.07285741630212872,0.03990438409377116,1.0557906155154297,0.03701557504387627,0.006459877497186461
2025-12-11,303.2831726074219,304.8500061035156,305.8399963378906,299.6400146484375,305.32000732421875,15028400,-0.017056839798367918,302.9980041503906,289.7900024414063,9.762890755253173,0,0.040692362427112716,0.04896432188222333,0.006112257928292397,0.051968679165025344,0.0455778377366725,1.2484097279996278,0.020337810612829195,-0.015541391296065132
2025-12-12,290.53900146484375,292.0400085449219,304.2799987792969,290.9800109863281,304.2799987792969,19306100,-0.042020657051402344,302.4620056152344,290.2820022583008,9.606960145185898,0,-0.009093351875274713,0.03486887282865059,-0.03445721074656383,0.006056201462523836,0.041959209534787094,1.5680768943368888,0.0455416634838337,-0.0018697960072376896
2025-12-15,286.2610778808594,287.739990234375,295.79998779296875,287.54998779296875,295.1499938964844,12082400,-0.01472407267747855,299.63600463867186,290.4280014038086,9.54154931381879,0,-0.046808245640071466,0.010252028772797406,-0.03970155195014746,-0.009255344376027264,0.031704943016360676,0.9789867555142143,0.02867171849585477,0.010649175662806876
2025-12-16,285.39556884765625,286.8699951171875,288.4599914550781,283.32000732421875,287.260009765625,11418400,-0.0030235460718507357,296.3280029296875,290.6710006713867,9.376336271045982,0,-0.05451372184597303,0.017233378898861007,-0.03191736089398267,-0.013076658990472723,0.019461873545122663,0.9207418090273564,0.017917468603712534,-0.0016681048343646365
2025-12-17,275.5364990234375,276.9599914550781,289.1000061035156,275.0799865722656,288.5299987792969,16823000,-0.03454527775922012,289.69199829101564,290.62350006103514,9.446529739835,1,-0.10698401246601774,-0.003418416733880103,-0.0439501501976155,-0.04701446580571589,-0.003205183922923919,1.3298882563428192,0.05062110038923797,0.0057866060946223374
2025-12-18,283.2168273925781,284.67999267578125,287.1600036621094,281.75,285.0,11260300,0.027874066503772443,285.6579956054687,290.73899993896487,9.353973797073937,1,-0.06616372978154184,0.008180747241345765,-0.003423684772465574,-0.02084002237214677,-0.017476170498497964,0.8898616167706787,0.01900380708619297,0.029029494486484175
2025-12-19,287.4648742675781,288.95001220703125,292.1700134277344,286.3800048828125,286.3800048828125,12735800,0.014999366450430873,285.0399963378906,291.3115005493164,8.837164074981152,1,-0.010580729514720999,0.04126130525056304,0.013717428849899571,-0.008106402726401729,-0.021528515694024527,1.0185857223806456,0.020038097595833852,0.005971660287933833
2025-12-22,291.77264404296875,293.2799987792969,295.010009765625,291.2099914550781,294.6700134277344,6091100,0.014985244469078562,286.147998046875,292.2225006103516,7.970270821768859,1,0.01925352308662176,0.06624009809649567,0.02492416784706486,0.0036188115793156506,-0.020787251326605766,0.5177600424333557,0.012956963742374117,0.01979581581261458
2025-12-23,295.42376708984375,296.95001220703125,297.9100036621094,292.20001220703125,293.3999938964844,6802300,0.012513684680202752,288.16400146484375,292.83800048828124,7.827944520867966,1,0.03513792749822442,0.04324760021460072,0.03048961944422257,0.014041933464555845,-0.015961039945785765,0.5953388476911726,0.01922879683566796,0.00040914865550645274
2025-12-24,297.2642517089844,298.79998779296875,299.1600036621094,296.2300109863281,297.739990234375,2753900,0.006229922579183755,292.53200073242186,293.54400024414065,7.6889568146754055,1,0.0788561417233904,0.049599534496506115,0.021426671423480315,0.01790528010947834,-0.0034475223846411568,0.25317898721969684,0.00980586611607016,0.002660306431619075
2025-12-26,301.2834777832031,302.8399963378906,303.3800048828125,298.5199890136719,299.8999938964844,5125900,0.013520778815162116,296.16400146484375,294.18800048828126,7.909211082977536,0,0.06379093764693033,0.04441993813759626,0.022541547385999117,0.0294097510274014,0.006716796651402514,0.4871340780503613,0.01604813078824011,0.0036814128127669044
2025-12-29,299.3733825683594,300.9200134277344,304.5,298.6499938964844,301.7799987792969,6205100,-0.006339925153129533,298.55800170898436,294.6585006713867,8.020623858814442,0,0.04142585469810145,0.03228020770084372,0.00791139981253064,0.02125006657564832,0.013233967554686307,0.587768363321193,0.01944040224137667,-0.003500190105044987
2025-12-30,298.0402526855469,299.5799865722656,304.54998779296875,299.45001220703125,302.3599853515625,6190600,-0.004453099812819716,299.8179992675781,295.2535003662109,7.9164010014456,0,0.021481136863034767,0.04136538584348415,-0.0007938572597172566,0.014653462874067325,0.015459592843795979,0.5906536919910733,0.01702375263544939,0.004785231488679154
