Date,Adj Close,Close,High,Low,Open,Volume
2020-01-02,53.503265380859375,60.040000915527344,60.119998931884766,59.599998474121094,59.599998474121094,8432600
2020-01-03,51.738834381103516,58.060001373291016,58.97999954223633,58.040000915527344,58.970001220703125,10546400
2020-01-06,51.14178466796875,57.38999938964844,57.689998626708984,57.130001068115234,57.599998474121094,8897200
2020-01-07,51.97053527832031,58.31999969482422,58.599998474121094,56.7400016784668,57.45000076293945,7444300
2020-01-08,52.35370635986328,58.75,58.97999954223633,58.11000061035156,58.189998626708984,5381500
2020-01-09,52.78145980834961,59.22999954223633,59.709999084472656,58.70000076293945,59.689998626708984,5112700
2020-01-10,52.45174789428711,58.86000061035156,59.70000076293945,58.77000045776367,59.70000076293945,4807700
2020-01-13,53.52109909057617,60.060001373291016,60.15999984741211,59.45000076293945,60.150001525878906,6613700
2020-01-14,53.7527961730957,60.31999969482422,60.63999938964844,59.91999816894531,60.15999984741211,6715200
2020-01-15,52.03290557861328,58.38999938964844,59.70000076293945,58.2599983215332,59.66999816894531,10075100
2020-01-16,52.35370635986328,58.75,59.689998626708984,58.29999923706055,59.20000076293945,11215700
2020-01-17,52.20223617553711,58.58000183105469,58.75,58.0099983215332,58.63999938964844,8125700
2020-01-21,51.899253845214844,58.2400016784668,59.0,57.470001220703125,57.9900016784668,9873700
2020-01-22,51.99726104736328,58.349998474121094,58.939998626708984,58.31999969482422,58.900001525878906,8124500
2020-01-23,51.22197341918945,57.47999954223633,58.06999969482422,56.619998931884766,57.86000061035156,9999200
2020-01-24,51.444759368896484,57.72999954223633,58.13999938964844,57.459999084472656,58.09000015258789,10402200
2020-01-27,49.243690490722656,55.2599983215332,55.9900016784668,55.060001373291016,55.619998931884766,9675500
2020-01-28,50.87444305419922,57.09000015258789,57.119998931884766,55.47999954223633,55.72999954223633,8124400
2020-01-29,50.96356201171875,57.189998626708984,57.52000045776367,56.849998474121094,57.52000045776367,7693400
2020-01-30,49.724910736083984,55.79999923706055,56.040000915527344,55.060001373291016,55.08000183105469,10295700
2020-01-31,48.06739044189453,53.939998626708984,55.47999954223633,53.599998474121094,55.43000030517578,13467200
2020-02-03,48.807029724121094,54.77000045776367,54.939998626708984,54.13999938964844,54.349998474121094,9594300
2020-02-04,51.257633209228516,57.52000045776367,57.63999938964844,56.900001525878906,56.91999816894531,12746600
2020-02-05,51.614078521728516,57.91999816894531,58.150001525878906,57.16999816894531,58.099998474121094,6594400
2020-02-06,51.70319366455078,58.02000045776367,58.279998779296875,57.279998779296875,58.27000045776367,4236300
2020-02-07,50.08134841918945,56.20000076293945,57.13999938964844,56.060001373291016,57.13999938964844,6808400
2020-02-10,50.812068939208984,57.02000045776367,57.04999923706055,56.34000015258789,56.439998626708984,4281200
2020-02-11,52.27351760864258,58.65999984741211,58.900001525878906,57.810001373291016,57.95000076293945,6523200
2020-02-12,53.137908935546875,59.630001068115234,59.75,58.900001525878906,59.25,5962900
2020-02-13,52.87057113647461,59.33000183105469,59.70000076293945,58.7400016784668,59.130001068115234,6460100
2020-02-14,51.854698181152344,58.189998626708984,59.16999816894531,57.869998931884766,59.02000045776367,6932400
2020-02-18,50.06351089477539,56.18000030517578,56.560001373291016,55.630001068115234,56.099998474121094,10989000
2020-02-19,51.36455154418945,57.63999938964844,57.939998626708984,57.0,57.25,7866300
2020-02-20,50.33085632324219,56.47999954223633,57.040000915527344,55.810001373291016,56.939998626708984,7192900
2020-02-21,49.53774642944336,55.59000015258789,56.650001525878906,55.52000045776367,56.650001525878906,6816600
2020-02-24,48.2277946472168,54.119998931884766,54.689998626708984,53.18000030517578,53.54999923706055,9968800
2020-02-25,47.99610900878906,53.86000061035156,55.470001220703125,53.83000183105469,55.33000183105469,12670700
2020-02-26,49.038719177246094,55.029998779296875,55.40999984741211,54.380001068115234,54.4900016784668,10969300
2020-02-27,47.488162994384766,53.290000915527344,54.599998474121094,53.27000045776367,54.20000076293945,11878900
2020-02-28,47.97828674316406,53.84000015258789,54.04999923706055,51.0,51.349998474121094,13604500
2020-03-02,49.88529586791992,55.97999954223633,56.0099983215332,53.83000183105469,54.369998931884766,13797700
2020-03-03,48.905059814453125,54.880001068115234,56.369998931884766,54.040000915527344,56.29999923706055,14661800
2020-03-04,50.865535736083984,57.08000183105469,57.09000015258789,55.54999923706055,55.970001220703125,9878200
2020-03-05,49.66250991821289,55.72999954223633,56.38999938964844,55.25,56.11000061035156,10004200
2020-03-06,49.074363708496094,55.06999969482422,55.08000183105469,53.970001220703125,54.599998474121094,12971200
2020-03-09,46.18711853027344,51.83000183105469,54.13999938964844,51.060001373291016,51.54999923706055,13781100
2020-03-10,48.57533264160156,54.5099983215332,54.619998931884766,52.4900016784668,53.709999084472656,11698700
2020-03-11,46.5524787902832,52.2400016784668,53.560001373291016,52.09000015258789,53.11000061035156,14498000
2020-03-12,43.388973236083984,48.689998626708984,50.9900016784668,48.5099983215332,49.65999984741211,15942200
2020-03-13,46.54356384277344,52.22999954223633,52.459999084472656,49.290000915527344,51.900001525878906,14948700
2020-03-16,40.01160430908203,44.900001525878906,48.349998474121094,44.900001525878906,46.34000015258789,16628200
2020-03-17,43.25531005859375,48.540000915527344,48.560001373291016,45.029998779296875,45.75,13415700
2020-03-18,39.539310455322266,44.369998931884766,46.09000015258789,43.2599983215332,43.79999923706055,15018500
2020-03-19,39.48263168334961,43.88999938964844,45.18000030517578,42.70000076293945,43.7400016784668,11182600
2020-03-20,40.0583610534668,44.529998779296875,48.279998779296875,44.47999954223633,48.02000045776367,14157700
2020-03-23,40.71506118774414,45.2599983215332,45.61000061035156,43.52000045776367,45.119998931884766,10508600
2020-03-24,43.96255111694336,48.869998931884766,48.91999816894531,47.5,48.0,12216200
2020-03-25,44.07949447631836,49.0,50.04999923706055,48.04999923706055,49.29999923706055,9796600
2020-03-26,44.86214065551758,49.869998931884766,50.459999084472656,48.91999816894531,49.099998474121094,10577500
2020-03-27,42.199363708496094,46.90999984741211,48.09000015258789,46.5099983215332,47.22999954223633,12158500
2020-03-30,43.017982482910156,47.81999969482422,48.15999984741211,46.77000045776367,47.18000030517578,8428300
2020-03-31,42.99100112915039,47.790000915527344,49.029998779296875,47.65999984741211,47.79999923706055,9595700
2020-04-01,41.839534759521484,46.5099983215332,47.560001373291016,46.29999923706055,46.83000183105469,8755200
2020-04-02,43.29686737060547,48.130001068115234,48.220001220703125,46.61000061035156,46.91999816894531,6174700
2020-04-03,42.33430099487305,47.060001373291016,48.150001525878906,46.779998779296875,47.790000915527344,5486200
2020-04-06,44.952083587646484,49.970001220703125,50.099998474121094,48.5099983215332,48.630001068115234,7370300
2020-04-07,44.727195739746094,49.720001220703125,51.31999969482422,49.65999984741211,51.290000915527344,6568700
2020-04-08,45.22195816040039,50.27000045776367,50.599998474121094,49.540000915527344,50.209999084472656,6325900
2020-04-09,43.476776123046875,48.33000183105469,50.65999984741211,47.720001220703125,50.279998779296875,12274000
2020-04-13,43.8546028137207,48.75,49.09000015258789,47.959999084472656,48.7400016784668,9873200
2020-04-14,45.54581832885742,50.630001068115234,51.27000045776367,49.95000076293945,50.0,11068800
2020-04-15,44.6732177734375,49.65999984741211,49.970001220703125,49.040000915527344,49.7599983215332,9398100
2020-04-16,47.138084411621094,52.400001525878906,53.13999938964844,51.68000030517578,51.810001373291016,18615900
2020-04-17,48.298526763916016,53.689998626708984,54.189998626708984,53.0,54.130001068115234,11288500
2020-04-20,47.30899429321289,52.59000015258789,53.81999969482422,52.560001373291016,53.0,9901700
2020-04-21,46.211509704589844,51.369998931884766,51.810001373291016,50.52000045776367,51.599998474121094,13102500
2020-04-22,47.63285446166992,52.95000076293945,53.11000061035156,52.40999984741211,52.47999954223633,8255500
2020-04-23,47.35396957397461,52.63999938964844,53.130001068115234,52.2599983215332,52.810001373291016,7619900
2020-04-24,47.434932708740234,52.72999954223633,52.88999938964844,52.0,52.599998474121094,5701800
2020-04-27,48.1366081237793,53.5099983215332,53.75,52.970001220703125,53.150001525878906,5812300
2020-04-28,47.461917877197266,52.7599983215332,53.72999954223633,52.68000030517578,53.5099983215332,8561100
2020-04-29,49.00919723510742,54.47999954223633,54.689998626708984,53.43000030517578,53.75,8565500
2020-04-30,47.79476547241211,53.130001068115234,54.40999984741211,52.959999084472656,54.20000076293945,6337900
2020-05-01,45.96862030029297,51.099998474121094,52.560001373291016,51.09000015258789,52.47999954223633,10238700
2020-05-04,46.91317367553711,52.150001525878906,52.18000030517578,51.279998779296875,51.790000915527344,7514000
2020-05-05,46.517364501953125,51.709999084472656,52.58000183105469,51.58000183105469,52.209999084472656,7780700
2020-05-06,46.89519119262695,52.130001068115234,52.619998931884766,52.0,52.11000061035156,8206700
2020-05-07,47.07509994506836,52.33000183105469,52.97999954223633,52.099998474121094,52.95000076293945,5493400
2020-05-08,47.59685134887695,52.90999984741211,53.34000015258789,52.470001220703125,52.619998931884766,6086000
2020-05-11,47.138084411621094,52.400001525878906,52.83000183105469,52.380001068115234,52.61000061035156,6459300
2020-05-12,45.96862030029297,51.099998474121094,52.63999938964844,51.08000183105469,52.63999938964844,8584500
2020-05-13,45.80668258666992,50.91999816894531,52.02000045776367,50.47999954223633,51.90999984741211,8611000
2020-05-14,46.868202209472656,52.099998474121094,52.150001525878906,49.790000915527344,50.43000030517578,13695600
2020-05-15,44.799156188964844,49.79999923706055,51.04999923706055,49.380001068115234,50.560001373291016,17777200
2020-05-18,46.66128921508789,51.869998931884766,52.189998626708984,50.77000045776367,50.939998626708984,12726500
2020-05-19,45.707733154296875,50.810001373291016,51.459999084472656,50.79999923706055,51.349998474121094,12940300
2020-05-20,46.634307861328125,51.84000015258789,52.09000015258789,50.5,51.58000183105469,8406200
2020-05-21,45.65376281738281,50.75,52.209999084472656,50.689998626708984,52.099998474121094,7842600
2020-05-22,44.799156188964844,49.79999923706055,50.86000061035156,49.61000061035156,50.84000015258789,12462300
2020-05-26,45.71674346923828,50.81999969482422,51.400001525878906,50.790000915527344,51.29999923706055,8872000
2020-05-27,46.544349670410156,51.7400016784668,51.7400016784668,50.75,51.029998779296875,11405700
2020-05-28,45.230960845947266,50.279998779296875,51.619998931884766,50.099998474121094,51.459999084472656,8178700
2020-05-29,45.275943756103516,50.33000183105469,50.72999954223633,49.86000061035156,50.34000015258789,10918500
2020-06-01,45.905643463134766,51.029998779296875,51.279998779296875,50.540000915527344,50.90999984741211,6187300
2020-06-02,46.78723907470703,52.0099983215332,52.040000915527344,51.290000915527344,51.45000076293945,6063600
2020-06-03,47.73178482055664,53.060001373291016,53.25,52.41999816894531,52.63999938964844,8380200
2020-06-04,48.829280853271484,54.279998779296875,54.369998931884766,53.029998779296875,53.060001373291016,13269500
2020-06-05,49.65689468383789,55.20000076293945,56.34000015258789,55.060001373291016,55.5,9776100
2020-06-08,49.98975372314453,55.56999969482422,55.779998779296875,54.709999084472656,55.7400016784668,6302100
2020-06-09,50.925315856933594,56.61000061035156,56.630001068115234,54.95000076293945,55.290000915527344,9355100
2020-06-10,51.77092742919922,57.54999923706055,58.040000915527344,56.81999969482422,56.81999969482422,9194300
2020-06-11,49.512969970703125,55.040000915527344,56.40999984741211,55.0099983215332,55.849998474121094,9877100
2020-06-12,50.376564025878906,56.0,56.869998931884766,55.349998474121094,56.5,9838800
2020-06-15,50.394561767578125,56.02000045776367,56.119998931884766,54.52000045776367,54.709999084472656,7509700
2020-06-16,50.1966552734375,55.79999923706055,57.0,55.540000915527344,56.59000015258789,8827200
2020-06-17,50.91631317138672,56.599998474121094,56.81999969482422,55.88999938964844,56.150001525878906,8248700
2020-06-18,50.88913345336914,56.150001525878906,56.540000915527344,55.790000915527344,56.040000915527344,6831500
2020-06-19,50.127845764160156,55.310001373291016,56.5,55.27000045776367,56.47999954223633,6965100
2020-06-22,50.753177642822266,56.0,56.0,55.31999969482422,55.5,4480400
2020-06-23,51.441978454589844,56.7599983215332,57.15999984741211,56.529998779296875,56.63999938964844,7836500
2020-06-24,51.278831481933594,56.58000183105469,57.060001373291016,56.15999984741211,56.709999084472656,7080200
2020-06-25,51.695743560791016,57.040000915527344,57.09000015258789,55.95000076293945,56.560001373291016,4509600
2020-06-26,51.05226516723633,56.33000183105469,57.2599983215332,56.209999084472656,57.0,6229300
2020-06-29,51.10663986206055,56.38999938964844,56.40999984741211,55.65999984741211,56.34000015258789,5016600
2020-06-30,51.45103073120117,56.77000045776367,56.9900016784668,56.189998626708984,56.25,7158700
2020-07-01,51.49635696411133,56.81999969482422,57.470001220703125,56.7599983215332,56.970001220703125,6866500
2020-07-02,53.127708435058594,58.619998931884766,59.06999969482422,57.95000076293945,57.95000076293945,10021200
2020-07-06,56.0822639465332,61.880001068115234,62.130001068115234,60.560001373291016,60.66999816894531,12725600
2020-07-07,55.02188491821289,60.709999084472656,61.5,60.68000030517578,61.2599983215332,6672300
2020-07-08,56.725738525390625,62.59000015258789,62.7400016784668,61.5,61.63999938964844,8721900
2020-07-09,58.710548400878906,64.77999877929688,64.97000122070312,62.88999938964844,62.95000076293945,16903300
2020-07-10,57.86768341064453,63.849998474121094,64.55999755859375,63.189998626708984,64.47000122070312,10700000
2020-07-13,58.973384857177734,65.06999969482422,67.08000183105469,64.9800033569336,65.19999694824219,16667700
2020-07-14,60.686302185058594,66.95999908447266,67.02999877929688,65.33000183105469,66.0,10482700
2020-07-15,59.87063217163086,66.05999755859375,67.20999908447266,65.16000366210938,67.18000030517578,12432500
2020-07-16,60.35097885131836,66.58999633789062,66.62999725341797,64.31999969482422,65.37999725341797,15709400
2020-07-17,60.17876434326172,66.4000015258789,68.0,66.37000274658203,67.30999755859375,11716600
2020-07-20,60.62285232543945,66.88999938964844,66.9800033569336,65.80000305175781,66.69999694824219,6357300
2020-07-21,61.4566764831543,67.80999755859375,69.25,67.70999908447266,68.83999633789062,10619700
2020-07-22,62.10921096801758,68.52999877929688,68.9000015258789,68.02999877929688,68.0999984741211,7366100
2020-07-23,61.05790710449219,67.37000274658203,68.5,66.75,68.26000213623047,8559500
2020-07-24,66.97607421875,73.9000015258789,76.88999938964844,71.3499984741211,71.4000015258789,41226800
2020-07-27,75.45004272460938,83.25,83.4000015258789,80.43000030517578,81.36000061035156,39899200
2020-07-28,69.713134765625,76.91999816894531,79.58000183105469,76.48999786376953,79.3499984741211,31500100
2020-07-29,74.92436981201172,82.66999816894531,83.37000274658203,77.05999755859375,77.11000061035156,28304000
2020-07-30,72.44111633300781,79.93000030517578,81.27999877929688,78.61000061035156,80.01000213623047,16820300
2020-07-31,71.49854278564453,78.88999938964844,79.7699966430664,77.51000213623047,79.62999725341797,12021200
2020-08-03,71.55291748046875,78.94999694824219,79.1500015258789,77.41000366210938,77.7699966430664,10129800
2020-08-04,72.6767349243164,80.19000244140625,80.19000244140625,78.73999786376953,79.33000183105469,12569400
2020-08-05,73.9818115234375,81.62999725341797,84.0,80.56999969482422,80.9800033569336,14436300
2020-08-06,72.97582244873047,80.5199966430664,82.0999984741211,80.22000122070312,82.04000091552734,9838700
2020-08-07,72.53173065185547,80.02999877929688,80.79000091552734,79.41000366210938,80.48999786376953,8705800
2020-08-10,72.38673400878906,79.87000274658203,80.8499984741211,79.22000122070312,80.55000305175781,7421400
2020-08-11,70.63756561279297,77.94000244140625,79.19999694824219,77.94000244140625,79.08999633789062,7056300
2020-08-12,71.95169830322266,79.38999938964844,79.55000305175781,77.7300033569336,78.16000366210938,8354400
2020-08-13,70.96382904052734,78.30000305175781,79.0999984741211,77.83000183105469,79.0,6551800
2020-08-14,71.06351470947266,78.41000366210938,79.2300033569336,78.05000305175781,78.41999816894531,5611200
2020-08-17,72.6767349243164,80.19000244140625,80.88999938964844,79.66000366210938,79.80000305175781,8663900
2020-08-18,71.9698257446289,79.41000366210938,80.81999969482422,79.25,80.22000122070312,6804800
2020-08-19,71.18133544921875,78.54000091552734,79.2300033569336,78.25,79.01000213623047,7976800
2020-08-20,69.6134262084961,76.80999755859375,77.0999984741211,75.9800033569336,76.31999969482422,11457100
2020-08-21,71.00006866455078,78.33999633789062,78.7300033569336,77.86000061035156,78.0199966430664,7942300
2020-08-24,71.5075912475586,78.9000015258789,79.91000366210938,78.48999786376953,79.7300033569336,6405600
2020-08-25,72.5407943725586,80.04000091552734,80.4800033569336,79.47000122070312,79.8499984741211,6113100
2020-08-26,74.090576171875,81.75,82.16999816894531,81.01000213623047,81.25,7821600
2020-08-27,73.04830932617188,80.5999984741211,82.30999755859375,80.16999816894531,82.18000030517578,8018200
2020-08-28,72.90331268310547,80.44000244140625,80.87999725341797,79.91000366210938,80.05999755859375,5699500
2020-08-31,71.82481384277344,79.25,79.76000213623047,78.69000244140625,79.0,9812900
2020-09-01,73.9093246459961,81.55000305175781,81.5999984741211,79.98999786376953,80.12000274658203,10193300
2020-09-02,74.47123718261719,82.16999816894531,82.70999908447266,79.87999725341797,81.3499984741211,12567800
2020-09-03,73.57398986816406,81.18000030517578,81.80999755859375,78.37999725341797,81.12000274658203,20090100
2020-09-04,71.51666259765625,78.91000366210938,81.47000122070312,77.41000366210938,80.5,13638700
2020-09-08,70.07566833496094,77.31999969482422,79.1500015258789,77.22000122070312,78.0199966430664,11553500
2020-09-09,71.96075439453125,79.4000015258789,79.69999694824219,78.55000305175781,78.62000274658203,7867500
2020-09-10,71.5075912475586,78.9000015258789,81.2300033569336,78.76000213623047,80.73999786376953,11241800
2020-09-11,71.43509674072266,78.81999969482422,80.30000305175781,78.5999984741211,80.01000213623047,7853500
2020-09-14,72.95769500732422,80.5,81.12000274658203,79.94999694824219,80.5,7091100
2020-09-15,77.80641174316406,85.8499984741211,86.79000091552734,81.37999725341797,81.55999755859375,21048400
2020-09-16,75.34125518798828,83.12999725341797,86.48999786376953,83.04000091552734,86.48999786376953,14492600
2020-09-17,74.6188735961914,81.91000366210938,82.29000091552734,80.61000061035156,81.0,10090200
2020-09-18,73.08843231201172,80.2300033569336,82.83999633789062,80.11000061035156,82.37000274658203,10528300
2020-09-21,73.4163818359375,80.58999633789062,80.6500015258789,79.08000183105469,79.80000305175781,8417100
2020-09-22,73.31617736816406,80.4800033569336,80.88999938964844,79.4000015258789,80.83000183105469,6375200
2020-09-23,70.9840316772461,77.91999816894531,79.93000030517578,77.88999938964844,79.69999694824219,9094700
2020-09-24,71.4030990600586,78.37999725341797,79.0,76.16999816894531,76.81999969482422,9940900
2020-09-25,71.85858917236328,78.87999725341797,78.91999816894531,77.38999938964844,78.16999816894531,6057500
2020-09-28,72.66937255859375,79.7699966430664,80.37000274658203,79.47000122070312,80.30999755859375,5999300
2020-09-29,73.34349822998047,80.51000213623047,81.23999786376953,79.30999755859375,79.69999694824219,6114600
2020-09-30,73.85365295410156,81.06999969482422,81.94000244140625,80.56999969482422,80.58999633789062,5878900
2020-10-01,75.26566314697266,82.62000274658203,82.72000122070312,81.73999786376953,82.05999755859375,6253800
2020-10-02,73.6076431274414,80.80000305175781,82.19999694824219,80.61000061035156,80.70999908447266,6145900
2020-10-05,77.0147705078125,84.54000091552734,84.62999725341797,81.55000305175781,81.55000305175781,10129100
2020-10-06,75.72117614746094,83.12000274658203,84.44999694824219,82.7699966430664,83.7699966430664,7795600
2020-10-07,79.18291473388672,86.91999816894531,87.0,84.77999877929688,84.77999877929688,11446400
2020-10-08,79.98458862304688,87.80000305175781,88.86000061035156,86.5199966430664,88.86000061035156,10920800
2020-10-09,80.87735748291016,88.77999877929688,88.80000305175781,87.63999938964844,88.33999633789062,7608800
2020-10-12,82.8177719116211,90.91000366210938,91.2699966430664,88.68000030517578,89.12000274658203,10022000
2020-10-13,81.66079711914062,89.63999938964844,90.6500015258789,89.43000030517578,90.5,8247000
2020-10-14,80.71334838867188,88.5999984741211,89.87999725341797,88.2699966430664,89.6500015258789,8159000
2020-10-15,80.30343627929688,88.1500015258789,89.48999786376953,87.19000244140625,87.29000091552734,10327900
2020-10-16,78.98249816894531,86.69999694824219,88.58999633789062,86.44000244140625,88.55000305175781,7457200
2020-10-19,79.76593780517578,87.55999755859375,89.62000274658203,87.29000091552734,88.33999633789062,7994500
2020-10-20,80.40362548828125,88.26000213623047,88.9800033569336,87.7699966430664,87.79000091552734,7357600
2020-10-21,79.83882904052734,87.63999938964844,88.87000274658203,87.56999969482422,88.0,7387600
2020-10-22,80.35807800292969,88.20999908447266,88.94000244140625,87.87999725341797,88.44000244140625,5656200
2020-10-23,80.44918060302734,88.30999755859375,88.44999694824219,87.43000030517578,88.25,4165400
2020-10-26,79.00980377197266,86.7300033569336,87.77999877929688,85.7699966430664,87.20999908447266,5568000
2020-10-27,78.99163055419922,86.70999908447266,87.22000122070312,85.9800033569336,86.95999908447266,5315800
2020-10-28,76.38616943359375,83.8499984741211,85.41000366210938,83.83999633789062,85.1500015258789,8727300
2020-10-29,77.33361053466797,84.88999938964844,85.33000183105469,84.0199966430664,84.2699966430664,5845600
2020-10-30,76.4044189453125,83.87000274658203,84.75,83.16000366210938,84.43000030517578,4963600
2020-11-02,78.08061218261719,85.70999908447266,85.95999908447266,84.52999877929688,84.5999984741211,6597100
2020-11-03,79.88438415527344,87.69000244140625,88.23999786376953,86.05999755859375,86.19000244140625,6274700
2020-11-04,81.4876937866211,89.44999694824219,89.7699966430664,88.45999908447266,88.72000122070312,7620800
2020-11-05,82.3804702758789,90.43000030517578,90.95999908447266,89.7699966430664,90.41999816894531,6670100
2020-11-06,83.27323913574219,91.41000366210938,91.5,89.05000305175781,89.80999755859375,6403000
2020-11-09,81.1050796508789,89.02999877929688,92.4800033569336,88.94000244140625,92.19999694824219,8978000
2020-11-10,79.8570556640625,87.66000366210938,88.80000305175781,86.69999694824219,88.4000015258789,8350100
2020-11-11,82.7904052734375,90.87999725341797,91.18000030517578,89.36000061035156,89.5,7707300
2020-11-12,81.82478332519531,89.81999969482422,91.88999938964844,89.77999877929688,90.87999725341797,7474600
2020-11-13,84.922119140625,93.22000122070312,93.80999755859375,91.20999908447266,91.54000091552734,9170900
2020-11-16,90.43360137939453,99.2699966430664,102.44000244140625,96.36000061035156,96.41999816894531,18436200
2020-11-17,87.19047546386719,95.70999908447266,98.08999633789062,95.69000244140625,97.9800033569336,10843700
2020-11-18,88.30189514160156,96.93000030517578,98.80000305175781,96.37000274658203,98.5199966430664,8526600
2020-11-19,88.01036834716797,96.61000061035156,96.86000061035156,95.62000274658203,96.7699966430664,5542800
2020-11-20,86.84432220458984,95.33000183105469,97.19999694824219,95.30000305175781,96.66000366210938,5329800
2020-11-23,89.39506530761719,98.12999725341797,98.93000030517578,96.8499984741211,97.16000366210938,8802400
2020-11-24,88.03770446777344,96.63999938964844,98.58999633789062,96.0199966430664,98.48999786376953,7022800
2020-11-25,88.8120346069336,97.48999786376953,97.98999786376953,96.13999938964844,96.19999694824219,5194900
2020-11-27,89.95076751708984,98.73999786376953,99.2699966430664,98.05000305175781,98.54000091552734,4367100
2020-11-30,88.38385772705078,97.0199966430664,97.94999694824219,96.19999694824219,97.55999755859375,13840500
2020-12-01,91.88204193115234,100.86000061035156,104.30000305175781,98.5199966430664,98.69000244140625,16157300
2020-12-02,90.6795654296875,99.54000091552734,102.04000091552734,99.5199966430664,102.0,8676300
2020-12-03,90.64311218261719,99.5,101.19000244140625,99.43000030517578,101.05999755859375,7359000
2020-12-04,94.49659729003906,103.7300033569336,103.75,100.69999694824219,101.51000213623047,10824500
2020-12-07,96.91980743408203,106.38999938964844,107.61000061035156,104.97000122070312,106.0199966430664,11793000
2020-12-08,96.23657989501953,105.63999938964844,107.83999633789062,105.11000061035156,107.77999877929688,9876200
2020-12-09,95.12517547607422,104.41999816894531,106.5999984741211,103.51000213623047,106.01000213623047,8204100
2020-12-10,94.95206451416016,104.2300033569336,105.11000061035156,102.19999694824219,103.0,7135000
2020-12-11,94.7698974609375,104.02999877929688,105.12000274658203,103.22000122070312,104.01000213623047,7492600
2020-12-14,94.34172821044922,103.55999755859375,104.9000015258789,103.5,103.7699966430664,5878000
2020-12-15,95.73552703857422,105.08999633789062,106.37999725341797,104.41999816894531,105.68000030517578,7399900
2020-12-16,95.83574676513672,105.19999694824219,105.66999816894531,103.95999908447266,105.6500015258789,5986900
2020-12-17,95.05081939697266,103.9000015258789,105.31999969482422,103.8499984741211,104.9000015258789,7779300
2020-12-18,95.39844512939453,104.27999877929688,104.80000305175781,103.16000366210938,104.0,7417000
2020-12-21,95.901611328125,104.83000183105469,104.95999908447266,103.31999969482422,103.55999755859375,6116400
2020-12-22,95.08740234375,103.94000244140625,105.22000122070312,102.91000366210938,105.06999969482422,5597100
2020-12-23,94.92273712158203,103.76000213623047,104.87000274658203,103.5999984741211,104.66999816894531,3320800
2020-12-24,96.94451141357422,105.97000122070312,106.33999633789062,104.66999816894531,104.76000213623047,3172100
2020-12-28,97.10919189453125,106.1500015258789,108.16999816894531,105.94999694824219,107.5999984741211,5157000
2020-12-29,96.56944274902344,105.55999755859375,107.1500015258789,105.22000122070312,107.0,4602400
2020-12-30,99.6249771118164,108.9000015258789,109.69999694824219,107.4000015258789,107.69999694824219,9571800
2020-12-31,99.75303649902344,109.04000091552734,109.66999816894531,108.44000244140625,109.66000366210938,4909500
2021-01-04,102.1865005493164,111.69999694824219,114.0999984741211,110.44999694824219,111.47000122070312,11262100
2021-01-05,103.16535186767578,112.7699966430664,114.94999694824219,112.01000213623047,112.41000366210938,10583600
2021-01-06,105.76346588134766,115.61000061035156,116.38999938964844,112.55000305175781,113.8499984741211,10609300
2021-01-07,111.0877914428711,121.43000030517578,122.94000244140625,117.58999633789062,119.33999633789062,13556100
2021-01-08,108.5811538696289,118.69000244140625,126.29000091552734,116.9800033569336,125.91000366210938,18976800
2021-01-11,112.15812683105469,122.5999984741211,123.5999984741211,118.80000305175781,119.73999786376953,12006800
2021-01-12,112.52408599853516,123.0,125.19999694824219,121.68000030517578,125.16000366210938,14163200
2021-01-13,109.07516479492188,119.2300033569336,124.80000305175781,118.0,124.4000015258789,20650500
2021-01-14,115.68021392822266,126.44999694824219,134.64999389648438,121.66999816894531,123.44999694824219,37125400
2021-01-15,114.56414031982422,125.2300033569336,128.5399932861328,123.20999908447266,128.47000122070312,17343100
2021-01-19,120.11715698242188,131.3000030517578,134.0500030517578,128.44000244140625,130.58999633789062,20443800
2021-01-20,119.51335906982422,130.63999938964844,136.1300048828125,130.10000610351562,135.19000244140625,17360700
2021-01-21,122.73355102539062,134.16000366210938,135.39999389648438,132.33999633789062,133.25,15460100
2021-01-22,118.14112091064453,129.13999938964844,131.25,128.80999755859375,130.0399932861328,19163200
2021-01-25,119.4035873413086,130.52000427246094,132.1699981689453,127.3499984741211,131.8300018310547,20469300
2021-01-26,115.86321258544922,126.6500015258789,129.32000732421875,126.25,129.0500030517578,17084600
2021-01-27,111.37136840820312,121.73999786376953,125.0999984741211,121.5,124.94999694824219,16732700
2021-01-28,115.113037109375,125.83000183105469,127.58000183105469,123.58000183105469,124.5,14148100
2021-01-29,111.17012023925781,121.5199966430664,124.36000061035156,120.55000305175781,124.0,15169200
2021-02-01,115.87234497070312,126.66000366210938,126.8499984741211,123.37999725341797,124.54000091552734,10179900
2021-02-02,117.50074005126953,128.44000244140625,130.25,127.44999694824219,129.47000122070312,9302400
2021-02-03,116.64080047607422,127.5,129.13999938964844,126.05999755859375,129.0,9676600
2021-02-04,117.23542785644531,128.14999389648438,128.1999969482422,125.97000122070312,127.5,7445100
2021-02-05,116.89696502685547,127.77999877929688,128.8800048828125,126.69999694824219,128.7899932861328,6226800
2021-02-08,121.26068115234375,132.5500030517578,133.25,128.6999969482422,128.6999969482422,11160000
2021-02-09,121.3796157836914,132.67999267578125,134.41000366210938,131.75,133.97999572753906,7929100
2021-02-10,122.30358123779297,133.69000244140625,136.0,132.50999450683594,134.1199951171875,12196300
2021-02-11,127.3077163696289,139.16000366210938,139.22999572753906,134.05999755859375,135.39999389648438,12347900
2021-02-12,126.30139923095703,138.05999755859375,139.80999755859375,137.16000366210938,138.9199981689453,11114100
2021-02-16,128.12188720703125,140.0500030517578,142.1999969482422,139.4199981689453,141.61000061035156,11833600
2021-02-17,124.66384887695312,136.27000427246094,139.63999938964844,136.10000610351562,139.2100067138672,12311200
2021-02-18,123.16354370117188,134.6300048828125,135.8800048828125,133.39999389648438,134.85000610351562,11614600
2021-02-19,125.02068328857422,136.66000366210938,137.9499969482422,135.72000122070312,136.14999389648438,10771900
2021-02-22,122.19383239746094,133.57000732421875,135.27999877929688,133.17999267578125,133.58999633789062,10363800
2021-02-23,118.10453033447266,129.10000610351562,131.74000549316406,125.37999725341797,129.10000610351562,18444700
2021-02-24,121.0320053100586,132.3000030517578,132.3800048828125,127.68000030517578,129.50999450683594,12782900
2021-02-25,115.2685546875,126.0,131.5399932861328,125.72000122070312,131.52000427246094,13581200
2021-02-26,115.21367645263672,125.94000244140625,127.38999938964844,122.83000183105469,125.43000030517578,17281000
2021-03-01,118.1319808959961,129.1300048828125,130.3000030517578,127.23999786376953,129.6300048828125,9714900
2021-03-02,115.2685546875,126.0,128.52000427246094,126.0,128.42999267578125,8274500
2021-03-03,112.4234390258789,122.88999938964844,127.76000213623047,122.70999908447266,126.72000122070312,10660300
2021-03-04,105.74517822265625,115.58999633789062,123.1500015258789,113.48999786376953,121.94999694824219,24454200
2021-03-05,110.5114517211914,120.80000305175781,121.30000305175781,115.37999725341797,120.9000015258789,17448700
2021-03-08,104.2265625,113.93000030517578,121.0,113.69999694824219,120.54000091552734,17246900
2021-03-09,106.46790313720703,116.37999725341797,118.4000015258789,115.33000183105469,117.06999969482422,17717100
2021-03-10,104.13507843017578,113.83000183105469,118.02999877929688,113.41000366210938,117.80000305175781,15240300
2021-03-11,110.31017303466797,120.58000183105469,120.80000305175781,117.06999969482422,118.23999786376953,15091600
2021-03-12,108.22434997558594,118.30000305175781,119.0,117.27999877929688,119.0,8171000
2021-03-15,108.93791961669922,119.08000183105469,119.11000061035156,116.70999908447266,118.6500015258789,8935000
2021-03-16,109.18494415283203,119.3499984741211,121.25,118.0999984741211,119.72000122070312,10793400
2021-03-17,109.0545425415039,118.76000213623047,119.5199966430664,115.38999938964844,117.75,9890400
2021-03-18,105.1426773071289,114.5,118.33000183105469,114.0999984741211,118.0,10283800
2021-03-19,104.34375762939453,113.62999725341797,114.88999938964844,113.20999908447266,114.37999725341797,11536000
2021-03-22,107.60364532470703,117.18000030517578,118.33000183105469,114.79000091552734,114.79000091552734,9376400
2021-03-23,105.50082397460938,114.88999938964844,116.75,114.62000274658203,116.0999984741211,8977400
2021-03-24,100.0553970336914,108.95999908447266,114.69000244140625,108.8499984741211,112.47000122070312,24196100
2021-03-25,101.42366027832031,110.44999694824219,112.75,107.88999938964844,108.0,16772400
2021-03-26,107.03433227539062,116.55999755859375,116.69999694824219,111.19999694824219,112.0,12910900
2021-03-29,105.04167175292969,114.38999938964844,116.76000213623047,112.38999938964844,116.55000305175781,10863600
2021-03-30,105.66610717773438,115.06999969482422,116.08999633789062,114.29000091552734,115.27999877929688,8206200
2021-03-31,108.61376953125,118.27999877929688,118.36000061035156,115.55999755859375,115.79000091552734,9806500
2021-04-01,114.60092163085938,124.80000305175781,124.87999725341797,121.63999938964844,122.80999755859375,17904000
2021-04-05,114.325439453125,124.5,127.4000015258789,122.68000030517578,127.06999969482422,14113900
2021-04-06,112.43379974365234,122.44000244140625,124.01000213623047,121.54000091552734,124.0,13042300
2021-04-07,110.09219360351562,119.88999938964844,122.61000061035156,119.83999633789062,122.44000244140625,11193200
2021-04-08,113.34288024902344,123.43000030517578,123.81999969482422,121.37999725341797,121.37999725341797,10226700
2021-04-09,112.76437377929688,122.80000305175781,123.44000244140625,121.69999694824219,122.75,8315200
2021-04-12,111.01964569091797,120.9000015258789,122.45999908447266,119.23999786376953,122.20999908447266,9868400
2021-04-13,111.35941314697266,121.2699966430664,122.9000015258789,120.3499984741211,122.4000015258789,8384800
2021-04-14,110.96454620361328,120.83999633789062,122.43000030517578,120.5,121.98999786376953,9521900
2021-04-15,108.67805480957031,118.3499984741211,122.0,116.55999755859375,121.69999694824219,18709100
2021-04-16,109.12799072265625,118.83999633789062,120.5999984741211,117.8499984741211,119.19000244140625,9512100
2021-04-19,105.96914672851562,115.4000015258789,118.87999725341797,115.19999694824219,118.0,12630300
2021-04-20,105.55592346191406,114.94999694824219,116.77999877929688,114.55000305175781,116.05000305175781,9299200
2021-04-21,107.8056869506836,117.4000015258789,117.48999786376953,113.7699966430664,114.5,8472200
2021-04-22,105.89566802978516,115.31999969482422,117.5,114.41000366210938,117.5,7411800
2021-04-23,108.9443588256836,118.63999938964844,118.72000122070312,115.93000030517578,116.58000183105469,8380300
2021-04-26,111.5889663696289,121.5199966430664,121.54000091552734,119.4000015258789,120.0,8444000
2021-04-27,111.35941314697266,121.2699966430664,121.6500015258789,119.88999938964844,121.5,5491800
2021-04-28,109.88101196289062,119.66000366210938,120.41999816894531,118.7300033569336,120.0,6476500
2021-04-29,109.36675262451172,119.0999984741211,120.83000183105469,117.61000061035156,120.72000122070312,8831800
2021-04-30,107.19961547851562,116.73999786376953,118.18000030517578,116.6500015258789,118.01000213623047,7950700
2021-05-03,106.46501922607422,115.94000244140625,117.55000305175781,115.7300033569336,117.47000122070312,10229500
2021-05-04,105.93238067626953,115.36000061035156,115.81999969482422,113.73999786376953,115.0,9638300
2021-05-05,105.95075988769531,115.37999725341797,116.48999786376953,114.8499984741211,116.0,7059000
2021-05-06,107.43838500976562,117.0,117.63999938964844,114.45999908447266,115.30000305175781,8581700
2021-05-07,107.28227996826172,116.83000183105469,119.41999816894531,116.05000305175781,118.4000015258789,9614300
2021-05-10,103.13162994384766,112.30999755859375,115.37999725341797,112.2300033569336,114.9800033569336,12281200
2021-05-11,103.62752532958984,112.8499984741211,112.98999786376953,109.12999725341797,109.7300033569336,10007700
2021-05-12,99.3667221069336,108.20999908447266,110.08999633789062,108.05999755859375,109.3499984741211,15058900
2021-05-13,99.86257934570312,108.75,111.43000030517578,107.9000015258789,109.36000061035156,10552000
2021-05-14,103.26940155029297,112.45999908447266,112.83000183105469,110.23999786376953,110.61000061035156,8425200
2021-05-17,100.8267822265625,109.80000305175781,110.02999877929688,107.87000274658203,109.06999969482422,10688600
2021-05-18,101.78179168701172,110.83999633789062,113.4800033569336,110.73999786376953,113.0,7476600
2021-05-19,103.21430969238281,112.4000015258789,112.48999786376953,108.0,108.5,7280500
2021-05-20,104.02239990234375,113.27999877929688,113.72000122070312,112.0999984741211,112.38999938964844,6442500
2021-05-21,102.70923614501953,111.8499984741211,114.0,111.69000244140625,114.0,5979400
2021-05-24,104.34375762939453,113.62999725341797,114.54000091552734,112.12000274658203,112.26000213623047,6653600
2021-05-25,104.94065856933594,114.27999877929688,114.94000244140625,113.5999984741211,114.8499984741211,5331700
2021-05-26,106.52008819580078,116.0,116.0,114.0,114.0,6605100
2021-05-27,106.30887603759766,115.7699966430664,116.52999877929688,115.0,116.0,6513700
2021-05-28,107.76895141601562,117.36000061035156,117.83999633789062,115.94999694824219,116.30000305175781,5386500
2021-06-01,108.82496643066406,118.51000213623047,120.04000091552734,117.43000030517578,119.70999908447266,7596100
2021-06-02,109.22901153564453,118.94999694824219,119.44999694824219,117.91999816894531,118.9000015258789,5383400
2021-06-03,107.27308654785156,116.81999969482422,118.26000213623047,116.45999908447266,118.05000305175781,4912200
2021-06-04,109.74324798583984,119.51000213623047,119.8499984741211,118.05000305175781,118.2300033569336,5352100
2021-06-07,108.55867004394531,118.22000122070312,118.75,117.56999969482422,118.13999938964844,6266000
2021-06-08,106.44664001464844,115.91999816894531,117.68000030517578,115.05999755859375,117.55000305175781,11564800
2021-06-09,107.55775451660156,117.12999725341797,117.6500015258789,115.97000122070312,116.0,6401600
2021-06-10,108.57703399658203,118.23999786376953,118.8499984741211,116.62999725341797,117.04000091552734,8566600
2021-06-11,108.58622741699219,118.25,118.41999816894531,117.16000366210938,118.29000091552734,6036600
2021-06-14,111.10231018066406,120.98999786376953,121.0,118.45999908447266,118.55000305175781,7610300
2021-06-15,109.68815612792969,119.44999694824219,122.0,119.2699966430664,120.3499984741211,8196900
2021-06-16,108.37499237060547,118.0199966430664,119.9000015258789,117.5,119.55000305175781,8059400
2021-06-17,109.80472564697266,119.12000274658203,120.23999786376953,117.58999633789062,117.68000030517578,7608100
2021-06-18,106.73513793945312,115.79000091552734,117.88999938964844,115.20999908447266,117.51000213623047,12532800
2021-06-21,105.21417236328125,114.13999938964844,115.4000015258789,113.0199966430664,115.37999725341797,11116200
2021-06-22,105.38928985595703,114.33000183105469,114.48999786376953,112.01000213623047,113.5,11792400
2021-06-23,106.97481536865234,116.05000305175781,117.41999816894531,115.80999755859375,116.19999694824219,8913700
2021-06-24,108.07173919677734,117.23999786376953,117.66999816894531,116.2699966430664,116.72000122070312,6772200
2021-06-25,107.41728210449219,116.52999877929688,117.93000030517578,116.52999877929688,117.44999694824219,6712800
2021-06-28,110.25641632080078,119.61000061035156,119.94999694824219,117.18000030517578,117.29000091552734,11026600
2021-06-29,110.82793426513672,120.2300033569336,120.29000091552734,118.41999816894531,119.4000015258789,7874900
2021-06-30,110.7634048461914,120.16000366210938,120.76000213623047,119.01000213623047,120.16000366210938,7936400
2021-07-01,109.15946960449219,118.41999816894531,120.20999908447266,118.02999877929688,120.0999984741211,8295600
2021-07-02,109.61116027832031,118.91000366210938,119.18000030517578,118.41000366210938,118.75,5144300
2021-07-06,110.6620101928711,120.05000305175781,120.95999908447266,118.22000122070312,119.8499984741211,7181500
2021-07-07,109.00276184082031,118.25,121.05000305175781,118.20999908447266,120.63999938964844,7391800
2021-07-08,108.65247344970703,117.87000274658203,118.27999877929688,115.37999725341797,115.87000274658203,7565400
2021-07-09,111.13212585449219,120.55999755859375,120.79000091552734,117.62000274658203,118.0,8374200
2021-07-12,113.04024505615234,122.62999725341797,122.7300033569336,119.5199966430664,121.19000244140625,10668700
2021-07-13,114.21092224121094,123.9000015258789,125.4800033569336,122.12999725341797,123.19000244140625,13460200
2021-07-14,114.6626205444336,124.38999938964844,125.77999877929688,124.06999969482422,125.1500015258789,10587700
2021-07-15,108.33906555175781,117.52999877929688,120.69999694824219,116.87000274658203,120.12000274658203,23734500
2021-07-16,106.68904113769531,115.73999786376953,118.98999786376953,115.16999816894531,118.75,12110000
2021-07-19,106.32955932617188,115.3499984741211,115.62000274658203,113.2300033569336,114.0,9230200
2021-07-20,107.29740142822266,116.4000015258789,116.87000274658203,114.43000030517578,115.87999725341797,7108000
2021-07-21,108.65247344970703,117.87000274658203,117.87000274658203,115.93000030517578,116.2300033569336,5564700
2021-07-22,107.44491577148438,116.55999755859375,118.08999633789062,116.20999908447266,118.08999633789062,5746500
2021-07-23,107.65692901611328,116.79000091552734,117.6500015258789,115.33000183105469,117.6500015258789,5773900
2021-07-26,106.60607147216797,115.6500015258789,116.0999984741211,114.87000274658203,115.79000091552734,6440600
2021-07-27,104.66109466552734,113.54000091552734,115.4000015258789,112.05000305175781,115.31999969482422,11127500
2021-07-28,106.07144165039062,115.06999969482422,115.51000213623047,113.87999725341797,113.94000244140625,6819700
2021-07-29,107.06697845458984,116.1500015258789,117.11000061035156,115.61000061035156,116.0,7162000
2021-07-30,107.51866912841797,116.63999938964844,117.41999816894531,115.19000244140625,115.5,6482600
2021-08-02,107.7214584350586,116.86000061035156,118.37999725341797,116.66000366210938,117.5,6028800
2021-08-03,109.15026092529297,118.41000366210938,118.63999938964844,116.83999633789062,117.30999755859375,5874700
2021-08-04,109.45443725585938,118.73999786376953,119.55000305175781,118.27999877929688,118.43000030517578,4254000
2021-08-05,109.89691162109375,119.22000122070312,119.23999786376953,118.23999786376953,119.06999969482422,4452300
2021-08-06,108.96588897705078,118.20999908447266,118.5999984741211,117.44999694824219,118.37000274658203,4338100
2021-08-09,108.97509765625,118.22000122070312,118.79000091552734,117.31999969482422,118.41999816894531,4280200
2021-08-10,107.26056671142578,116.36000061035156,119.05000305175781,114.08000183105469,118.5,5132800
2021-08-11,106.91949462890625,115.98999786376953,117.29000091552734,115.19999694824219,116.5,4490400
2021-08-12,106.65216827392578,115.69999694824219,115.94999694824219,114.44000244140625,115.55000305175781,6338400
2021-08-13,106.46781158447266,115.5,115.5199966430664,114.48999786376953,115.06999969482422,4593200
2021-08-16,105.66584014892578,114.62999725341797,115.4800033569336,114.0999984741211,115.0999984741211,5435900
2021-08-17,102.42112731933594,111.11000061035156,113.8499984741211,110.75,113.7300033569336,13398800
2021-08-18,101.81271362304688,110.44999694824219,113.0,110.37999725341797,111.73999786376953,9167300
2021-08-19,101.87725067138672,110.5199966430664,110.97000122070312,107.68000030517578,109.0,12146900
2021-08-20,99.66494750976562,108.12000274658203,109.70999908447266,107.7300033569336,109.13999938964844,13042000
2021-08-23,102.28282928466797,110.95999908447266,111.33000183105469,109.2699966430664,110.08000183105469,9533500
2021-08-24,103.3429183959961,112.11000061035156,113.06999969482422,111.80000305175781,111.81999969482422,6719800
2021-08-25,107.87815856933594,117.02999877929688,119.18000030517578,115.61000061035156,115.70999908447266,22106800
2021-08-26,108.86449432373047,118.0999984741211,118.45999908447266,116.3499984741211,117.9800033569336,9892100
2021-08-27,109.22398376464844,118.48999786376953,119.30000305175781,117.69000244140625,118.33000183105469,6827700
2021-08-30,109.68489837646484,118.98999786376953,119.5,118.47000122070312,118.87999725341797,6434200
2021-08-31,109.70333099365234,119.01000213623047,120.80000305175781,118.69999694824219,120.01000213623047,8424900
2021-09-01,111.03994750976562,120.45999908447266,121.36000061035156,119.55999755859375,120.22000122070312,8603900
2021-09-02,111.34412384033203,120.79000091552734,121.38999938964844,120.45999908447266,120.94000244140625,6866400
2021-09-03,114.27545166015625,123.97000122070312,124.4800033569336,121.26000213623047,121.58000183105469,10361400
2021-09-07,114.9483642578125,124.69999694824219,125.27999877929688,123.88999938964844,124.62000274658203,9739900
2021-09-08,112.35811614990234,121.88999938964844,123.13999938964844,121.2300033569336,122.97000122070312,7983300
2021-09-09,113.08633422851562,122.68000030517578,123.48999786376953,121.87999725341797,122.19000244140625,5101300
2021-09-10,113.3536605834961,122.97000122070312,124.33999633789062,122.88999938964844,123.0199966430664,5163900
2021-09-13,113.95281982421875,123.62000274658203,124.0999984741211,122.19999694824219,122.94000244140625,6622800
2021-09-14,113.4642562866211,123.08999633789062,123.62999725341797,122.4000015258789,123.62999725341797,5110500
2021-09-15,111.99859619140625,121.5,122.5,120.87999725341797,122.41000366210938,5566500
2021-09-16,111.80146789550781,120.79000091552734,121.12999725341797,119.3499984741211,120.0,7301400
2021-09-17,108.98768615722656,117.75,120.47000122070312,117.69000244140625,120.19000244140625,10722700
2021-09-20,106.1646499633789,114.69999694824219,116.01000213623047,113.55000305175781,115.19999694824219,8991000
2021-09-21,106.40528106689453,114.95999908447266,115.87000274658203,114.55000305175781,115.6500015258789,8182200
2021-09-22,107.24760437011719,115.87000274658203,116.23999786376953,114.91000366210938,115.2300033569336,5345600
2021-09-23,107.54376983642578,116.19000244140625,116.97000122070312,115.58999633789062,116.97000122070312,5484700
2021-09-24,107.0346908569336,115.63999938964844,116.55999755859375,115.52999877929688,116.0,4455900
2021-09-27,107.50674438476562,116.1500015258789,116.56999969482422,115.01000213623047,115.69999694824219,5198800
2021-09-28,103.572998046875,111.9000015258789,115.04000091552734,111.8499984741211,114.33000183105469,9792300
2021-09-29,103.31385040283203,111.62000274658203,112.8499984741211,111.0199966430664,112.30000305175781,6522400
2021-09-30,103.34161376953125,111.6500015258789,113.3499984741211,111.6500015258789,112.43000030517578,6433400
2021-10-01,103.25830841064453,111.55999755859375,112.30000305175781,110.30000305175781,112.0,5315200
2021-10-04,100.90730285644531,109.0199966430664,111.43000030517578,108.5199966430664,111.0,8514500
2021-10-05,101.12946319580078,109.26000213623047,110.3499984741211,109.22000122070312,109.80000305175781,8039600
2021-10-06,101.2035140991211,109.33999633789062,109.5199966430664,107.58000183105469,108.44000244140625,7553600
2021-10-07,102.58262634277344,110.83000183105469,111.70999908447266,110.48999786376953,111.0,7821900
2021-10-08,101.85140991210938,110.04000091552734,111.06999969482422,109.51000213623047,110.9800033569336,5143400
2021-10-11,102.0550537109375,110.26000213623047,111.70999908447266,109.9000015258789,110.08000183105469,5318500
2021-10-12,101.07392883300781,109.19999694824219,111.02999877929688,108.55999755859375,110.47000122070312,9294600
2021-10-13,101.79588317871094,109.9800033569336,110.05000305175781,108.94999694824219,109.31999969482422,7845100
2021-10-14,104.18389129638672,112.55999755859375,114.73999786376953,111.16000366210938,114.13999938964844,16930500
2021-10-15,106.31273651123047,114.86000061035156,114.94999694824219,112.95999908447266,114.77999877929688,11558800
2021-10-18,106.75701141357422,115.33999633789062,115.3499984741211,113.41999816894531,113.41999816894531,6773800
2021-10-19,108.2564697265625,116.95999908447266,116.9800033569336,115.62999725341797,115.80000305175781,5406100
2021-10-20,106.9884262084961,115.58999633789062,117.02999877929688,115.55000305175781,116.87999725341797,8205800
2021-10-21,107.63632202148438,116.29000091552734,116.3499984741211,114.61000061035156,115.01000213623047,4640300
2021-10-22,105.72962188720703,114.2300033569336,117.1500015258789,114.2300033569336,116.23999786376953,6283000
2021-10-25,105.18352508544922,113.63999938964844,114.55000305175781,113.11000061035156,114.4000015258789,6667700
2021-10-26,105.68333435058594,114.18000030517578,115.30000305175781,113.72000122070312,114.94000244140625,4852300
2021-10-27,105.28532409667969,113.75,115.05999755859375,113.70999908447266,114.02999877929688,5394500
2021-10-28,107.37716674804688,116.01000213623047,116.0199966430664,113.54000091552734,113.66000366210938,5714300
2021-10-29,105.23905181884766,113.69999694824219,114.19000244140625,113.22000122070312,114.06999969482422,7118900
2021-11-01,105.62781524658203,114.12000274658203,114.33999633789062,113.3499984741211,113.58000183105469,4955700
2021-11-02,105.61853790283203,114.11000061035156,114.80000305175781,113.54000091552734,113.58999633789062,4479700
2021-11-03,105.52599334716797,114.01000213623047,114.0999984741211,112.7300033569336,113.44000244140625,6073000
2021-11-04,109.02473449707031,117.79000091552734,117.8499984741211,112.41000366210938,113.37000274658203,14682800
2021-11-05,109.03396606445312,117.80000305175781,119.52999877929688,116.25,118.16999816894531,8668100
2021-11-08,111.91252899169922,120.91000366210938,122.25,117.05000305175781,118.38999938964844,15776300
2021-11-09,112.71778869628906,121.77999877929688,123.2699966430664,120.16999816894531,121.25,10874100
2021-11-10,109.40420532226562,118.19999694824219,120.80000305175781,117.68000030517578,119.5999984741211,9046100
2021-11-11,109.39494323730469,118.19000244140625,120.47000122070312,117.80000305175781,119.26000213623047,6994000
2021-11-12,109.85773468017578,118.69000244140625,118.81999969482422,117.2699966430664,118.38999938964844,6947200
2021-11-15,109.33014678955078,118.12000274658203,119.63999938964844,117.51000213623047,119.31999969482422,5157000
2021-11-16,109.2931137084961,118.08000183105469,118.37999725341797,117.16000366210938,117.69000244140625,5555100
2021-11-17,110.20018768310547,119.05999755859375,119.55000305175781,117.51000213623047,118.0,6391400
2021-11-18,114.20797729492188,123.38999938964844,123.55999755859375,119.80000305175781,119.97000122070312,13229700
2021-11-19,115.01324462890625,124.26000213623047,124.80000305175781,122.0199966430664,122.02999877929688,9071800
2021-11-22,115.46678161621094,124.75,128.08999633789062,123.20999908447266,123.5,16076100
2021-11-23,112.32903289794922,121.36000061035156,123.19999694824219,119.5199966430664,122.72000122070312,10984000
2021-11-24,111.72740936279297,120.70999908447266,120.87000274658203,118.4000015258789,120.0,6992600
2021-11-26,108.37680053710938,117.08999633789062,119.04000091552734,116.5199966430664,117.5,6766900
2021-11-29,110.4038314819336,119.27999877929688,119.87999725341797,117.9000015258789,118.36000061035156,7634000
2021-11-30,108.43232727050781,117.1500015258789,120.16999816894531,115.76000213623047,118.0999984741211,10561800
2021-12-01,111.65335845947266,120.62999725341797,123.51000213623047,119.22000122070312,119.22000122070312,12924400
2021-12-02,112.64373779296875,121.69999694824219,123.4000015258789,120.0199966430664,120.3499984741211,8425500
2021-12-03,110.45011138916016,119.33000183105469,121.8499984741211,117.9800033569336,121.0,7809000
2021-12-06,110.27423858642578,119.13999938964844,119.5,116.58000183105469,118.88999938964844,5681200
2021-12-07,113.21760559082031,122.31999969482422,122.58000183105469,120.26000213623047,120.54000091552734,7459200
2021-12-08,112.73629760742188,121.80000305175781,122.22000122070312,120.11000061035156,121.62999725341797,5795700
2021-12-09,110.60747528076172,119.5,122.08999633789062,119.48999786376953,121.18000030517578,6103900
2021-12-10,110.26496887207031,119.12999725341797,120.79000091552734,118.23999786376953,120.0,5973900
2021-12-13,107.75665283203125,116.41999816894531,119.02999877929688,116.38999938964844,118.86000061035156,5854300
2021-12-14,107.63632202148438,116.29000091552734,116.9800033569336,115.25,115.44000244140625,6267300
2021-12-15,111.44049072265625,120.4000015258789,120.51000213623047,116.4800033569336,116.79000091552734,6700700
2021-12-16,108.3418197631836,116.56999969482422,120.75,116.13999938964844,120.33999633789062,9116100
2021-12-17,108.10945129394531,116.31999969482422,117.48999786376953,115.93000030517578,116.29000091552734,11725600
2021-12-20,106.82687377929688,114.94000244140625,116.62000274658203,113.91000366210938,115.91999816894531,6980800
2021-12-21,109.1504135131836,117.44000244140625,117.5,115.08000183105469,116.06999969482422,6122900
2021-12-22,112.7379379272461,121.30000305175781,121.44000244140625,116.83000183105469,116.91999816894531,9300100
2021-12-23,112.16169738769531,120.68000030517578,121.79000091552734,119.83999633789062,120.95999908447266,6512500
2021-12-27,114.03911590576172,122.69999694824219,123.26000213623047,121.19999694824219,121.22000122070312,6309900
2021-12-28,113.44429016113281,122.05999755859375,123.66000366210938,121.87000274658203,123.37999725341797,6321000
2021-12-29,112.84017944335938,121.41000366210938,123.1500015258789,120.97000122070312,121.80000305175781,5847700
2021-12-30,111.9200668334961,120.41999816894531,121.55000305175781,120.19000244140625,121.0,4187800
2021-12-31,111.81783294677734,120.30999755859375,121.75,120.22000122070312,121.3499984741211,3888200
2022-01-03,119.70854949951172,128.8000030517578,129.58999633789062,124.0,124.12999725341797,18592000
2022-01-04,123.9838638305664,133.39999389648438,135.5,130.3000030517578,130.8699951171875,25554900
2022-01-05,118.09136199951172,127.05999755859375,130.8800048828125,126.87999725341797,130.7100067138672,17891200
2022-01-06,119.40184020996094,128.47000122070312,129.0,124.80999755859375,127.0,16249000
2022-01-07,114.78266143798828,123.5,127.13999938964844,123.30999755859375,126.55000305175781,21248100
2022-01-10,116.1860580444336,125.01000213623047,125.87000274658203,123.26000213623047,125.11000061035156,11857700
2022-01-11,120.05242156982422,129.1699981689453,129.5500030517578,125.5,126.54000091552734,12113100
2022-01-12,122.89644622802734,132.22999572753906,132.9199981689453,130.22000122070312,130.5,16389200
2022-01-13,129.3651885986328,139.19000244140625,145.0,138.9199981689453,140.75,52020000
2022-01-14,130.7313995361328,140.66000366210938,143.8800048828125,136.08999633789062,136.08999633789062,28255300
2022-01-18,124.38350677490234,133.8300018310547,137.17999267578125,133.2899932861328,136.75,15191400
2022-01-19,121.7625732421875,131.00999450683594,135.89999389648438,130.94000244140625,134.6199951171875,11155100
2022-01-20,119.271728515625,128.3300018310547,132.75,128.1999969482422,131.9199981689453,11421900
2022-01-21,115.73995208740234,124.52999877929688,127.9800033569336,124.2699966430664,127.08000183105469,15573700
2022-01-24,117.06901550292969,125.95999908447266,126.06999969482422,120.12999725341797,123.7699966430664,17083400
2022-01-25,113.83464813232422,122.4800033569336,125.81999969482422,121.69999694824219,125.48999786376953,11370500
2022-01-26,114.39227294921875,123.08000183105469,126.66999816894531,121.88999938964844,125.37999725341797,13592100
2022-01-27,108.16523742675781,116.37999725341797,124.13999938964844,116.02999877929688,124.0,18599800
2022-01-28,109.30839538574219,117.61000061035156,119.5999984741211,114.19000244140625,118.70999908447266,14005900
2022-01-31,113.97405242919922,122.62999725341797,122.7699966430664,118.80999755859375,119.5199966430664,10189100
2022-02-01,114.36441802978516,123.05000305175781,123.23999786376953,120.0999984741211,122.9000015258789,6956300
2022-02-02,115.38677215576172,124.1500015258789,126.47000122070312,122.55000305175781,126.2300033569336,8562900
2022-02-03,111.38099670410156,119.83999633789062,123.87999725341797,119.25,121.44999694824219,9926800
2022-02-04,112.4776840209961,121.0199966430664,121.83000183105469,119.38999938964844,120.44000244140625,5743200
2022-02-07,113.67664337158203,122.30999755859375,124.0999984741211,121.87999725341797,122.55999755859375,6562900
2022-02-08,114.97782897949219,123.70999908447266,123.86000061035156,121.61000061035156,122.0,7036200
2022-02-09,116.6600570678711,125.5199966430664,125.55000305175781,122.76000213623047,124.87999725341797,10979700
2022-02-10,115.90724182128906,124.70999908447266,128.66000366210938,124.36000061035156,124.80000305175781,10474900
2022-02-11,112.4684066772461,121.01000213623047,126.58000183105469,120.44999694824219,125.5,9845700
2022-02-14,111.3159408569336,119.7699966430664,121.55000305175781,118.0,119.94999694824219,8081800
2022-02-15,115.73065185546875,124.5199966430664,124.61000061035156,121.45999908447266,122.0199966430664,9248700
2022-02-16,114.8756103515625,123.5999984741211,124.29000091552734,121.56999969482422,123.13999938964844,5749500
2022-02-17,111.30664825439453,119.76000213623047,122.75,119.6500015258789,122.48999786376953,7976700
2022-02-18,110.88841247558594,119.30999755859375,120.69000244140625,118.44999694824219,120.5199966430664,8389000
2022-02-22,108.6578140258789,116.91000366210938,119.36000061035156,115.72000122070312,117.5,9793500
2022-02-23,107.7190933227539,115.9000015258789,119.43000030517578,115.76000213623047,118.55000305175781,8114700
2022-02-24,103.98284149169922,111.87999725341797,111.9800033569336,104.37999725341797,108.0,27539100
2022-02-25,103.37874603271484,111.2300033569336,113.0,109.36000061035156,112.29000091552734,14258900
2022-02-28,99.45662689208984,107.01000213623047,109.7699966430664,105.0,109.37000274658203,26390800
2022-03-01,100.42320251464844,108.05000305175781,111.11000061035156,107.05000305175781,110.0,20377900
2022-03-02,101.87309265136719,109.61000061035156,109.97000122070312,107.86000061035156,108.4000015258789,13342400
2022-03-03,101.11095428466797,108.79000091552734,110.0,107.5999984741211,109.91000366210938,10841700
2022-03-04,97.6442642211914,105.05999755859375,108.12000274658203,103.80999755859375,107.0,22372100
2022-03-07,92.28152465820312,99.29000091552734,104.08999633789062,99.05999755859375,103.29000091552734,29422900
2022-03-08,92.9414291381836,100.0,103.11000061035156,98.62000274658203,100.20999908447266,25650000
2022-03-09,97.5420150756836,104.94999694824219,105.72000122070312,102.76000213623047,104.51000213623047,14348400
2022-03-10,96.62191009521484,103.95999908447266,105.52999877929688,102.5199966430664,104.19000244140625,11811000
2022-03-11,94.25189208984375,101.41000366210938,105.36000061035156,101.30000305175781,105.36000061035156,18116400
2022-03-14,92.29083251953125,99.30000305175781,101.86000061035156,99.06999969482422,101.5199966430664,17959400
2022-03-15,94.88389587402344,102.08999633789062,102.13999938964844,97.62000274658203,98.02999877929688,13415600
2022-03-16,98.70352172851562,105.69000244140625,105.79000091552734,102.80999755859375,102.98999786376953,20347100
2022-03-17,99.45064544677734,106.48999786376953,106.52999877929688,104.75,105.75,8042000
2022-03-18,99.66545104980469,106.72000122070312,107.04000091552734,104.88999938964844,105.70999908447266,10218200
2022-03-21,99.85222625732422,106.91999816894531,107.22000122070312,105.12999725341797,106.72000122070312,10366100
2022-03-22,99.96428680419922,107.04000091552734,107.95999908447266,106.2300033569336,106.38999938964844,10401200
2022-03-23,98.38600158691406,105.3499984741211,108.19000244140625,105.3499984741211,106.5,12905300
2022-03-24,100.7861099243164,107.91999816894531,107.9800033569336,105.83000183105469,106.77999877929688,10834000
2022-03-25,99.67477416992188,106.7300033569336,107.9800033569336,105.83999633789062,107.69000244140625,7432100
2022-03-28,99.30122375488281,106.33000183105469,106.72000122070312,104.61000061035156,105.62000274658203,8151200
2022-03-29,102.0282211303711,109.25,109.76000213623047,106.79000091552734,107.91999816894531,14076200
2022-03-30,99.67477416992188,106.7300033569336,109.33999633789062,106.51000213623047,107.79000091552734,15456300
2022-03-31,97.36805725097656,104.26000213623047,107.1500015258789,104.19000244140625,106.95999908447266,13021600
2022-04-01,95.99522399902344,102.79000091552734,105.94999694824219,102.20999908447266,105.7699966430664,12085100
2022-04-04,97.86302185058594,104.79000091552734,105.56999969482422,103.27999877929688,104.0199966430664,9077200
2022-04-05,95.7243881225586,102.5,104.5999984741211,102.11000061035156,104.4800033569336,12291000
2022-04-06,94.49165344238281,101.18000030517578,102.13999938964844,99.72000122070312,100.41999816894531,14902600
2022-04-07,93.87528991699219,100.5199966430664,101.2300033569336,99.6500015258789,100.41999816894531,12431000
2022-04-08,92.72657775878906,99.29000091552734,100.69999694824219,99.12000274658203,100.62000274658203,11796200
2022-04-11,91.12027740478516,97.56999969482422,98.37999725341797,96.91000366210938,98.22000122070312,12480500
2022-04-12,90.9988784790039,97.44000244140625,100.1500015258789,97.44000244140625,100.0,13291500
2022-04-13,94.7905044555664,101.5,102.22000122070312,99.5,99.80000305175781,15776800
2022-04-14,91.8580551147461,98.36000061035156,104.5,98.33000183105469,104.0,17828500
2022-04-18,92.24097442626953,98.7699966430664,99.83999633789062,97.47000122070312,97.94999694824219,10277400
2022-04-19,92.8759994506836,99.44999694824219,99.44999694824219,97.70999908447266,98.44000244140625,10103000
2022-04-20,92.46511840820312,99.01000213623047,101.0,98.9000015258789,100.4000015258789,8596900
2022-04-21,91.204345703125,97.66000366210938,100.6500015258789,97.41000366210938,99.75,13038500
2022-04-22,89.35520935058594,95.68000030517578,97.79000091552734,95.36000061035156,97.02999877929688,11650100
2022-04-25,89.87821960449219,96.23999786376953,96.27999877929688,94.44999694824219,95.05000305175781,10654400
2022-04-26,86.63758087158203,92.7699966430664,95.0199966430664,92.7699966430664,94.94000244140625,14176000
2022-04-27,84.29351043701172,90.26000213623047,92.69000244140625,90.22000122070312,91.83999633789062,15846300
2022-04-28,88.92564392089844,95.22000122070312,96.19999694824219,91.77999877929688,92.16000366210938,15176200
2022-04-29,86.78701782226562,92.93000030517578,95.58999633789062,92.7699966430664,93.18000030517578,10629300
2022-05-02,87.56216430664062,93.76000213623047,94.2699966430664,91.23999786376953,92.5,8251900
2022-05-03,87.44071197509766,93.62999725341797,94.05000305175781,92.51000213623047,92.77999877929688,9511900
2022-05-04,89.64473724365234,95.98999786376953,96.06999969482422,91.91999816894531,93.91000366210938,9082500
2022-05-05,86.05856323242188,92.1500015258789,94.37999725341797,91.22000122070312,94.04000091552734,11517200
2022-05-06,85.57295227050781,91.62999725341797,92.87999725341797,90.2699966430664,91.4000015258789,7944900
2022-05-09,81.5291748046875,87.30000305175781,90.19000244140625,87.01000213623047,89.94000244140625,11428600
2022-05-10,82.94869232177734,88.81999969482422,90.29000091552734,88.08999633789062,90.0199966430664,11690400
2022-05-11,82.02413177490234,87.83000183105469,90.56999969482422,87.80000305175781,88.87000274658203,11531300
2022-05-12,81.89339447021484,87.69000244140625,88.20999908447266,85.38999938964844,86.22000122070312,11592900
2022-05-13,84.94721984863281,90.95999908447266,91.36000061035156,88.16000366210938,88.87000274658203,11180600
2022-05-16,84.43359375,90.41000366210938,91.37000274658203,89.5,89.87000274658203,6729100
2022-05-17,87.15122985839844,93.31999969482422,93.48999786376953,92.37000274658203,93.30000305175781,7668800
2022-05-18,84.54566955566406,90.52999877929688,93.2300033569336,90.37000274658203,92.06999969482422,9610900
2022-05-19,84.2468032836914,90.20999908447266,92.0999984741211,89.55999755859375,89.83999633789062,7739000
2022-05-20,84.77913665771484,90.77999877929688,93.04000091552734,88.83000183105469,93.04000091552734,10469900
2022-05-23,85.45153045654297,91.5,91.91000366210938,90.6500015258789,91.0199966430664,6920500
2022-05-24,82.85530090332031,88.72000122070312,89.80000305175781,88.5199966430664,89.5199966430664,8788600
2022-05-25,84.43359375,90.41000366210938,90.91999816894531,89.04000091552734,89.33000183105469,9113500
2022-05-26,84.9845962524414,91.0,91.37000274658203,89.04000091552734,89.41000366210938,9762700
2022-05-27,87.57148742675781,93.7699966430664,93.81999969482422,92.52999877929688,92.62000274658203,6279000
2022-05-31,89.00035095214844,95.30000305175781,96.29000091552734,94.51000213623047,95.54000091552734,9621700
2022-06-01,88.48670196533203,94.75,96.36000061035156,93.83000183105469,95.5999984741211,6152400
2022-06-02,89.97158813476562,96.33999633789062,96.37000274658203,93.62000274658203,93.98999786376953,6335000
2022-06-03,87.57148742675781,93.7699966430664,94.58000183105469,92.9000015258789,94.36000061035156,9137100
2022-06-06,86.95510864257812,93.11000061035156,95.54000091552734,92.87000274658203,95.0,9440200
2022-06-07,87.63685607910156,93.83999633789062,93.86000061035156,91.7699966430664,92.66999816894531,7360200
2022-06-08,87.29130554199219,93.47000122070312,94.93000030517578,93.13999938964844,94.0,6446300
2022-06-09,84.84449768066406,90.8499984741211,93.5,90.80000305175781,93.0,8086700
2022-06-10,82.81793975830078,88.68000030517578,90.72000122070312,88.62999725341797,90.54000091552734,10460400
2022-06-13,79.89485931396484,85.55000305175781,86.83000183105469,85.0199966430664,86.05999755859375,14603700
2022-06-14,81.42645263671875,87.19000244140625,87.87999725341797,86.29000091552734,86.73999786376953,10449600
2022-06-15,83.23818969726562,89.12999725341797,89.80999755859375,87.37000274658203,87.51000213623047,11742500
2022-06-16,79.34867858886719,84.5199966430664,85.93000030517578,83.98999786376953,85.22000122070312,10505200
2022-06-17,79.79933166503906,85.0,85.5999984741211,83.94999694824219,85.0,9735500
2022-06-21,81.63001251220703,86.94999694824219,87.75,86.0,86.0,9604000
2022-06-22,79.7148208618164,84.91000366210938,86.18000030517578,84.55000305175781,84.63999938964844,7868700
2022-06-23,78.97315979003906,84.12000274658203,84.2300033569336,82.76000213623047,84.12999725341797,10370300
2022-06-24,80.66303253173828,85.91999816894531,86.55000305175781,84.1500015258789,84.1500015258789,10670100
2022-06-27,80.606689453125,85.86000061035156,87.0,85.58000183105469,86.91999816894531,7358000
2022-06-28,79.17970275878906,84.33999633789062,86.80999755859375,84.33999633789062,86.1500015258789,8289200
2022-06-29,78.53193664550781,83.6500015258789,84.61000061035156,83.33000183105469,84.43000030517578,7981300
2022-06-30,76.7481689453125,81.75,82.22000122070312,80.12000274658203,81.45999908447266,14201600
2022-07-01,72.28878021240234,77.0,79.22000122070312,76.18000030517578,79.04000091552734,19531700
2022-07-05,71.45325469970703,76.11000061035156,76.1500015258789,73.73999786376953,74.55000305175781,22253100
2022-07-06,70.93690490722656,75.55999755859375,76.30000305175781,73.77999877929688,74.29000091552734,11530500
2022-07-07,75.71546936035156,80.6500015258789,80.95999908447266,78.33999633789062,78.5999984741211,15847800
2022-07-08,76.52285766601562,81.51000213623047,82.16000366210938,79.76000213623047,79.91999816894531,10004200
2022-07-11,74.26968383789062,79.11000061035156,80.2699966430664,78.81999969482422,79.7699966430664,9519600
2022-07-12,74.26033020019531,79.0999984741211,81.4800033569336,78.93000030517578,81.16000366210938,10363700
2022-07-13,76.3163070678711,81.29000091552734,81.72000122070312,78.9000015258789,79.27999877929688,14706500
2022-07-14,78.55070495605469,83.66999816894531,84.04000091552734,80.51000213623047,82.94999694824219,23377000
2022-07-15,80.39077758789062,85.62999725341797,86.04000091552734,83.97000122070312,85.58000183105469,14061000
2022-07-18,78.4662094116211,83.58000183105469,86.08000183105469,83.37000274658203,86.05999755859375,11352500
2022-07-19,80.87894439697266,86.1500015258789,86.47000122070312,84.55999755859375,85.0,10673100
2022-07-20,81.26387023925781,86.55999755859375,86.75,85.11000061035156,85.18000030517578,11664800
2022-07-21,82.41861724853516,87.79000091552734,87.80000305175781,86.4000015258789,86.68000030517578,7135000
2022-07-22,81.03856658935547,86.31999969482422,87.7300033569336,85.80000305175781,87.41000366210938,8612100
2022-07-25,81.01976776123047,86.30000305175781,86.69999694824219,85.62999725341797,86.30000305175781,5960900
2022-07-26,79.25480651855469,84.41999816894531,85.19999694824219,83.8499984741211,84.76000213623047,6977700
2022-07-27,82.2684097290039,87.62999725341797,87.9000015258789,85.30999755859375,85.30999755859375,9399500
2022-07-28,83.18844604492188,88.61000061035156,88.62000274658203,86.44999694824219,87.12999725341797,10668200
2022-07-29,83.06639862060547,88.4800033569336,89.20999908447266,87.79000091552734,87.81999969482422,10366200
2022-08-01,81.0291748046875,86.30999755859375,86.88999938964844,84.30000305175781,85.30000305175781,20102600
2022-08-02,80.78507232666016,86.05000305175781,87.51000213623047,84.16999816894531,84.5199966430664,15541600
2022-08-03,81.2169418334961,86.51000213623047,86.7699966430664,84.55999755859375,85.95999908447266,20779400
2022-08-04,83.01006317138672,88.41999816894531,88.41999816894531,86.62000274658203,87.0,13472500
2022-08-05,84.2774658203125,89.7699966430664,90.9800033569336,88.01000213623047,88.02999877929688,13293500
2022-08-08,82.5594482421875,87.94000244140625,89.0999984741211,86.91000366210938,88.9800033569336,12120300
2022-08-09,79.99646759033203,85.20999908447266,87.13999938964844,84.44000244140625,86.94000244140625,13075000
2022-08-10,83.24476623535156,88.66999816894531,88.66999816894531,86.30999755859375,86.80999755859375,10704600
2022-08-11,84.04277038574219,89.5199966430664,91.0,89.30999755859375,89.95999908447266,11158800
2022-08-12,85.30078125,90.86000061035156,91.3499984741211,89.63999938964844,89.68000030517578,12098800
2022-08-15,85.96732330322266,91.56999969482422,91.94000244140625,90.0,90.01000213623047,15949500
2022-08-16,84.44646453857422,89.94999694824219,91.3499984741211,88.56999969482422,91.13999938964844,10566100
2022-08-17,83.7423324584961,89.19999694824219,89.7699966430664,88.4800033569336,89.0,9093100
2022-08-18,83.80805969238281,89.2699966430664,89.66999816894531,88.41999816894531,88.70999908447266,10947700
2022-08-19,81.86471557617188,87.19999694824219,88.58999633789062,87.0199966430664,88.5,9602800
2022-08-22,80.02462768554688,85.23999786376953,86.02999877929688,84.94000244140625,85.41000366210938,8054000
2022-08-23,80.76630401611328,86.02999877929688,86.5999984741211,84.98999786376953,85.16000366210938,8462500
2022-08-24,80.32505798339844,85.55999755859375,86.12999725341797,85.19999694824219,85.80000305175781,7085800
2022-08-25,82.21208190917969,87.56999969482422,87.58999633789062,86.01000213623047,86.33000183105469,6602100
2022-08-26,79.55522918701172,84.73999786376953,87.79000091552734,84.6500015258789,87.5,9381500
2022-08-29,77.7808609008789,82.8499984741211,84.31999969482422,82.77999877929688,83.91000366210938,9639700
2022-08-30,77.72454833984375,82.79000091552734,83.9800033569336,81.7300033569336,83.77999877929688,8392300
2022-08-31,78.25025177001953,83.3499984741211,84.87000274658203,83.05999755859375,84.11000061035156,8887100
2022-09-01,76.64490509033203,81.63999938964844,81.83000183105469,80.12000274658203,81.44999694824219,11566000
2022-09-02,75.95018005371094,80.9000015258789,82.9800033569336,80.61000061035156,81.55000305175781,8850100
2022-09-06,75.13340759277344,80.02999877929688,81.02999877929688,79.5199966430664,81.02999877929688,12704400
2022-09-07,75.05830383300781,79.94999694824219,80.18000030517578,78.2300033569336,78.38999938964844,9843500
2022-09-08,75.33055877685547,80.23999786376953,80.73999786376953,78.7699966430664,79.01000213623047,8181700
2022-09-09,76.54163360595703,81.52999877929688,81.66000366210938,80.73999786376953,80.83000183105469,7084700
2022-09-12,77.12369537353516,82.1500015258789,82.5,81.76000213623047,81.97000122070312,7903000
2022-09-13,73.98806762695312,78.80999755859375,81.13999938964844,78.5199966430664,80.41999816894531,12835100
2022-09-14,74.78604125976562,79.66000366210938,80.16000366210938,78.9800033569336,79.73999786376953,8849600
2022-09-15,73.62287902832031,77.9800033569336,79.25,77.66999816894531,78.58000183105469,10533100
2022-09-16,73.53791046142578,77.88999938964844,78.0,76.91999816894531,77.11000061035156,10604500
2022-09-19,73.85889434814453,78.2300033569336,78.2300033569336,76.55000305175781,76.55000305175781,10378600
2022-09-20,73.78338623046875,78.1500015258789,78.44000244140625,77.51000213623047,77.54000091552734,8202800
2022-09-21,72.8298110961914,77.13999938964844,79.30999755859375,77.13999938964844,77.58000183105469,10869000
2022-09-22,71.40419006347656,75.62999725341797,76.75,75.36000061035156,76.44999694824219,10817900
2022-09-23,69.74254608154297,73.87000274658203,74.38999938964844,73.08999633789062,74.30000305175781,12685500
2022-09-26,68.9305648803711,73.01000213623047,74.19000244140625,72.91999816894531,73.47000122070312,13441500
2022-09-27,68.94947814941406,73.02999877929688,74.04000091552734,72.3499984741211,73.51000213623047,12430600
2022-09-28,68.09973907470703,72.12999725341797,72.29000091552734,70.69999694824219,71.11000061035156,12943600
2022-09-29,65.40898132324219,69.27999877929688,70.68000030517578,68.4800033569336,70.5199966430664,16120300
2022-09-30,64.7292251586914,68.55999755859375,69.6500015258789,67.73999786376953,67.80999755859375,10472400
2022-10-03,65.38067626953125,69.25,69.56999969482422,67.6500015258789,68.08000183105469,11945100
2022-10-04,68.74175262451172,72.80999755859375,72.93000030517578,70.72000122070312,70.80000305175781,14900700
2022-10-05,70.3184585571289,74.4800033569336,74.91000366210938,72.58000183105469,72.91999816894531,14037100
2022-10-06,70.19570922851562,74.3499984741211,74.91999816894531,73.86000061035156,73.97000122070312,11796800
2022-10-07,65.85273742675781,69.75,72.02999877929688,69.75,71.80999755859375,14758600
2022-10-10,63.67179489135742,67.44000244140625,69.87999725341797,67.01000213623047,69.8499984741211,16042200
2022-10-11,59.904747009277344,63.45000076293945,64.91000366210938,62.619998931884766,64.19999694824219,28699300
2022-10-12,60.52786636352539,64.11000061035156,64.2300033569336,63.369998931884766,63.599998474121094,16468700
2022-10-13,62.89762496948242,66.62000274658203,70.19999694824219,62.31999969482422,63.060001373291016,36639300
2022-10-14,60.348487854003906,63.91999816894531,67.44999694824219,63.779998779296875,67.26000213623047,19440900
2022-10-17,61.264286041259766,64.88999938964844,65.3499984741211,64.04000091552734,64.9800033569336,11280100
2022-10-18,60.150211334228516,63.709999084472656,66.11000061035156,62.779998779296875,65.9000015258789,16656100
2022-10-19,60.10300827026367,63.65999984741211,64.11000061035156,62.16999816894531,62.7400016784668,12385200
2022-10-20,60.02747344970703,63.58000183105469,65.27999877929688,63.380001068115234,63.75,11300900
2022-10-21,60.187984466552734,63.75,63.779998779296875,62.02000045776367,62.02000045776367,13699000
2022-10-24,57.86542892456055,61.290000915527344,61.619998931884766,59.68000030517578,60.58000183105469,25010800
2022-10-25,57.72381591796875,61.13999938964844,61.36000061035156,59.5099983215332,59.959999084472656,21700600
2022-10-26,57.44057083129883,60.84000015258789,61.97999954223633,60.43000030517578,60.86000061035156,14006000
2022-10-27,57.544429779052734,60.95000076293945,62.45000076293945,60.90999984741211,61.849998474121094,12937600
2022-10-28,58.54519271850586,62.0099983215332,62.029998779296875,60.06999969482422,60.77000045776367,11972300
2022-10-31,58.110904693603516,61.54999923706055,62.27000045776367,61.06999969482422,61.59000015258789,10802800
2022-11-01,58.13922882080078,61.58000183105469,63.43000030517578,61.58000183105469,63.2599983215332,11561900
2022-11-02,57.13845443725586,60.52000045776367,62.88999938964844,60.52000045776367,62.5,16547200
2022-11-03,56.911869049072266,60.279998779296875,60.88999938964844,59.43000030517578,60.0,11040900
2022-11-04,58.98894119262695,62.47999954223633,62.5,61.02000045776367,61.5099983215332,14662800
2022-11-07,59.2532958984375,62.7599983215332,62.93000030517578,61.970001220703125,62.619998931884766,8507100
2022-11-08,61.38701629638672,65.0199966430664,65.75,64.22000122070312,64.37000274658203,14102800
2022-11-09,61.368141174316406,65.0,66.5999984741211,64.94999694824219,66.52999877929688,15086800
2022-11-10,66.88182067871094,70.83999633789062,70.87000274658203,67.31999969482422,67.73999786376953,21367900
2022-11-11,69.70476531982422,73.83000183105469,74.5999984741211,72.37999725341797,72.73999786376953,15524700
2022-11-14,68.73231506347656,72.80000305175781,73.68000030517578,72.23999786376953,73.23999786376953,11575300
2022-11-15,75.96430969238281,80.45999908447266,82.93000030517578,80.01000213623047,81.91999816894531,48742400
2022-11-16,75.01074981689453,79.44999694824219,80.56999969482422,78.9000015258789,80.55999755859375,24006600
2022-11-17,76.92733001708984,81.4800033569336,82.94000244140625,78.69000244140625,79.30000305175781,24278400
2022-11-18,77.67316436767578,82.2699966430664,82.83999633789062,81.0,82.77999877929688,18578400
2022-11-21,75.46393585205078,79.93000030517578,81.02999877929688,79.47000122070312,80.80999755859375,18659700
2022-11-22,77.92808532714844,82.54000091552734,83.19000244140625,81.2300033569336,81.3499984741211,16504700
2022-11-23,77.38993835449219,81.97000122070312,82.94999694824219,81.7300033569336,82.44000244140625,14683800
2022-11-25,76.8517837524414,81.4000015258789,82.37000274658203,81.4000015258789,82.13999938964844,5908300
2022-11-28,74.79358673095703,79.22000122070312,81.08000183105469,78.88999938964844,80.2699966430664,13214200
2022-11-29,74.8974609375,79.33000183105469,80.20999908447266,78.95999908447266,79.91000366210938,11502300
2022-11-30,78.34352111816406,82.9800033569336,83.43000030517578,80.47000122070312,80.62999725341797,21667300
2022-12-01,78.06026458740234,82.68000030517578,83.62999725341797,81.13999938964844,83.04000091552734,15975100
2022-12-02,76.94620513916016,81.5,82.16000366210938,81.1500015258789,81.80999755859375,10519800
2022-12-05,77.05950164794922,81.62000274658203,82.18000030517578,80.94999694824219,81.94000244140625,11523300
2022-12-06,75.11459350585938,79.55999755859375,81.44000244140625,79.16000366210938,81.4000015258789,13992100
2022-12-07,74.8124771118164,79.23999786376953,79.70999908447266,78.58999633789062,79.0,14925300
2022-12-08,76.28531646728516,80.80000305175781,80.97000122070312,79.0999984741211,79.44999694824219,11197500
2022-12-09,76.18145751953125,80.69000244140625,82.19000244140625,80.69000244140625,80.8499984741211,13787900
2022-12-12,75.93599700927734,80.43000030517578,80.43000030517578,78.80000305175781,79.79000091552734,11516600
2022-12-13,76.01152038574219,80.51000213623047,82.08999633789062,79.62999725341797,82.08999633789062,16938000
2022-12-14,75.54889678955078,80.0199966430664,81.51000213623047,79.5199966430664,80.81999969482422,17910000
2022-12-15,73.68888854980469,77.61000061035156,79.20999908447266,77.38999938964844,79.20999908447266,17080200
2022-12-16,72.44506072998047,76.30000305175781,78.05999755859375,76.2300033569336,77.61000061035156,11929100
2022-12-19,72.25516510009766,76.0999984741211,77.12000274658203,75.76000213623047,76.91999816894531,12561300
2022-12-20,71.79940795898438,75.62000274658203,76.19999694824219,74.9000015258789,75.11000061035156,12080600
2022-12-21,73.24262237548828,77.13999938964844,77.41999816894531,75.7699966430664,75.86000061035156,10806100
2022-12-22,71.4765853881836,75.27999877929688,76.43000030517578,74.0199966430664,76.27999877929688,13019700
2022-12-23,71.10629272460938,74.88999938964844,75.3499984741211,74.16999816894531,74.88999938964844,7452600
2022-12-27,70.5650863647461,74.31999969482422,74.73999786376953,74.16000366210938,74.33000183105469,8974800
2022-12-28,69.36873626708984,73.05999755859375,74.55000305175781,72.83999633789062,74.19000244140625,10275700
2022-12-29,72.16021728515625,76.0,76.04000091552734,74.1500015258789,74.3499984741211,11142500
2022-12-30,70.72649383544922,74.48999786376953,74.56999969482422,73.6500015258789,74.29000091552734,7784100
2023-01-03,70.28975677490234,74.02999877929688,75.97000122070312,73.7699966430664,75.8499984741211,9276200
2023-01-04,72.46405029296875,76.31999969482422,76.61000061035156,74.47000122070312,74.98999786376953,12316400
2023-01-05,71.90386962890625,75.7300033569336,76.44000244140625,75.33999633789062,76.0,10039200
2023-01-06,74.12562561035156,78.06999969482422,78.73999786376953,76.1500015258789,76.5,13744100
2023-01-09,76.25245666503906,80.30999755859375,81.22000122070312,80.05999755859375,80.55999755859375,22247600
2023-01-10,77.16395568847656,81.2699966430664,81.58000183105469,80.45999908447266,80.51000213623047,10269000
2023-01-11,77.64817810058594,81.77999877929688,81.88999938964844,80.62999725341797,81.56999969482422,11771400
2023-01-12,82.60445404052734,87.0,88.83000183105469,84.41999816894531,84.95999908447266,36086800
2023-01-13,82.41455078125,86.80000305175781,87.0999984741211,84.9000015258789,85.41000366210938,18719900
2023-01-17,84.49392700195312,88.98999786376953,89.7300033569336,86.16000366210938,86.22000122070312,21850000
2023-01-18,84.94965362548828,89.47000122070312,91.22000122070312,89.36000061035156,90.4800033569336,19209800
2023-01-19,83.93372344970703,88.4000015258789,90.01000213623047,88.26000213623047,89.02999877929688,13651100
2023-01-20,86.43084716796875,91.02999877929688,91.02999877929688,89.19999694824219,90.0,14287200
2023-01-23,90.82691955566406,95.66000366210938,95.7300033569336,91.72000122070312,91.76000213623047,22875100
2023-01-24,89.78250122070312,94.55999755859375,98.0,91.55000305175781,95.79000091552734,11370500
2023-01-25,87.74112701416016,92.41000366210938,93.0,91.12000274658203,92.68000030517578,14147300
2023-01-26,88.72858428955078,93.44999694824219,94.27999877929688,92.63999938964844,93.88999938964844,15759400
2023-01-27,88.58615112304688,93.30000305175781,94.12000274658203,92.23999786376953,92.81999969482422,13646600
2023-01-30,88.42473602294922,93.12999725341797,94.25,92.58000183105469,92.8499984741211,14079800
2023-01-31,88.04495239257812,92.7300033569336,92.76000213623047,90.0,91.0,13342100
2023-02-01,89.95340728759766,94.73999786376953,95.7699966430664,92.56999969482422,93.0,16788500
2023-02-02,91.76691436767578,96.6500015258789,97.5,95.83999633789062,96.5999984741211,14925300
2023-02-03,89.87744903564453,94.66000366210938,96.94999694824219,94.30999755859375,95.04000091552734,12242200
2023-02-06,87.1904296875,91.83000183105469,92.05000305175781,90.73999786376953,91.80000305175781,12425200
2023-02-07,89.77300262451172,94.55000305175781,94.69999694824219,91.68000030517578,91.77999877929688,15258900
2023-02-08,89.51664733886719,94.27999877929688,95.94000244140625,94.2300033569336,95.0199966430664,12899700
2023-02-09,91.80490112304688,96.69000244140625,98.56999969482422,95.62000274658203,96.0,16997400
2023-02-10,90.55157470703125,95.37000274658203,96.5,94.25,95.94999694824219,11511400
2023-02-13,91.25418853759766,96.11000061035156,96.38999938964844,94.91000366210938,95.47000122070312,7803500
2023-02-14,93.01072692871094,97.95999908447266,98.98999786376953,95.22000122070312,95.81999969482422,15345100
2023-02-15,88.07345581054688,92.76000213623047,93.68000030517578,90.7699966430664,92.33000183105469,30208300
2023-02-16,86.2314682006836,90.81999969482422,91.79000091552734,89.87999725341797,90.9800033569336,15568400
2023-02-17,85.5478286743164,90.0999984741211,90.30000305175781,88.94000244140625,89.97000122070312,11235300
2023-02-21,83.21212005615234,87.63999938964844,89.41999816894531,87.4800033569336,88.37999725341797,14007600
2023-02-22,82.44303894042969,86.83000183105469,88.08999633789062,86.66000366210938,87.75,10106400
2023-02-23,85.5288314819336,90.08000183105469,91.98999786376953,89.45999908447266,90.30000305175781,15468300
2023-02-24,83.65837860107422,88.11000061035156,88.1500015258789,87.23999786376953,88.08999633789062,8817600
2023-02-27,82.8893051147461,87.30000305175781,88.8499984741211,87.23999786376953,88.69999694824219,10609400
2023-02-28,82.67091369628906,87.06999969482422,88.1500015258789,86.9000015258789,87.13999938964844,7520400
2023-03-01,83.95271301269531,88.41999816894531,90.04000091552734,88.2699966430664,89.04000091552734,8176700
2023-03-02,84.53189086914062,89.02999877929688,89.33999633789062,87.12000274658203,87.63999938964844,9761600
2023-03-03,85.25348663330078,89.79000091552734,89.8499984741211,87.87999725341797,88.66999816894531,10844000
2023-03-06,85.05410766601562,89.58000183105469,91.33000183105469,89.51000213623047,90.08000183105469,9960000
2023-03-07,84.3609848022461,88.8499984741211,90.23999786376953,88.30000305175781,89.94999694824219,8761100
2023-03-08,86.2409439086914,90.83000183105469,90.83999633789062,88.13999938964844,88.3499984741211,8813000
2023-03-09,84.38948822021484,88.87999725341797,90.69000244140625,88.56999969482422,89.70999908447266,10354700
2023-03-10,82.84182739257812,87.25,89.16999816894531,87.19999694824219,88.02999877929688,11928800
2023-03-13,83.30707550048828,87.73999786376953,89.0,86.30999755859375,86.37999725341797,11847600
2023-03-14,84.77875518798828,89.29000091552734,89.62999725341797,87.70999908447266,88.02999877929688,11100100
2023-03-15,82.31961059570312,86.69999694824219,87.23999786376953,85.44000244140625,87.19999694824219,12171500
2023-03-16,85.2296371459961,89.30000305175781,89.47000122070312,85.81999969482422,85.94999694824219,13184600
2023-03-17,85.39187622070312,89.47000122070312,90.02999877929688,89.0,89.05999755859375,13287700
2023-03-20,85.93590545654297,90.04000091552734,90.37000274658203,88.66000366210938,89.20999908447266,8217500
2023-03-21,88.28377532958984,92.5,93.0,90.80000305175781,91.0,12299700
2023-03-22,88.3983154296875,92.62000274658203,95.02999877929688,92.54000091552734,93.5,12812400
2023-03-23,90.27851104736328,94.58999633789062,95.81999969482422,93.43000030517578,94.48999786376953,11169700
2023-03-24,88.56056213378906,92.79000091552734,94.18000030517578,92.08999633789062,93.94999694824219,7653700
2023-03-27,86.52765655517578,90.66000366210938,92.18000030517578,90.55000305175781,92.04000091552734,9349800
2023-03-28,86.67082214355469,90.80999755859375,90.87000274658203,89.91999816894531,90.66000366210938,7521300
2023-03-29,88.53192901611328,92.76000213623047,93.22000122070312,91.44999694824219,91.76000213623047,9264000
2023-03-30,88.2551498413086,92.47000122070312,93.5199966430664,92.02999877929688,93.3499984741211,10232800
2023-03-31,88.78006744384766,93.0199966430664,93.26000213623047,91.12999725341797,91.23999786376953,8701800
2023-04-03,88.60828399658203,92.83999633789062,93.5999984741211,91.70999908447266,93.01000213623047,6863600
2023-04-04,87.96881103515625,92.16999816894531,93.27999877929688,91.72000122070312,93.04000091552734,6338400
2023-04-05,86.08860778808594,90.19999694824219,92.18000030517578,89.05000305175781,91.5999984741211,9171800
2023-04-06,86.12679290771484,90.23999786376953,90.91000366210938,89.4000015258789,89.66000366210938,5874500
2023-04-10,84.96238708496094,89.0199966430664,89.02999877929688,86.47000122070312,88.41999816894531,12232900
2023-04-11,85.17236328125,89.23999786376953,89.83999633789062,88.47000122070312,88.63999938964844,11079200
2023-04-12,82.910400390625,86.87000274658203,89.5,86.86000061035156,88.91000366210938,11299100
2023-04-13,83.08218383789062,87.05000305175781,87.62999725341797,85.97000122070312,86.55999755859375,7910500
2023-04-14,83.2253646850586,87.19999694824219,88.37000274658203,86.54000091552734,87.94999694824219,7656400
2023-04-17,83.9793472290039,87.98999786376953,88.05000305175781,87.16000366210938,87.75,8163600
2023-04-18,84.12252807617188,88.13999938964844,88.4000015258789,87.5,88.19999694824219,8468200
2023-04-19,83.25399017333984,87.2300033569336,87.37999725341797,86.04000091552734,86.2300033569336,11191300
2023-04-20,85.2200927734375,89.29000091552734,91.87999725341797,88.0999984741211,88.31999969482422,19206300
2023-04-21,81.4787826538086,85.37000274658203,87.91000366210938,85.27999877929688,87.77999877929688,13175400
2023-04-24,80.78205108642578,84.63999938964844,85.95999908447266,83.98999786376953,85.4000015258789,10567600
2023-04-25,78.5391616821289,82.29000091552734,83.4000015258789,82.26000213623047,83.2699966430664,13423700
2023-04-26,78.50098419189453,82.25,82.37999725341797,81.20999908447266,82.23999786376953,11583500
2023-04-27,79.85625457763672,83.66999816894531,83.86000061035156,82.16000366210938,82.9000015258789,10013700
2023-04-28,80.45755004882812,84.30000305175781,84.51000213623047,83.72000122070312,84.4800033569336,8262600
2023-05-01,80.15213775634766,83.9800033569336,84.69000244140625,83.9000015258789,84.30000305175781,4931100
2023-05-02,79.1786117553711,82.95999908447266,84.05000305175781,82.55000305175781,83.5,6875000
2023-05-03,78.93045806884766,82.69999694824219,83.76000213623047,82.44000244140625,82.62000274658203,7151600
2023-05-04,79.68446350097656,83.48999786376953,83.76000213623047,82.63999938964844,83.0,7290600
2023-05-05,81.09700012207031,84.97000122070312,85.56999969482422,83.75,84.30000305175781,6865000
2023-05-08,81.64102172851562,85.54000091552734,85.54000091552734,84.41000366210938,84.5,6746600
2023-05-09,81.18289184570312,85.05999755859375,85.4800033569336,84.30000305175781,85.25,7287800
2023-05-10,81.03019714355469,84.9000015258789,85.1500015258789,84.16999816894531,84.51000213623047,7442300
2023-05-11,79.627197265625,83.43000030517578,84.13999938964844,82.52999877929688,84.13999938964844,8730900
2023-05-12,79.627197265625,83.43000030517578,83.93000030517578,82.94999694824219,83.37999725341797,5069800
2023-05-15,81.75553894042969,85.66000366210938,85.66999816894531,83.2300033569336,83.33000183105469,8707300
2023-05-16,81.96552276611328,85.87999725341797,86.75,85.58999633789062,85.69000244140625,11283200
2023-05-17,86.73762512207031,90.87999725341797,91.80000305175781,88.05999755859375,88.30000305175781,23215600
2023-05-18,88.42694854736328,92.6500015258789,93.4000015258789,91.06999969482422,91.25,14879000
2023-05-19,88.36014556884766,92.58000183105469,92.79000091552734,91.55999755859375,92.12999725341797,9295200
2023-05-22,87.53933715820312,91.72000122070312,92.44000244140625,91.19999694824219,92.06999969482422,9259800
2023-05-23,86.31768035888672,90.44000244140625,91.33999633789062,90.33000183105469,91.0,7656700
2023-05-24,86.02182006835938,90.12999725341797,90.1500015258789,89.18000030517578,89.27999877929688,9443900
2023-05-25,96.34860229492188,100.94999694824219,102.37000274658203,96.9800033569336,97.05999755859375,60793200
2023-05-26,98.50562286376953,103.20999908447266,104.44000244140625,100.7300033569336,100.8499984741211,26135800
2023-05-30,97.33167266845703,101.9800033569336,105.23999786376953,101.52999877929688,103.79000091552734,25248000
2023-05-31,94.09617614746094,98.58999633789062,99.9800033569336,98.05999755859375,99.7300033569336,22206700
2023-06-01,94.33479309082031,98.83999633789062,100.58999633789062,98.5999984741211,98.68000030517578,14998500
2023-06-02,94.43024444580078,98.94000244140625,101.30000305175781,98.62000274658203,101.25,13085100
2023-06-05,93.580810546875,98.05000305175781,98.80999755859375,94.25,98.01000213623047,10568500
2023-06-06,95.27011108398438,99.81999969482422,100.5999984741211,97.41999816894531,97.61000061035156,13827600
2023-06-07,95.71871185302734,100.29000091552734,103.0199966430664,99.54000091552734,101.37999725341797,14367500
2023-06-08,95.38465881347656,99.94000244140625,100.69999694824219,98.62999725341797,98.98999786376953,9074200
2023-06-09,98.11429595947266,102.80000305175781,104.68000030517578,102.25,102.69999694824219,14902400
2023-06-12,102.18010711669922,107.05999755859375,107.38999938964844,104.30999755859375,104.33999633789062,20568100
2023-06-13,101.93196105957031,106.80000305175781,110.69000244140625,106.73999786376953,110.0,17858600
2023-06-14,102.51416778564453,107.41000366210938,107.69999694824219,105.22000122070312,106.02999877929688,12862600
2023-06-15,100.80626678466797,105.18000030517578,106.66000366210938,105.06999969482422,106.2699966430664,11987900
2023-06-16,100.22162628173828,104.56999969482422,105.75,104.3499984741211,105.43000030517578,11430800
2023-06-20,99.65618896484375,103.9800033569336,104.87999725341797,103.06999969482422,104.18000030517578,9295500
2023-06-21,97.4134750366211,101.63999938964844,103.7300033569336,101.62000274658203,103.1500015258789,9340400
2023-06-22,98.84152221679688,103.12999725341797,103.43000030517578,101.33000183105469,101.41999816894531,8575900
2023-06-23,97.6722412109375,101.91000366210938,102.19000244140625,101.01000213623047,101.5199966430664,8919000
2023-06-26,95.94709777832031,100.11000061035156,103.04000091552734,100.08999633789062,102.0199966430664,8560000
2023-06-27,97.8351821899414,102.08000183105469,102.79000091552734,100.0199966430664,101.1500015258789,9732000
2023-06-28,96.72341918945312,100.91999816894531,101.87999725341797,100.22000122070312,100.5,8160900
2023-06-29,96.4550552368164,100.63999938964844,101.5199966430664,100.0199966430664,101.33999633789062,7383900
2023-06-30,96.72341918945312,100.91999816894531,101.88999938964844,100.41000366210938,101.4000015258789,11704600
2023-07-03,98.86068725585938,103.1500015258789,103.68000030517578,102.06999969482422,102.25,5638400
2023-07-05,96.79051208496094,100.98999786376953,103.08999633789062,100.95999908447266,101.4000015258789,9010800
2023-07-06,95.27620697021484,99.41000366210938,99.55999755859375,98.5999984741211,99.0999984741211,9140800
2023-07-07,96.0621109008789,100.2300033569336,101.94000244140625,99.0,99.08000183105469,8036600
2023-07-10,95.62123107910156,99.7699966430664,100.75,99.4000015258789,100.25,8041600
2023-07-11,97.04927825927734,101.26000213623047,102.33000183105469,100.13999938964844,102.33000183105469,7677800
2023-07-12,99.57950592041016,103.9000015258789,104.43000030517578,102.76000213623047,102.83000183105469,10202000
2023-07-13,101.1800537109375,105.56999969482422,105.6500015258789,102.5199966430664,105.0,9265900
2023-07-14,100.76795196533203,105.13999938964844,107.30000305175781,104.86000061035156,106.0,9518300
2023-07-17,100.4324951171875,104.79000091552734,105.02999877929688,102.58999633789062,104.68000030517578,10722600
2023-07-18,98.86068725585938,103.1500015258789,103.7300033569336,102.01000213623047,103.69000244140625,10343600
2023-07-19,98.77442169189453,103.05999755859375,104.79000091552734,102.56999969482422,103.9000015258789,11204800
2023-07-20,93.7906723022461,97.86000061035156,100.44999694824219,97.05000305175781,98.55000305175781,22810200
2023-07-21,93.20602416992188,97.25,97.98999786376953,96.33000183105469,97.87999725341797,15381200
2023-07-24,94.1644515991211,98.25,98.2699966430664,96.77999877929688,97.2699966430664,9054900
2023-07-25,96.14837646484375,100.31999969482422,100.88999938964844,99.11000061035156,99.5199966430664,9202200
2023-07-26,95.27620697021484,99.41000366210938,100.12999725341797,98.56999969482422,99.48999786376953,8993500
2023-07-27,95.21870422363281,99.3499984741211,101.76000213623047,98.91000366210938,101.5,8049800
2023-07-28,96.66590881347656,100.86000061035156,100.98999786376953,99.77999877929688,100.11000061035156,6758700
2023-07-31,95.02701568603516,99.1500015258789,99.77999877929688,98.41999816894531,99.18000030517578,8647900
2023-08-01,94.3082046508789,98.4000015258789,99.19000244140625,98.08999633789062,99.13999938964844,6428500
2023-08-02,91.72047424316406,95.69999694824219,97.5,95.20999908447266,97.5,9820900
2023-08-03,91.03042602539062,94.9800033569336,95.80999755859375,94.58000183105469,94.83999633789062,8571700
2023-08-04,92.16136169433594,96.16000366210938,97.58000183105469,95.12999725341797,95.27999877929688,7562600
2023-08-07,92.34344482421875,96.3499984741211,96.94000244140625,95.2300033569336,96.7300033569336,6601400
2023-08-08,90.56079864501953,94.48999786376953,94.9000015258789,93.66999816894531,94.87999725341797,7659000
2023-08-09,90.07200622558594,93.9800033569336,95.8499984741211,93.70999908447266,95.83000183105469,6426900
2023-08-10,90.85791015625,94.80000305175781,95.97000122070312,94.27999877929688,95.44999694824219,7459600
2023-08-11,88.16474914550781,91.98999786376953,93.5,91.97000122070312,93.5,10658400
2023-08-14,89.19984436035156,93.06999969482422,93.29000091552734,91.30000305175781,91.69000244140625,7489700
2023-08-15,87.86763763427734,91.68000030517578,92.70999908447266,91.48999786376953,92.5199966430664,6069500
2023-08-16,87.9634780883789,91.77999877929688,92.72000122070312,91.31999969482422,91.44000244140625,7439500
2023-08-17,87.82929992675781,91.63999938964844,92.91999816894531,91.3499984741211,92.91999816894531,7712500
2023-08-18,87.31178283691406,91.0999984741211,91.33000183105469,89.55999755859375,90.06999969482422,9066200
2023-08-21,88.71105194091797,92.55999755859375,92.91000366210938,90.5,90.5,8618300
2023-08-22,88.40436553955078,92.23999786376953,93.48999786376953,91.80999755859375,93.3499984741211,7059000
2023-08-23,90.30201721191406,94.22000122070312,95.0999984741211,93.23999786376953,93.79000091552734,10362600
2023-08-24,88.68228912353516,92.52999877929688,96.77999877929688,92.47000122070312,96.52999877929688,12254400
2023-08-25,89.22859954833984,93.0999984741211,93.41000366210938,91.41000366210938,92.25,10356000
2023-08-28,90.09117889404297,94.0,94.1500015258789,93.25,93.81999969482422,5174800
2023-08-29,91.12626647949219,95.08000183105469,95.62000274658203,93.51000213623047,93.7699966430664,8910300
2023-08-30,90.83873748779297,94.77999877929688,95.91999816894531,94.62999725341797,95.44999694824219,6073400
2023-08-31,89.67904663085938,93.56999969482422,94.4000015258789,93.2699966430664,93.33999633789062,8661200
2023-09-01,89.31485748291016,93.19000244140625,94.58000183105469,93.08999633789062,94.30000305175781,7094600
2023-09-05,90.66622161865234,94.5999984741211,95.05000305175781,92.87000274658203,93.4000015258789,6396500
2023-09-06,88.42353820800781,92.26000213623047,93.95999908447266,91.58999633789062,93.8499984741211,7933700
2023-09-07,86.30542755126953,90.05000305175781,90.29000091552734,88.43000030517578,90.06999969482422,14684400
2023-09-08,85.91246795654297,89.63999938964844,91.06999969482422,89.31999969482422,90.75,5820800
2023-09-11,85.87413024902344,89.5999984741211,90.38999938964844,89.16000366210938,90.0999984741211,7268600
2023-09-12,86.7175521850586,90.4800033569336,91.56999969482422,90.41999816894531,90.45999908447266,8242600
2023-09-13,87.42677307128906,91.22000122070312,91.88999938964844,90.4800033569336,90.5999984741211,5757800
2023-09-14,88.12138366699219,91.47000122070312,92.93000030517578,91.2699966430664,92.77999877929688,6506300
2023-09-15,85.98265075683594,89.25,91.13999938964844,88.86000061035156,90.51000213623047,19940500
2023-09-18,85.5780258178711,88.83000183105469,89.66999816894531,88.43000030517578,88.54000091552734,6647400
2023-09-19,84.94218444824219,88.16999816894531,88.83999633789062,87.79000091552734,88.44999694824219,7172100
2023-09-20,84.09440612792969,87.29000091552734,89.31999969482422,87.29000091552734,88.5199966430664,6935300
2023-09-21,82.23506164550781,85.36000061035156,86.13999938964844,85.3499984741211,86.04000091552734,10652500
2023-09-22,82.50482177734375,85.63999938964844,86.7699966430664,85.44999694824219,86.25,7967200
2023-09-25,83.08283233642578,86.23999786376953,86.23999786376953,85.0199966430664,85.38999938964844,8758000
2023-09-26,81.2042236328125,84.29000091552734,85.2300033569336,84.0199966430664,84.94999694824219,8877600
2023-09-27,82.3121337890625,85.44000244140625,85.55999755859375,84.0999984741211,85.16999816894531,7860700
2023-09-28,83.24662017822266,86.41000366210938,87.12999725341797,84.9800033569336,85.25,6647700
2023-09-29,83.71867370605469,86.9000015258789,88.02999877929688,86.69999694824219,87.75,7338300
2023-10-02,84.44122314453125,87.6500015258789,88.41999816894531,87.0199966430664,87.18000030517578,6305000
2023-10-03,82.28324127197266,85.41000366210938,87.31999969482422,85.05999755859375,87.0,8201700
2023-10-04,83.4970932006836,86.66999816894531,86.76000213623047,85.37999725341797,85.47000122070312,7658500
2023-10-05,83.84391021728516,87.02999877929688,87.94000244140625,86.52999877929688,86.83000183105469,6651700
2023-10-06,86.02119445800781,89.29000091552734,90.0199966430664,87.37999725341797,88.08999633789062,9777100
2023-10-09,85.7321548461914,88.98999786376953,89.33999633789062,88.04000091552734,88.80000305175781,4781300
2023-10-10,87.29286193847656,90.61000061035156,90.66000366210938,89.13999938964844,89.2699966430664,7182900
2023-10-11,88.63196563720703,92.0,92.01000213623047,90.62999725341797,91.26000213623047,8051700
2023-10-12,89.03660583496094,92.41999816894531,93.44000244140625,91.83999633789062,92.51000213623047,8897800
2023-10-13,87.14835357666016,90.45999908447266,92.94000244140625,90.19999694824219,92.75,7985100
2023-10-16,87.88053131103516,91.22000122070312,91.9000015258789,90.43000030517578,90.4800033569336,8791800
2023-10-17,87.66857147216797,91.0,91.69999694824219,88.5199966430664,89.80999755859375,7997100
2023-10-18,86.31983184814453,89.5999984741211,90.01000213623047,88.58000183105469,88.87999725341797,9982700
2023-10-19,89.50865173339844,92.91000366210938,94.76000213623047,92.36000061035156,93.08999633789062,22751600
2023-10-20,87.96723937988281,91.30999755859375,94.31999969482422,91.08999633789062,92.0,12197300
2023-10-23,87.7745590209961,91.11000061035156,92.26000213623047,89.16000366210938,89.9800033569336,8227900
2023-10-24,88.28514862060547,91.63999938964844,92.0,90.86000061035156,91.19999694824219,7374800
2023-10-25,84.43158721923828,87.63999938964844,90.8499984741211,86.68000030517578,90.80000305175781,13027100
2023-10-26,84.24853515625,87.44999694824219,88.13999938964844,86.54000091552734,87.12000274658203,9377300
2023-10-27,82.84200286865234,85.98999786376953,87.77999877929688,85.88999938964844,87.54000091552734,12480700
2023-10-30,82.909423828125,86.05999755859375,88.30000305175781,86.0,87.30999755859375,9785500
2023-10-31,83.15028381347656,86.30999755859375,86.43000030517578,84.94999694824219,86.1500015258789,9004900
2023-11-01,84.5857162475586,87.80000305175781,87.87000274658203,86.33999633789062,86.47000122070312,9508800
2023-11-02,87.1676254272461,90.4800033569336,91.05000305175781,89.47000122070312,90.4000015258789,11032600
2023-11-03,88.42965698242188,91.79000091552734,92.44999694824219,90.83999633789062,91.6500015258789,9226700
2023-11-06,89.21000671386719,92.5999984741211,92.61000061035156,91.29000091552734,92.0,8402700
2023-11-07,89.02696228027344,92.41000366210938,93.05000305175781,91.75,92.25,6241300
2023-11-08,88.63196563720703,92.0,93.44000244140625,91.93000030517578,93.33000183105469,6537700
2023-11-09,88.26588439941406,91.62000274658203,93.37000274658203,91.5999984741211,92.62999725341797,8166000
2023-11-10,93.8728256225586,97.44000244140625,97.75,93.61000061035156,94.04000091552734,19281700
2023-11-13,92.89016723632812,96.41999816894531,97.18000030517578,95.72000122070312,97.01000213623047,9526300
2023-11-14,95.28900909423828,98.91000366210938,99.69000244140625,97.94999694824219,98.0,13873200
2023-11-15,95.18302917480469,98.80000305175781,100.69999694824219,98.41999816894531,99.94999694824219,10422900
2023-11-16,94.93255615234375,98.54000091552734,99.0999984741211,97.91000366210938,98.23999786376953,8459000
2023-11-17,95.93447875976562,99.58000183105469,99.72000122070312,98.31999969482422,98.94000244140625,7243000
2023-11-20,96.30056762695312,99.95999908447266,100.58999633789062,99.54000091552734,99.9000015258789,6448900
2023-11-21,94.80730438232422,98.41000366210938,100.1500015258789,98.23999786376953,100.0,10112600
2023-11-22,95.03852844238281,98.6500015258789,99.6500015258789,97.94999694824219,98.72000122070312,7413500
2023-11-24,94.24855041503906,97.83000183105469,98.7300033569336,97.47000122070312,98.4800033569336,4297600
2023-11-27,93.6512451171875,97.20999908447266,97.55000305175781,96.41999816894531,97.41999816894531,6856100
2023-11-28,94.3930435180664,97.9800033569336,98.25,97.23999786376953,97.87000274658203,6358100
2023-11-29,95.2601089477539,98.87999725341797,99.7300033569336,98.5999984741211,99.0,7091100
2023-11-30,93.74758911132812,97.30999755859375,98.9800033569336,96.9000015258789,98.93000030517578,9681400
2023-12-01,94.94218444824219,98.55000305175781,98.77999877929688,97.0199966430664,97.69999694824219,7500400
2023-12-04,93.45857238769531,97.01000213623047,97.19999694824219,95.25,97.05000305175781,10619400
2023-12-05,93.15028381347656,96.69000244140625,97.0199966430664,95.87999725341797,96.45999908447266,8009600
2023-12-06,94.26780700683594,97.8499984741211,98.56999969482422,97.44999694824219,97.80000305175781,11262300
2023-12-07,95.65509796142578,99.29000091552734,99.63999938964844,97.88999938964844,97.95999908447266,11373700
2023-12-08,96.67628479003906,100.3499984741211,100.37000274658203,98.94999694824219,99.12000274658203,10572500
2023-12-11,97.25431060791016,100.94999694824219,101.20999908447266,99.37000274658203,99.56999969482422,9482800
2023-12-12,97.88053894042969,101.5999984741211,101.6500015258789,99.94999694824219,100.1500015258789,7378600
2023-12-13,98.3814926147461,102.12000274658203,102.68000030517578,100.91000366210938,101.4000015258789,8988800
2023-12-14,100.13247680664062,103.44999694824219,103.80999755859375,102.80000305175781,103.3499984741211,10074500
2023-12-15,99.25166320800781,102.54000091552734,104.76000213623047,102.38999938964844,103.5,16379200
2023-12-18,99.62915802001953,102.93000030517578,103.30999755859375,102.08000183105469,102.83999633789062,5660600
2023-12-19,100.53901672363281,103.87000274658203,103.9800033569336,103.08999633789062,103.23999786376953,8498500
2023-12-20,96.83184814453125,100.04000091552734,103.08999633789062,99.94000244140625,102.69999694824219,10814100
2023-12-21,99.26134490966797,102.55000305175781,102.72000122070312,101.16000366210938,101.30000305175781,9068200
2023-12-22,99.84210205078125,103.1500015258789,103.58999633789062,102.70999908447266,102.93000030517578,5566400
2023-12-26,101.10041046142578,104.44999694824219,104.95999908447266,103.56999969482422,103.61000061035156,6407500
2023-12-27,101.29400634765625,104.6500015258789,105.37000274658203,104.08000183105469,105.05000305175781,5889700
2023-12-28,101.3423843383789,104.69999694824219,105.5199966430664,104.69999694824219,105.0,5335100
2023-12-29,100.66484832763672,104.0,104.97000122070312,103.66999816894531,104.72000122070312,4409600
2024-01-02,98.27404022216797,101.52999877929688,102.62000274658203,100.58999633789062,102.25,9020900
2024-01-03,96.95765686035156,100.16999816894531,101.25,99.66000366210938,100.33999633789062,6650600
2024-01-04,95.95101165771484,99.12999725341797,100.44000244140625,99.12000274658203,99.52999877929688,7996700
2024-01-05,96.41563415527344,99.61000061035156,100.63999938964844,98.80000305175781,99.0,7347300
2024-01-08,98.9612808227539,102.23999786376953,102.79000091552734,100.5,100.62999725341797,12455600
2024-01-09,98.62251281738281,101.88999938964844,101.97000122070312,100.20999908447266,101.05000305175781,7764000
2024-01-10,97.56745147705078,100.80000305175781,102.77999877929688,99.9800033569336,102.5199966430664,6975700
2024-01-11,97.9739990234375,101.22000122070312,102.16000366210938,99.98999786376953,101.69999694824219,7862700
2024-01-12,97.99336242675781,101.23999786376953,102.37999725341797,100.87000274658203,100.88999938964844,6519700
2024-01-16,98.4095687866211,101.66999816894531,102.3499984741211,100.19999694824219,100.52999877929688,11185500
2024-01-17,99.64850616455078,102.94999694824219,103.33000183105469,100.0,100.87000274658203,17649500
2024-01-18,109.4052734375,113.02999877929688,113.38999938964844,109.4800033569336,111.19999694824219,58783700
2024-01-19,110.53775024414062,114.19999694824219,115.1500015258789,111.0199966430664,113.22000122070312,37812600
2024-01-22,109.4052734375,113.02999877929688,115.0999984741211,112.5199966430664,114.77999877929688,17755500
2024-01-23,110.469970703125,114.12999725341797,114.62000274658203,113.16000366210938,113.5199966430664,11667900
2024-01-24,112.7833480834961,116.5199966430664,118.8499984741211,114.61000061035156,115.33000183105469,21859200
2024-01-25,112.82205963134766,116.55999755859375,118.83999633789062,116.4800033569336,118.0199966430664,15485300
2024-01-26,113.49961853027344,117.26000213623047,118.04000091552734,116.30000305175781,116.9000015258789,10196400
2024-01-29,113.22859191894531,116.9800033569336,117.87000274658203,115.76000213623047,117.16999816894531,10042200
2024-01-30,112.33808898925781,116.05999755859375,118.01000213623047,115.55999755859375,116.36000061035156,11030800
2024-01-31,109.33749389648438,112.95999908447266,114.73999786376953,112.87999725341797,113.5,12853900
2024-02-01,109.75371551513672,113.38999938964844,114.02999877929688,112.61000061035156,113.80000305175781,8807600
2024-02-02,112.03804016113281,115.75,115.95999908447266,113.91999816894531,114.86000061035156,10044000
2024-02-05,114.98054504394531,118.79000091552734,119.54000091552734,116.58000183105469,117.12999725341797,13267600
2024-02-06,115.55162048339844,119.37999725341797,120.98999786376953,118.27999877929688,120.12000274658203,11503800
2024-02-07,120.97205352783203,124.9800033569336,125.0,120.0,120.01000213623047,18172500
2024-02-08,129.4414520263672,133.72999572753906,134.75,126.11000061035156,127.0,33367000
2024-02-09,128.84132385253906,133.11000061035156,135.1699981689453,130.58999633789062,134.5,16984200
2024-02-12,126.27629089355469,130.4600067138672,133.50999450683594,130.25999450683594,133.27000427246094,14203800
2024-02-13,123.45962524414062,127.55000305175781,129.9199981689453,126.4800033569336,127.93000030517578,14494000
2024-02-14,125.12446594238281,129.27000427246094,130.7899932861328,127.95999908447266,129.6300048828125,13069700
2024-02-15,124.89215850830078,129.02999877929688,131.1300048828125,128.35000610351562,130.8000030517578,12554000
2024-02-16,122.62720489501953,126.69000244140625,128.63999938964844,125.80999755859375,127.12999725341797,13104400
2024-02-20,121.31082153320312,125.33000183105469,127.05999755859375,124.1500015258789,126.88999938964844,12038800
2024-02-21,121.32049560546875,125.33999633789062,125.37999725341797,122.91000366210938,124.43000030517578,11469700
2024-02-22,124.93089294433594,129.07000732421875,131.47999572753906,129.0,129.69000244140625,17014100
2024-02-23,125.3761215209961,129.52999877929688,131.00999450683594,127.7300033569336,130.5,10123300
2024-02-26,126.45054626464844,130.63999938964844,131.22999572753906,128.55999755859375,130.02000427246094,9526700
2024-02-27,124.46626281738281,128.58999633789062,131.97000122070312,128.58999633789062,130.77000427246094,8851800
2024-02-28,123.29507446289062,127.37999725341797,128.5800018310547,126.6500015258789,128.5,6519100
2024-02-29,124.54371643066406,128.6699981689453,129.19000244140625,127.1500015258789,128.02999877929688,9369900
2024-03-01,129.60595703125,133.89999389648438,136.64999389648438,130.10000610351562,130.1300048828125,24393000
2024-03-04,133.82615661621094,138.25999450683594,141.99000549316406,137.67999267578125,139.94000244140625,26544600
2024-03-05,130.64166259765625,134.97000122070312,137.42999267578125,133.72999572753906,137.1199951171875,13694700
2024-03-06,137.030029296875,141.57000732421875,144.0,138.61000061035156,138.8000030517578,22292700
2024-03-07,144.41531372070312,149.1999969482422,151.60000610351562,144.14999389648438,144.89999389648438,34675700
2024-03-08,141.67611694335938,146.3699951171875,158.39999389648438,144.92999267578125,153.89999389648438,43856900
2024-03-11,134.56178283691406,139.02000427246094,144.39999389648438,138.92999267578125,143.6199951171875,29227100
2024-03-12,139.76925659179688,144.39999389648438,146.6999969482422,140.57000732421875,144.52000427246094,21218500
2024-03-13,137.5817413330078,142.13999938964844,143.22999572753906,141.3699951171875,143.0500030517578,12923100
2024-03-14,135.1425323486328,139.6199951171875,143.10000610351562,139.02000427246094,142.61000061035156,14961900
2024-03-15,132.58721923828125,136.97999572753906,137.6999969482422,134.6300048828125,135.44000244140625,22751200
2024-03-18,132.79519653320312,136.63999938964844,141.5399932861328,136.61000061035156,140.17999267578125,14732900
2024-03-19,131.0749969482422,134.8699951171875,136.27000427246094,133.02999877929688,135.3000030517578,17341100
2024-03-20,132.90208435058594,136.75,137.30999755859375,135.00999450683594,136.52999877929688,12750200
2024-03-21,135.526123046875,139.4499969482422,142.60000610351562,139.0399932861328,142.5500030517578,17809400
2024-03-22,136.58543395996094,140.5399932861328,141.33999633789062,139.11000061035156,139.39999389648438,9944100
2024-03-25,136.28419494628906,140.22999572753906,141.67999267578125,139.25999450683594,140.16000366210938,9922200
2024-03-26,134.93328857421875,138.83999633789062,140.9600067138672,138.63999938964844,140.61000061035156,10786400
2024-03-27,132.84381103515625,136.69000244140625,139.27999877929688,135.14999389648438,138.86000061035156,13842800
2024-03-28,132.2218017578125,136.0500030517578,136.8000030517578,135.44000244140625,135.67999267578125,10019400
2024-04-01,137.5087432861328,141.49000549316406,142.9600067138672,137.0500030517578,137.2899932861328,14222700
2024-04-02,136.2744598388672,140.22000122070312,141.0399932861328,139.35000610351562,140.3800048828125,9869200
2024-04-03,138.00437927246094,142.0,142.92999267578125,138.38999938964844,138.5800018310547,9707500
2024-04-04,135.730224609375,139.66000366210938,146.75,139.42999267578125,144.0,15759500
2024-04-05,137.3823699951172,141.36000061035156,142.0,138.9199981689453,140.0,8263600
2024-04-08,138.77215576171875,142.7899932861328,146.0,142.75999450683594,145.24000549316406,16307400
2024-04-09,141.30870056152344,145.39999389648438,148.1699981689453,142.9499969482422,146.25999450683594,18443400
2024-04-10,142.1056365966797,146.22000122070312,148.42999267578125,145.25999450683594,146.6300048828125,18861300
2024-04-11,143.0580596923828,147.1999969482422,147.55999755859375,144.1300048828125,147.1999969482422,11818800
2024-04-12,138.50973510742188,142.52000427246094,146.50999450683594,142.14999389648438,145.0,12024000
2024-04-15,136.19671630859375,140.13999938964844,145.47999572753906,139.8800048828125,145.02000427246094,13458800
2024-04-16,135.8662872314453,139.8000030517578,140.5399932861328,137.05999755859375,137.88999938964844,14218200
2024-04-17,135.117919921875,139.02999877929688,142.57000732421875,137.36000061035156,141.1300048828125,18823200
2024-04-18,128.54818725585938,132.27000427246094,135.1300048828125,130.3000030517578,132.88999938964844,39306100
2024-04-19,124.10674285888672,127.69999694824219,131.5500030517578,126.63999938964844,129.3699951171875,28284000
2024-04-22,126.09906005859375,129.75,130.66000366210938,125.77999877929688,126.75,18556800
2024-04-23,129.67552185058594,133.42999267578125,133.7100067138672,130.66000366210938,131.36000061035156,12573800
2024-04-24,129.22848510742188,132.97000122070312,136.2899932861328,131.5399932861328,136.08999633789062,15558000
2024-04-25,132.73687744140625,136.5800018310547,137.83999633789062,128.86000061035156,130.0,18034300
2024-04-26,134.40850830078125,138.3000030517578,138.74000549316406,135.9499969482422,136.80999755859375,9453400
2024-04-29,134.6028594970703,138.5,138.64999389648438,135.91000366210938,138.0,9997100
2024-04-30,133.47549438476562,137.33999633789062,139.6999969482422,137.25999450683594,137.94000244140625,10980600
2024-05-01,131.1430206298828,134.94000244140625,139.42999267578125,133.2100067138672,137.4199981689453,12561800
2024-05-02,132.39675903320312,136.22999572753906,136.74000549316406,133.22000122070312,135.60000610351562,9261900
2024-05-03,137.57675170898438,141.55999755859375,142.11000061035156,138.75999450683594,138.89999389648438,13264300
2024-05-06,138.81101989746094,142.8300018310547,142.8300018310547,139.80999755859375,140.47000122070312,8601600
2024-05-07,137.139404296875,141.11000061035156,142.2899932861328,140.50999450683594,141.8699951171875,8682900
2024-05-08,139.55934143066406,143.60000610351562,144.25999450683594,140.8000030517578,141.11000061035156,10202300
2024-05-09,138.77215576171875,142.7899932861328,143.35000610351562,141.1300048828125,142.94000244140625,8012700
2024-05-10,145.06007385253906,149.25999450683594,150.5,146.92999267578125,147.22000122070312,23671400
2024-05-13,142.29031372070312,146.41000366210938,148.44000244140625,146.3000030517578,148.02000427246094,8278700
2024-05-14,147.6743927001953,151.9499969482422,152.00999450683594,146.25,146.49000549316406,12316500
2024-05-15,151.20225524902344,155.5800018310547,156.0,152.72999572753906,153.36000061035156,14027100
2024-05-16,147.94654846191406,152.22999572753906,155.05999755859375,152.2100067138672,154.10000610351562,13394100
2024-05-17,147.41200256347656,151.67999267578125,154.0,150.83999633789062,154.0,7711200
2024-05-20,149.22940063476562,153.5500030517578,154.24000549316406,150.82000732421875,151.6699981689453,9261200
2024-05-21,149.3459930419922,153.6699981689453,153.99000549316406,151.9499969482422,152.3000030517578,7919400
2024-05-22,151.7562255859375,156.14999389648438,157.22999572753906,154.5399932861328,155.8800048828125,13455200
2024-05-23,152.66976928710938,157.08999633789062,160.77999877929688,155.8699951171875,159.17999267578125,20873000
2024-05-24,155.4978790283203,160.0,160.66000366210938,156.7100067138672,157.1999969482422,11908200
2024-05-28,154.9244842529297,159.41000366210938,160.3800048828125,157.60000610351562,159.67999267578125,13964400
2024-05-29,149.9971466064453,154.33999633789062,156.8800048828125,153.2100067138672,156.75,15780000
2024-05-30,148.65599060058594,152.9600067138672,154.0500030517578,151.88999938964844,153.58999633789062,9687800
2024-05-31,146.79000854492188,151.0399932861328,152.5,147.80999755859375,151.47999572753906,13782600
2024-06-03,150.58998107910156,154.9499969482422,157.14999389648438,152.4600067138672,155.1199951171875,12924400
2024-06-04,148.17974853515625,152.47000122070312,153.7899932861328,150.99000549316406,153.39999389648438,10066700
2024-06-05,158.33570861816406,162.9199981689453,163.72999572753906,157.9499969482422,158.58999633789062,23192600
2024-06-06,157.5096435546875,162.07000732421875,164.6999969482422,160.36000061035156,164.52000427246094,14819100
2024-06-07,159.76437377929688,164.38999938964844,166.1199951171875,161.9600067138672,163.57000732421875,14023300
2024-06-10,163.42828369140625,168.16000366210938,169.83999633789062,162.4199981689453,164.0,12418900
2024-06-11,161.04721069335938,165.7100067138672,168.41000366210938,163.7899932861328,168.17999267578125,11508600
2024-06-12,168.1126708984375,172.97999572753906,176.05999755859375,171.5399932861328,173.36000061035156,20309500
2024-06-13,168.5747833251953,172.91000366210938,174.07000732421875,170.50999450683594,172.9499969482422,15591800
2024-06-14,168.18478393554688,172.50999450683594,173.63999938964844,170.36000061035156,172.0,9192500
2024-06-17,172.7962188720703,177.24000549316406,178.6699981689453,173.47999572753906,177.83999633789062,18593700
2024-06-18,175.18479919433594,179.69000244140625,184.86000061035156,178.99000549316406,180.02000427246094,27155100
2024-06-20,170.9828338623047,175.3800048828125,183.1699981689453,173.5,182.5800018310547,28403200
2024-06-21,169.59848022460938,173.9600067138672,177.47999572753906,172.2100067138672,172.7100067138672,20175600
2024-06-24,163.60263061523438,167.80999755859375,171.4199981689453,167.1199951171875,170.42999267578125,19741700
2024-06-25,168.2725372314453,172.60000610351562,172.63999938964844,169.00999450683594,169.9499969482422,13346800
2024-06-26,167.75582885742188,172.07000732421875,173.69000244140625,170.1999969482422,172.1199951171875,11901500
2024-06-27,167.32687377929688,171.6300048828125,175.47999572753906,171.14999389648438,173.7899932861328,10864600
2024-06-28,169.45220947265625,173.80999755859375,176.82000732421875,172.80999755859375,172.80999755859375,11216100
2024-07-01,168.00929260253906,172.3300018310547,175.3000030517578,170.4499969482422,174.24000549316406,10717000
2024-07-02,171.29481506347656,175.6999969482422,176.7100067138672,171.02999877929688,171.1300048828125,10655500
2024-07-03,177.91458129882812,182.49000549316406,182.49000549316406,177.8800048828125,177.99000549316406,11808700
2024-07-05,179.37698364257812,183.99000549316406,185.0800018310547,182.3000030517578,184.13999938964844,11372900
2024-07-08,181.95079040527344,186.6300048828125,192.8000030517578,185.1300048828125,190.0,22582400
2024-07-09,179.89369201660156,184.52000427246094,188.44000244140625,182.5,188.08999633789062,19935200
2024-07-10,186.25997924804688,191.0500030517578,191.4199981689453,186.6999969482422,188.27999877929688,19293500
2024-07-11,179.87417602539062,184.5,193.47000122070312,183.00999450683594,193.08999633789062,21584200
2024-07-12,182.65274047851562,187.35000610351562,190.3800048828125,182.75,183.07000732421875,19220300
2024-07-15,180.5761260986328,185.22000122070312,190.05999755859375,184.0800018310547,188.67999267578125,15683100
2024-07-16,181.3755645751953,186.0399932861328,189.58999633789062,185.02000427246094,188.27000427246094,16663300
2024-07-17,166.9076690673828,171.1999969482422,176.5800018310547,170.50999450683594,175.22000122070312,45052600
2024-07-18,167.56085205078125,171.8699951171875,178.69000244140625,164.50999450683594,175.5,52903600
2024-07-19,161.61376953125,165.77000427246094,170.52000427246094,165.22000122070312,169.1699981689453,22585300
2024-07-22,165.10401916503906,169.35000610351562,170.8800048828125,166.17999267578125,166.61000061035156,21037200
2024-07-23,165.562255859375,169.82000732421875,171.5399932861328,167.97000122070312,169.4199981689453,11690700
2024-07-24,155.79347229003906,159.8000030517578,165.4499969482422,159.58999633789062,165.08999633789062,19536600
2024-07-25,156.26144409179688,160.27999877929688,163.39999389648438,152.11000061035156,158.16000366210938,25731800
2024-07-26,157.8798065185547,161.94000244140625,164.58999633789062,159.19000244140625,164.3000030517578,13089200
2024-07-29,155.99819946289062,160.00999450683594,163.22999572753906,158.6300048828125,162.67999267578125,12663100
2024-07-30,150.6653289794922,154.5399932861328,161.14999389648438,152.5500030517578,160.44000244140625,22018000
2024-07-31,161.6430206298828,165.8000030517578,166.64999389648438,162.07000732421875,163.77000427246094,19860400
2024-08-01,154.2140655517578,158.17999267578125,167.6699981689453,156.83999633789062,163.47999572753906,21095600
2024-08-02,146.10267639160156,149.86000061035156,153.86000061035156,146.88999938964844,151.25,31095300
2024-08-05,144.24058532714844,147.9499969482422,150.0,133.57000732421875,133.86000061035156,31193100
2024-08-06,151.49403381347656,155.38999938964844,157.7100067138672,147.72000122070312,150.44000244140625,24528100
2024-08-07,151.15277099609375,155.0399932861328,162.64999389648438,154.52000427246094,161.5500030517578,22379000
2024-08-08,160.42434692382812,164.5500030517578,164.75,155.5399932861328,159.27000427246094,18889600
2024-08-09,162.92991638183594,167.1199951171875,167.8000030517578,163.24000549316406,166.32000732421875,20519400
2024-08-12,163.42713928222656,167.6300048828125,169.52999877929688,165.5399932861328,166.0,14727300
2024-08-13,168.01905822753906,172.33999633789062,172.4499969482422,166.33999633789062,168.0,15243500
2024-08-14,165.70848083496094,169.97000122070312,172.50999450683594,167.19000244140625,171.8800048828125,11510300
2024-08-15,169.59848022460938,173.9600067138672,175.44000244140625,170.82000732421875,172.42999267578125,15393500
2024-08-16,170.1638946533203,174.5399932861328,175.0,172.25,173.38999938964844,10710000
2024-08-19,171.0510711669922,175.4499969482422,175.4499969482422,171.10000610351562,174.75999450683594,11511000
2024-08-20,167.72657775878906,172.0399932861328,175.39999389648438,169.85000610351562,175.39999389648438,13555500
2024-08-21,167.1416473388672,171.44000244140625,173.0800018310547,169.91000366210938,170.36000061035156,9434800
2024-08-22,162.26698303222656,166.44000244140625,173.27999877929688,166.05999755859375,172.0,13546100
2024-08-23,166.9856414794922,171.27999877929688,173.2899932861328,167.9199981689453,169.0,12189100
2024-08-26,164.83106994628906,169.07000732421875,171.0500030517578,167.82000732421875,170.3800048828125,9611300
2024-08-27,166.27394104003906,170.5500030517578,170.5800018310547,165.0399932861328,166.4199981689453,9186000
2024-08-28,164.95779418945312,169.1999969482422,172.47000122070312,166.1999969482422,171.32000732421875,10581400
2024-08-29,164.90904235839844,169.14999389648438,175.4199981689453,167.50999450683594,168.64999389648438,13213200
2024-08-30,167.3950958251953,171.6999969482422,172.22999572753906,168.75,170.05999755859375,9481400
2024-09-03,156.4661865234375,160.49000549316406,168.67999267578125,159.8000030517578,168.0,18464400
2024-09-04,156.83663940429688,160.8699951171875,163.8800048828125,158.9499969482422,159.3000030517578,11317400
2024-09-05,159.59568786621094,163.6999969482422,164.58999633789062,161.0500030517578,161.5399932861328,10260600
2024-09-06,152.88818359375,156.82000732421875,165.41000366210938,156.00999450683594,164.88999938964844,14964400
2024-09-09,158.69874572753906,162.77999877929688,163.10000610351562,160.25,160.75999450683594,10339000
2024-09-10,158.35752868652344,162.42999267578125,162.88999938964844,157.69000244140625,162.88999938964844,11910800
2024-09-11,165.9619598388672,170.22999572753906,170.3800048828125,161.4199981689453,163.8000030517578,15059500
2024-09-12,167.7487335205078,171.42999267578125,172.14999389648438,169.0,170.60000610351562,13399900
2024-09-13,168.79576110839844,172.5,174.77000427246094,171.4499969482422,172.24000549316406,8787800
2024-09-16,165.44920349121094,169.0800018310547,170.55999755859375,166.77000427246094,169.91000366210938,12194300
2024-09-17,163.75636291503906,167.35000610351562,170.24000549316406,166.36000061035156,169.35000610351562,8629100
2024-09-18,163.6878662109375,167.27999877929688,171.60000610351562,167.0,168.4600067138672,9116000
2024-09-19,172.43588256835938,176.22000122070312,177.77999877929688,172.6300048828125,174.3800048828125,15855000
2024-09-20,170.3418426513672,174.0800018310547,176.02000427246094,173.64999389648438,174.8699951171875,18429800
2024-09-23,171.00723266601562,174.75999450683594,175.39999389648438,173.6999969482422,174.83999633789062,5794200
2024-09-24,178.06240844726562,181.97000122070312,182.77999877929688,177.0500030517578,179.5,14576100
2024-09-25,178.4342498779297,182.35000610351562,183.82000732421875,181.2100067138672,181.52000427246094,8280900
2024-09-26,182.8180389404297,186.8300018310547,189.3300018310547,183.8000030517578,188.5,15103400
2024-09-27,174.14830017089844,177.97000122070312,185.94000244140625,177.39999389648438,185.83999633789062,17908400
2024-09-30,169.94064331054688,173.6699981689453,176.82000732421875,171.92999267578125,174.27000427246094,13540200
2024-10-01,168.375,172.07000732421875,175.99000549316406,170.77999877929688,175.30999755859375,11850200
2024-10-02,172.02491760253906,175.8000030517578,176.97000122070312,170.7899932861328,172.9600067138672,11164400
2024-10-03,175.62588500976562,179.47999572753906,180.7899932861328,175.1199951171875,175.8000030517578,12555000
2024-10-04,177.2698211669922,181.16000366210938,181.22999572753906,177.5500030517578,179.6999969482422,9993800
2024-10-07,180.54786682128906,184.50999450683594,185.0,180.92999267578125,181.60000610351562,12054200
2024-10-08,182.0548095703125,186.0500030517578,186.5399932861328,182.02999877929688,184.9600067138672,10394200
2024-10-09,183.1213836669922,187.13999938964844,188.0,182.25999450683594,187.8000030517578,11925000
2024-10-10,181.7906036376953,185.77999877929688,187.0800018310547,184.39999389648438,185.86000061035156,6443800
2024-10-11,186.71258544921875,190.80999755859375,191.49000549316406,188.00999450683594,188.1699981689453,12163900
2024-10-14,188.08253479003906,192.2100067138672,194.25,190.5,190.61000061035156,11714400
2024-10-15,183.11160278320312,187.1300048828125,193.6199951171875,184.25,192.9600067138672,21812700
2024-10-16,183.45408630371094,187.47999572753906,190.00999450683594,186.66000366210938,189.77999877929688,18689200
2024-10-17,201.41981506347656,205.83999633789062,212.60000610351562,201.97000122070312,203.35000610351562,62274700
2024-10-18,196.468505859375,200.77999877929688,205.9499969482422,200.75999450683594,205.9499969482422,21030800
2024-10-21,197.6133575439453,201.9499969482422,203.44000244140625,199.66000366210938,200.80999755859375,14820000
2024-10-22,194.21788024902344,198.47999572753906,200.1699981689453,197.11000061035156,199.07000732421875,11165100
2024-10-23,196.54676818847656,200.86000061035156,203.1300048828125,196.22999572753906,196.67999267578125,16535700
2024-10-24,193.67970275878906,197.92999267578125,200.5,197.41000366210938,198.9600067138672,9935800
2024-10-25,199.07138061523438,203.44000244140625,205.1999969482422,200.0,200.25,13434900
2024-10-28,190.4994659423828,194.67999267578125,199.74000549316406,194.52000427246094,199.25999450683594,20135300
2024-10-29,192.71095275878906,196.94000244140625,198.7899932861328,193.60000610351562,194.38999938964844,13779100
2024-10-30,190.30380249023438,194.47999572753906,195.4499969482422,192.61000061035156,194.3800048828125,10007800
2024-10-31,186.44837951660156,190.5399932861328,192.86000061035156,187.66000366210938,192.86000061035156,13062700
2024-11-01,188.80661010742188,192.9499969482422,198.1699981689453,192.5500030517578,194.1999969482422,12691200
2024-11-04,187.4464569091797,191.55999755859375,194.36000061035156,190.60000610351562,193.6999969482422,10917300
2024-11-05,191.55628967285156,195.75999450683594,198.33999633789062,193.49000549316406,193.5800018310547,10339200
2024-11-06,189.0708465576172,193.22000122070312,194.25999450683594,188.5,192.0399932861328,19834900
2024-11-07,196.86968994140625,201.19000244140625,202.00999450683594,196.25,196.30999755859375,14865200
2024-11-08,196.8794708251953,201.1999969482422,206.61000061035156,200.02000427246094,203.88999938964844,13112100
2024-11-11,189.88302612304688,194.0500030517578,198.1999969482422,191.49000549316406,197.9600067138672,16610000
2024-11-12,187.6519775390625,191.77000427246094,194.0,189.72000122070312,193.8300018310547,11819000
2024-11-13,182.65170288085938,186.66000366210938,192.47999572753906,186.5,192.44000244140625,13882200
2024-11-14,184.45217895507812,188.5,192.66000366210938,187.5399932861328,188.39999389648438,11453900
2024-11-15,182.0156707763672,186.00999450683594,188.8000030517578,184.80999755859375,188.17999267578125,9834800
2024-11-18,183.45408630371094,187.47999572753906,188.0,183.49000549316406,184.35000610351562,10681500
2024-11-19,185.59706115722656,189.6699981689453,190.02000427246094,188.02000427246094,189.1300048828125,9390100
2024-11-20,184.31520080566406,188.36000061035156,188.85000610351562,184.05999755859375,188.85000610351562,10624500
2024-11-21,187.13336181640625,191.24000549316406,192.3000030517578,186.74000549316406,189.41000366210938,18137300
2024-11-22,185.99827575683594,190.0800018310547,193.0,189.42999267578125,192.9499969482422,8838900
2024-11-25,181.10565185546875,185.0800018310547,188.25,183.7100067138672,188.08999633789062,14380000
2024-11-26,179.89224243164062,183.83999633789062,185.89999389648438,182.3300018310547,185.39999389648438,10186600
2024-11-27,177.29917907714844,181.19000244140625,182.4499969482422,178.0500030517578,182.0,9895200
2024-11-29,180.6946258544922,184.66000366210938,186.9499969482422,181.17999267578125,181.50999450683594,8045300
2024-12-02,190.22547912597656,194.39999389648438,195.2899932861328,188.94000244140625,189.33999633789062,16646900
2024-12-03,194.6190643310547,198.88999938964844,199.0,192.60000610351562,193.5,11217700
2024-12-04,196.3804473876953,200.69000244140625,202.60000610351562,198.27000427246094,199.85000610351562,12761100
2024-12-05,199.91290283203125,204.3000030517578,205.6300048828125,200.75,201.25,12483700
2024-12-06,198.66038513183594,203.02000427246094,203.19000244140625,199.92999267578125,202.0,9672900
2024-12-09,194.89305114746094,199.1699981689453,203.1300048828125,198.97999572753906,200.92999267578125,9699700
2024-12-10,187.81834411621094,191.94000244140625,199.91000366210938,190.3699951171875,199.10000610351562,15307900
2024-12-11,190.42120361328125,194.60000610351562,196.0,193.25999450683594,194.6699981689453,9027600
2024-12-12,187.94357299804688,191.4600067138672,195.4199981689453,191.2899932861328,194.6300048828125,7944900
2024-12-13,197.2985382080078,200.99000549316406,202.5399932861328,197.27000427246094,198.50999450683594,19477000
2024-12-16,198.50595092773438,202.22000122070312,205.5,200.8699951171875,203.1999969482422,15139300
2024-12-17,196.97459411621094,200.66000366210938,202.39999389648438,197.47000122070312,201.0,11169400
2024-12-18,191.96823120117188,195.55999755859375,205.24000549316406,193.9600067138672,203.0,14721100
2024-12-19,191.06517028808594,194.63999938964844,198.57000732421875,193.9499969482422,198.39999389648438,10553400
2024-12-20,193.5879669189453,197.2100067138672,198.0800018310547,191.97999572753906,192.60000610351562,16170100
2024-12-23,203.55154418945312,207.36000061035156,208.0500030517578,200.91000366210938,201.0,17847000
2024-12-24,202.5404510498047,206.3300018310547,207.1999969482422,204.5500030517578,205.9199981689453,7634500
2024-12-26,199.33050537109375,203.05999755859375,208.16000366210938,202.88999938964844,205.5,8044900
2024-12-27,197.92677307128906,201.6300048828125,204.5,199.0500030517578,204.5,10664400
2024-12-30,196.7095489501953,200.38999938964844,201.97000122070312,198.47999572753906,199.83999633789062,11235200
2024-12-31,193.86280822753906,197.49000549316406,201.77999877929688,197.36000061035156,200.7899932861328,6427900
2025-01-02,197.87770080566406,201.5800018310547,203.77000427246094,196.69000244140625,197.0,10951400
2025-01-03,204.77857971191406,208.61000061035156,208.8000030517578,203.6999969482422,204.10000610351562,10261900
2025-01-06,215.9691925048828,220.00999450683594,222.1999969482422,215.69000244140625,218.77000427246094,24339900
2025-01-07,207.53697204589844,211.4199981689453,221.47999572753906,211.32000732421875,221.24000549316406,17010000
2025-01-08,203.31593322753906,207.1199951171875,210.3000030517578,205.9199981689453,209.97000122070312,13262700
2025-01-10,204.54296875,208.3699951171875,209.97999572753906,203.22999572753906,207.60000610351562,17265200
2025-01-13,197.66172790527344,201.36000061035156,203.58999633789062,200.0500030517578,200.52000427246094,16612400
2025-01-14,197.7500762939453,201.4499969482422,206.25999450683594,198.5,205.19000244140625,14182900
2025-01-15,203.00181579589844,206.8000030517578,209.0399932861328,199.35000610351562,202.49000549316406,18286500
2025-01-16,210.84506225585938,214.7899932861328,221.9499969482422,213.1699981689453,218.88999938964844,38539600
2025-01-17,207.61549377441406,211.5,215.67999267578125,211.05999755859375,215.1699981689453,21606100
2025-01-21,214.68325805664062,218.6999969482422,220.14999389648438,212.0500030517578,214.4600067138672,19061300
2025-01-22,219.10060119628906,223.1999969482422,225.42999267578125,219.30999755859375,221.9499969482422,17294500
2025-01-23,220.49452209472656,224.6199951171875,224.6999969482422,219.41000366210938,220.10000610351562,8986800
2025-01-24,217.8048553466797,221.8800048828125,226.39999389648438,220.9600067138672,226.22000122070312,13183800
2025-01-27,188.7779541015625,192.30999755859375,207.0,187.6699981689453,197.0399932861328,68667500
2025-01-28,198.68263244628906,202.39999389648438,202.83999633789062,192.4600067138672,195.64999389648438,31738800
2025-01-29,198.61392211914062,202.3300018310547,206.4499969482422,199.75,204.49000549316406,15199500
2025-01-30,204.3270263671875,208.14999389648438,209.6199951171875,205.4199981689453,206.57000732421875,13539000
2025-01-31,205.47555541992188,209.32000732421875,215.0,208.1999969482422,209.92999267578125,15746900
2025-02-03,196.13038635253906,199.8000030517578,204.99000549316406,197.97999572753906,199.6300048828125,17719800
2025-02-04,200.30230712890625,204.0500030517578,205.75,202.0800018310547,204.07000732421875,12692900
2025-02-05,204.7393035888672,208.57000732421875,210.47999572753906,203.8300018310547,206.0,10997800
2025-02-06,206.63388061523438,210.5,211.17999267578125,207.0,210.05999755859375,8491400
2025-02-07,202.3343048095703,206.1199951171875,213.17999267578125,205.72000122070312,213.00999450683594,11616200
2025-02-10,204.13067626953125,207.9499969482422,209.97999572753906,206.52999877929688,208.0,9296500
2025-02-11,204.9061737060547,208.74000549316406,209.83999633789062,201.0,205.1300048828125,9224500
2025-02-12,202.5895233154297,206.3800048828125,207.07000732421875,203.00999450683594,204.89999389648438,7373700
2025-02-13,198.1230926513672,201.8300018310547,202.3000030517578,199.22999572753906,201.8800048828125,15580900
2025-02-14,200.1550750732422,203.89999389648438,206.25,197.4600067138672,199.97999572753906,23220300
2025-02-18,199.0164031982422,202.74000549316406,205.85000610351562,200.52000427246094,204.75999450683594,14988100
2025-02-19,197.25926208496094,200.9499969482422,202.60000610351562,200.02000427246094,202.00999450683594,13163100
2025-02-20,196.4248809814453,200.10000610351562,200.33999633789062,197.61000061035156,200.27999877929688,10639300
2025-02-21,194.5990447998047,198.24000549316406,202.69000244140625,196.00999450683594,201.3300018310547,13757300
2025-02-24,188.13006591796875,191.64999389648438,198.7899932861328,191.4600067138672,196.8800048828125,15114300
2025-02-25,185.89195251464844,189.3699951171875,193.52999877929688,187.47000122070312,190.64999389648438,20581000
2025-02-26,191.04551696777344,194.6199951171875,196.0800018310547,191.08999633789062,191.08999633789062,14112300
2025-02-27,177.76400756835938,181.08999633789062,194.77000427246094,181.0800018310547,194.69000244140625,24219200
2025-02-28,177.2143096923828,180.52999877929688,182.16000366210938,175.52000427246094,179.30999755859375,27929400
2025-03-03,169.79315185546875,172.97000122070312,181.57000732421875,171.07000732421875,181.14999389648438,37403000
2025-03-04,176.6940460205078,180.0,183.60000610351562,174.17999267578125,175.05999755859375,29395200
2025-03-05,180.89544677734375,184.27999877929688,184.74000549316406,180.72000122070312,183.0,17334000
2025-03-06,172.62026977539062,175.85000610351562,181.5500030517578,175.7899932861328,178.5800018310547,17864300
2025-03-07,173.84732055664062,177.10000610351562,178.47000122070312,171.02000427246094,175.7899932861328,21012700
2025-03-10,167.51576232910156,170.64999389648438,174.88999938964844,167.91000366210938,172.47000122070312,18265100
2025-03-11,167.8299102783203,170.97000122070312,173.3300018310547,168.10000610351562,170.64999389648438,16561100
2025-03-12,173.91598510742188,177.1699981689453,178.1300048828125,174.75999450683594,175.60000610351562,14737600
2025-03-13,168.43850708007812,171.58999633789062,173.88999938964844,170.5,173.88999938964844,14381600
2025-03-14,170.892578125,174.08999633789062,174.3699951171875,171.92999267578125,172.64999389648438,11449400
2025-03-17,173.0030975341797,176.24000549316406,177.16000366210938,173.82000732421875,173.9499969482422,9678100
2025-03-18,170.6123809814453,173.1300048828125,174.5800018310547,170.42999267578125,174.3800048828125,9986000
2025-03-19,171.2332000732422,173.75999450683594,175.72999572753906,171.74000549316406,173.0,10678500
2025-03-20,174.88926696777344,177.47000122070312,178.6699981689453,174.5500030517578,174.85000610351562,12209700
2025-03-21,174.16004943847656,176.72999572753906,177.1999969482422,173.7899932861328,174.91000366210938,9993200
2025-03-24,178.52561950683594,181.16000366210938,182.92999267578125,179.67999267578125,179.99000549316406,11440000
2025-03-25,178.26937866210938,180.89999389648438,182.50999450683594,179.8000030517578,182.47000122070312,8718800
2025-03-26,170.9770050048828,173.5,179.5500030517578,171.47000122070312,179.22999572753906,14612400
2025-03-27,165.7935028076172,168.24000549316406,171.61000061035156,167.5500030517578,171.38999938964844,17559100
2025-03-28,162.84698486328125,165.25,168.6300048828125,164.05999755859375,168.0399932861328,16332000
2025-03-31,163.58609008789062,166.0,166.1300048828125,159.72999572753906,160.36000061035156,19408300
2025-04-01,166.1876678466797,168.63999938964844,168.8699951171875,165.05999755859375,166.38999938964844,9180000
2025-04-02,167.9122314453125,170.38999938964844,171.75,166.35000610351562,166.85000610351562,10072700
2025-04-03,155.09141540527344,157.3800048828125,161.8000030517578,157.2100067138672,160.05999755859375,28370500
2025-04-04,144.66525268554688,146.8000030517578,151.30999755859375,144.83999633789062,150.88999938964844,36085100
2025-04-07,144.04441833496094,146.1699981689453,153.75,134.25,134.50999450683594,46388300
2025-04-08,139.31422424316406,141.3699951171875,152.61000061035156,138.97999572753906,151.97999572753906,30479700
2025-04-09,156.44151306152344,158.75,160.6199951171875,137.89999389648438,140.1999969482422,45612500
2025-04-10,148.9322967529297,151.1300048828125,156.0,146.91000366210938,155.5,24503500
2025-04-11,154.7957763671875,157.0800018310547,158.00999450683594,153.25,156.0,19632200
2025-04-14,153.57379150390625,155.83999633789062,158.58999633789062,154.02999877929688,158.3000030517578,17509400
2025-04-15,155.04214477539062,157.3300018310547,158.25,156.0500030517578,156.49000549316406,14306600
2025-04-16,149.46446228027344,151.6699981689453,153.5399932861328,148.49000549316406,150.60000610351562,23806100
2025-04-17,149.53343200683594,151.74000549316406,157.5,151.4499969482422,156.0500030517578,27239900
2025-04-21,145.70985412597656,147.86000061035156,150.27999877929688,145.83999633789062,149.99000549316406,15170500
2025-04-22,149.1983642578125,151.39999389648438,152.60000610351562,147.44000244140625,148.0,12668600
2025-04-23,155.51515197753906,157.80999755859375,160.3800048828125,156.0,159.3699951171875,17667900
2025-04-24,161.7925262451172,164.17999267578125,164.5500030517578,157.38999938964844,157.77999877929688,18761100
2025-04-25,162.69915771484375,165.10000610351562,165.91000366210938,161.16000366210938,163.92999267578125,14654800
2025-04-28,161.02386474609375,163.39999389648438,165.32000732421875,160.5,165.0,11415600
2025-04-29,162.08816528320312,164.47999572753906,166.0,163.5,164.3800048828125,9830100
2025-04-30,164.2660369873047,166.69000244140625,166.9199981689453,161.75,163.5399932861328,10073000
2025-05-01,170.20835876464844,172.72000122070312,174.77999877929688,170.9499969482422,172.8000030517578,22670600
2025-05-02,176.67295837402344,179.27999877929688,180.64999389648438,177.13999938964844,179.8000030517578,21691200
2025-05-05,173.83482360839844,176.39999389648438,180.0800018310547,176.25,179.0,14618900
2025-05-06,169.77474975585938,172.27999877929688,174.74000549316406,170.58999633789062,172.60000610351562,14565600
2025-05-07,172.0018768310547,174.5399932861328,175.97999572753906,171.3699951171875,174.10000610351562,9682500
2025-05-08,172.67198181152344,175.22000122070312,177.4499969482422,173.66000366210938,175.33999633789062,10343000
2025-05-09,173.95309448242188,176.52000427246094,180.4600067138672,176.47000122070312,179.8000030517578,11582800
2025-05-12,184.26097106933594,186.97999572753906,189.1699981689453,184.61000061035156,187.27999877929688,22064900
2025-05-13,191.16903686523438,193.99000549316406,194.27999877929688,187.72000122070312,187.72000122070312,19996000
2025-05-14,191.92784118652344,194.75999450683594,196.22000122070312,193.22999572753906,195.27999877929688,12359000
2025-05-15,191.3957061767578,194.22000122070312,194.49000549316406,191.6300048828125,193.10000610351562,10241800
2025-05-16,191.3957061767578,194.22000122070312,195.0800018310547,192.57000732421875,194.52999877929688,9146700
2025-05-19,190.68618774414062,193.5,193.5,188.80999755859375,189.0,10144400
2025-05-20,190.6368865966797,193.4499969482422,193.72999572753906,190.80999755859375,191.8000030517578,7054100
2025-05-21,188.97146606445312,191.75999450683594,195.27000427246094,190.52999877929688,193.10000610351562,7375700
2025-05-22,193.3370361328125,196.19000244140625,196.8300018310547,191.33999633789062,191.33999633789062,11825000
2025-05-23,189.18826293945312,191.97999572753906,192.8000030517578,190.02999877929688,192.02000427246094,9403100
2025-05-27,194.8053741455078,197.67999267578125,198.30999755859375,193.6999969482422,194.10000610351562,12228200
2025-05-28,193.28778076171875,196.13999938964844,198.07000732421875,195.47999572753906,196.08999633789062,17787600
2025-05-29,194.2830810546875,197.14999389648438,199.8000030517578,196.0800018310547,199.4600067138672,14609900
2025-05-30,190.5087890625,193.32000732421875,195.91000366210938,190.55999755859375,195.77000427246094,11998300
2025-06-02,192.00668334960938,194.83999633789062,195.16000366210938,192.1999969482422,193.0399932861328,7447400
2025-06-03,194.7364044189453,197.61000061035156,198.1699981689453,193.63999938964844,194.35000610351562,9548300
2025-06-04,199.4567413330078,202.39999389648438,204.02999877929688,200.3800048828125,201.3800048828125,13531100
2025-06-05,200.383056640625,203.33999633789062,205.75999450683594,202.27999877929688,204.8800048828125,12214300
2025-06-06,202.19630432128906,205.17999267578125,206.2899932861328,203.22999572753906,203.5800018310547,8532000
2025-06-09,203.98985290527344,207.0,209.27000427246094,205.8699951171875,206.39999389648438,11472300
2025-06-10,209.37046813964844,212.4600067138672,213.22999572753906,209.9600067138672,211.61000061035156,14514000
2025-06-11,210.98660278320312,214.10000610351562,217.42999267578125,212.9499969482422,215.0,13326400
2025-06-12,213.07351684570312,215.42999267578125,215.8800048828125,211.91000366210938,212.9199981689453,9796100
2025-06-13,208.79087829589844,211.10000610351562,213.25999450683594,209.39999389648438,210.11000061035156,10152500
2025-06-16,213.32078552246094,215.67999267578125,217.60000610351562,212.72999572753906,213.0,10932900
2025-06-17,211.5602569580078,213.89999389648438,215.94000244140625,213.5,213.88999938964844,8389700
2025-06-18,211.1646270751953,213.5,215.1699981689453,212.88999938964844,214.6999969482422,6932000
2025-06-20,207.21827697753906,209.50999450683594,215.5,208.14999389648438,215.1999969482422,16992000
2025-06-23,208.01942443847656,210.32000732421875,210.58999633789062,206.1999969482422,206.6300048828125,7535500
2025-06-24,217.6825408935547,220.08999633789062,220.3699951171875,213.8800048828125,214.38999938964844,14814700
2025-06-25,220.30357360839844,222.74000549316406,223.5,220.8000030517578,220.8000030517578,9168400
2025-06-26,221.55966186523438,224.00999450683594,225.22000122070312,222.6999969482422,224.97999572753906,7982200
2025-06-27,226.06979370117188,228.57000732421875,228.8800048828125,224.02999877929688,224.3000030517578,13133000
2025-06-30,224.01254272460938,226.49000549316406,228.14999389648438,224.8000030517578,227.44000244140625,9279800
2025-07-01,222.22235107421875,224.67999267578125,228.60000610351562,221.17999267578125,227.42999267578125,9990200
2025-07-02,231.04478454589844,233.60000610351562,233.82000732421875,224.0,224.47999572753906,12012500
2025-07-03,232.23162841796875,234.8000030517578,237.5800018310547,233.27000427246094,233.8699951171875,7779600
2025-07-07,226.66323852539062,229.1699981689453,232.5500030517578,227.44000244140625,231.6300048828125,13817500
2025-07-08,225.36756896972656,227.86000061035156,230.3300018310547,227.5399932861328,229.77999877929688,8854400
2025-07-09,229.3040008544922,231.83999633789062,233.27000427246094,230.24000549316406,230.4499969482422,9475300
2025-07-10,227.2467803955078,229.75999450683594,233.0500030517578,227.77000427246094,232.77999877929688,13124700
2025-07-11,227.87977600097656,230.39999389648438,232.27000427246094,229.39999389648438,231.0,8817800
2025-07-14,226.168701171875,228.6699981689453,229.85000610351562,226.30999755859375,229.3300018310547,10673500
2025-07-15,234.35813903808594,236.9499969482422,237.7100067138672,233.85000610351562,234.4600067138672,14270100
2025-07-16,234.96144104003906,237.55999755859375,238.30999755859375,234.14999389648438,236.39999389648438,15092800
2025-07-17,242.91351318359375,245.60000610351562,248.27999877929688,241.38999938964844,245.7899932861328,27395700
2025-07-18,237.77040100097656,240.39999389648438,245.97000122070312,238.69000244140625,245.30999755859375,16252000
2025-07-21,236.23736572265625,238.85000610351562,242.33999633789062,238.7100067138672,240.1199951171875,11971800
2025-07-22,232.03384399414062,234.60000610351562,238.0,231.75999450683594,237.8300018310547,11919500
2025-07-23,237.70114135742188,240.3300018310547,240.5,236.3800048828125,238.52000427246094,9885400
2025-07-24,238.95726013183594,241.60000610351562,241.9499969482422,238.02999877929688,240.2100067138672,9081900
2025-07-25,242.91351318359375,245.60000610351562,246.24000549316406,240.94000244140625,241.32000732421875,11593400
2025-07-28,240.0946807861328,242.75,243.9499969482422,241.0500030517578,243.0,11892200
2025-07-29,238.69021606445312,241.3300018310547,243.97000122070312,239.82000732421875,241.5,9411500
2025-07-30,240.2529296875,242.91000366210938,244.57000732421875,241.22000122070312,242.1199951171875,6823800
2025-07-31,238.97705078125,241.6199951171875,247.41000366210938,239.8000030517578,245.97999572753906,13490700
2025-08-01,232.6371612548828,235.2100067138672,237.19000244140625,231.83999633789062,235.6199951171875,13549800
2025-08-04,236.3856964111328,239.0,239.0,236.38999938964844,237.91000366210938,6450700
2025-08-05,229.92713928222656,232.47000122070312,238.6300048828125,230.1699981689453,238.3300018310547,11868900
2025-08-06,228.8391571044922,231.3699951171875,232.1999969482422,228.82000732421875,231.02999877929688,9457200
2025-08-07,239.9661102294922,242.6199951171875,247.83999633789062,240.8000030517578,244.47000122070312,17691000
2025-08-08,239.18475341796875,241.8300018310547,243.16000366210938,238.97000122070312,243.16000366210938,10552500
2025-08-11,239.44189453125,242.08999633789062,245.35000610351562,241.5399932861328,242.0399932861328,8272900
2025-08-12,241.61782836914062,244.2899932861328,244.77000427246094,241.6999969482422,243.72000122070312,7295800
2025-08-13,238.7990264892578,241.44000244140625,246.42999267578125,239.94000244140625,246.42999267578125,7971900
2025-08-14,238.36383056640625,241.0,241.3800048828125,236.82000732421875,237.97000122070312,11040500
2025-08-15,236.2670135498047,238.8800048828125,240.8000030517578,237.25999450683594,240.3300018310547,8155500
2025-08-18,238.76934814453125,241.41000366210938,242.86000061035156,239.99000549316406,239.99000549316406,6919800
2025-08-19,230.1546173095703,232.6999969482422,240.1699981689453,232.5800018310547,240.02000427246094,14594700
2025-08-20,226.09947204589844,228.60000610351562,229.02999877929688,223.6999969482422,228.13999938964844,17165200
2025-08-21,224.84335327148438,227.3300018310547,230.3300018310547,226.25999450683594,228.14999389648438,7449100
2025-08-22,230.4414520263672,232.99000549316406,234.4499969482422,226.1699981689453,228.0,10299500
2025-08-25,233.0129852294922,235.58999633789062,237.27999877929688,232.25,234.3000030517578,7655000
2025-08-26,236.1087646484375,238.72000122070312,238.8300018310547,235.72999572753906,236.3699951171875,9793100
2025-08-27,236.6725311279297,239.2899932861328,239.39999389648438,235.44000244140625,236.8699951171875,9516400
2025-08-28,235.66371154785156,238.27000427246094,240.66000366210938,236.0,236.3000030517578,8466200
2025-08-29,228.34461975097656,230.8699951171875,235.9499969482422,230.5800018310547,235.83999633789062,15526000
2025-09-02,225.8917694091797,228.38999938964844,229.33999633789062,225.6300048828125,226.14999389648438,13974900
2025-09-03,228.85894775390625,231.38999938964844,232.4499969482422,228.60000610351562,231.52000427246094,7198500
2025-09-04,232.6371612548828,235.2100067138672,235.30999755859375,230.3000030517578,231.35000610351562,6241900
2025-09-05,240.7474822998047,243.41000366210938,244.5500030517578,237.89999389648438,240.24000549316406,14056600
2025-09-08,244.48611450195312,247.19000244140625,247.8800048828125,241.6199951171875,241.99000549316406,12986600
2025-09-09,248.17532348632812,250.9199981689453,254.72999572753906,246.92999267578125,246.92999267578125,13443400
2025-09-10,257.5911865234375,260.44000244140625,264.5799865722656,257.75,258.8699951171875,18822400
2025-09-11,256.0779113769531,258.9100036621094,261.6400146484375,258.2300109863281,260.3500061035156,10005000
2025-09-12,256.4933166503906,259.3299865722656,260.95001220703125,258.3800048828125,260.8500061035156,8496600
2025-09-15,258.5209045410156,261.3800048828125,262.79998779296875,258.75,260.0,8147700
2025-09-16,260.0111389160156,262.05999755859375,266.44000244140625,260.6099853515625,265.9200134277344,10381900
2025-09-17,260.7354431152344,262.7900085449219,264.80999755859375,259.7300109863281,264.3399963378906,10422000
2025-09-18,266.5397033691406,268.6400146484375,270.5400085449219,257.9800109863281,258.0,16917300
2025-09-19,262.7991943359375,264.8699951171875,266.57000732421875,262.80999755859375,266.3699951171875,17640200
2025-09-22,270.49853515625,272.6300048828125,276.3599853515625,265.45001220703125,266.5400085449219,15630300
2025-09-23,280.49969482421875,282.7099914550781,286.0,280.0,282.3999938964844,17830300
2025-09-24,278.5153503417969,280.7099914550781,281.2099914550781,276.7200012207031,280.30999755859375,10231000
2025-09-25,274.49700927734375,276.6600036621094,277.1400146484375,270.19000244140625,273.1199951171875,11863400
2025-09-26,271.2228088378906,273.3599853515625,275.5,270.6199951171875,273.8900146484375,10451900
2025-09-29,271.0938415527344,273.2300109863281,279.8699951171875,273.2300109863281,276.489990234375,8046200
2025-09-30,277.1064758300781,279.2900085449219,279.489990234375,273.8299865722656,275.32000732421875,8348800
2025-10-01,286.2146911621094,288.4700012207031,290.4800109863281,277.1700134277344,278.44000244140625,14620100
2025-10-02,285.8575134277344,288.1099853515625,296.7200012207031,287.0299987792969,296.5199890136719,10198000
2025-10-03,289.90557861328125,292.19000244140625,296.05999755859375,290.489990234375,292.8599853515625,10572500
2025-10-06,300.0357971191406,302.3999938964844,307.29998779296875,299.94000244140625,300.010009765625,15785000
2025-10-07,291.7311706542969,294.0299987792969,307.1000061035156,293.2799987792969,306.6199951171875,13081000
2025-10-08,302.13916015625,304.5199890136719,306.3999938964844,293.9800109863281,295.0,12821200
2025-10-09,297.5354919433594,299.8800048828125,302.8299865722656,297.4200134277344,302.30999755859375,10259900
2025-10-10,278.4657287597656,280.6600036621094,300.20001220703125,280.3299865722656,299.9599914550781,23398000
2025-10-13,300.52197265625,302.8900146484375,304.6300048828125,292.32000732421875,298.239990234375,20318300
2025-10-14,293.6262512207031,295.94000244140625,301.75,291.3399963378906,295.6300048828125,16567900
2025-10-15,302.32769775390625,304.7099914550781,306.6099853515625,300.07000732421875,306.2900085449219,20788000
2025-10-16,297.49578857421875,299.8399963378906,311.3699951171875,296.69000244140625,310.92999267578125,26341500
2025-10-17,292.7729797363281,295.0799865722656,303.29998779296875,294.9200134277344,298.3999938964844,17633300
2025-10-20,295.3725280761719,297.70001220703125,303.6499938964844,297.05999755859375,300.0,13391600
2025-10-21,292.20745849609375,294.510009765625,299.3699951171875,293.6600036621094,299.0,11190500
2025-10-22,286.6214904785156,288.8800048828125,295.20001220703125,284.3999938964844,293.0,15409100
2025-10-23,288.45703125,290.7300109863281,294.0899963378906,289.6300048828125,289.79998779296875,10379900
2025-10-24,292.6539306640625,294.9599914550781,297.95001220703125,294.3900146484375,295.57000732421875,8747000
2025-10-27,295.918212890625,298.25,300.4800109863281,293.69000244140625,298.6499938964844,13615000
2025-10-28,299.17254638671875,301.5299987792969,302.1300048828125,296.0799865722656,298.32000732421875,11804200
2025-10-29,302.7047424316406,305.0899963378906,307.9599914550781,302.3800048828125,305.79998779296875,16177300
2025-10-30,300.849365234375,303.2200012207031,307.30999755859375,300.82000732421875,303.0799865722656,14507100
2025-10-31,298.0811767578125,300.42999267578125,307.67999267578125,296.67999267578125,305.989990234375,12667900
2025-11-03,302.47650146484375,304.8599853515625,310.1199951171875,302.1199951171875,302.5899963378906,12466600
2025-11-04,291.7510681152344,294.04998779296875,301.989990234375,293.510009765625,296.8800048828125,16224300
2025-11-05,291.3442687988281,293.6400146484375,298.2200012207031,291.5,292.6199951171875,10502500
2025-11-06,286.9786376953125,289.239990234375,294.6400146484375,287.3800048828125,294.1000061035156,11516900
2025-11-07,284.26007080078125,286.5,287.8900146484375,277.1300048828125,285.2099914550781,15715700
2025-11-10,292.9615173339844,295.2699890136719,297.1300048828125,291.75,294.3599853515625,10869200
2025-11-11,288.8935546875,291.1700134277344,294.9200134277344,288.9100036621094,292.05999755859375,9666300
2025-11-12,288.347900390625,290.6199951171875,294.8699951171875,289.5799865722656,293.70001220703125,9715900
2025-11-13,279.99371337890625,282.20001220703125,289.5,280.0,289.1700134277344,13827600
2025-11-14,282.5932312011719,284.82000732421875,286.8599853515625,273.2300109863281,275.9100036621094,11486800
2025-11-17,279.8052062988281,282.010009765625,286.5299987792969,279.79998779296875,281.44000244140625,10227100
2025-11-18,275.73724365234375,277.9100036621094,280.19000244140625,272.7200012207031,277.54998779296875,11850400
2025-11-19,280.1623840332031,282.3699951171875,284.54998779296875,276.32000732421875,276.9200134277344,11179200
2025-11-20,275.3304443359375,277.5,292.8500061035156,276.4100036621094,292.2099914550781,15747300
2025-11-21,272.9095153808594,275.05999755859375,278.69000244140625,266.82000732421875,272.80999755859375,20872800
2025-11-24,282.4146423339844,284.6400146484375,285.05999755859375,273.19000244140625,273.19000244140625,13570300
2025-11-25,282.45428466796875,284.67999267578125,285.3999938964844,273.0799865722656,282.7300109863281,13726800
2025-11-26,287.6930236816406,289.9599914550781,292.80999755859375,287.7300109863281,289.1000061035156,12220300
2025-11-28,289.23089599609375,291.510009765625,292.6700134277344,289.0,292.4800109863281,5515400
2025-12-01,285.43084716796875,287.67999267578125,291.1600036621094,283.19000244140625,286.9200134277344,7713000
2025-12-02,289.8063659667969,292.0899963378906,294.5,289.17999267578125,292.0,10746400
2025-12-03,293.14013671875,295.45001220703125,296.6199951171875,286.07000732421875,292.17999267578125,9599200
2025-12-04,290.6398010253906,292.92999267578125,294.0299987792969,290.20001220703125,293.9800109863281,6753000
2025-12-05,292.41583251953125,294.7200012207031,300.79998779296875,293.25,296.04998779296875,10275300
2025-12-08,299.5098876953125,301.8699951171875,302.6199951171875,296.7200012207031,301.20001220703125,16643100
2025-12-09,301.0378723144531,303.4100036621094,304.67999267578125,298.5,299.989990234375,11349100
2025-12-10,307.7153015136719,310.1400146484375,313.9800109863281,302.5,305.3699951171875,12429200
2025-12-11,303.2831726074219,304.8500061035156,305.8399963378906,299.6400146484375,305.32000732421875,15028400
2025-12-12,290.53900146484375,292.0400085449219,304.2799987792969,290.9800109863281,304.2799987792969,19306100
2025-12-15,286.2610778808594,287.739990234375,295.79998779296875,287.54998779296875,295.1499938964844,12082400
2025-12-16,285.39556884765625,286.8699951171875,288.4599914550781,283.32000732421875,287.260009765625,11418400
2025-12-17,275.5364990234375,276.9599914550781,289.1000061035156,275.0799865722656,288.5299987792969,16823000
2025-12-18,283.2168273925781,284.67999267578125,287.1600036621094,281.75,285.0,11260300
2025-12-19,287.4648742675781,288.95001220703125,292.1700134277344,286.3800048828125,286.3800048828125,12735800
2025-12-22,291.77264404296875,293.2799987792969,295.010009765625,291.2099914550781,294.6700134277344,6091100
2025-12-23,295.42376708984375,296.95001220703125,297.9100036621094,292.20001220703125,293.3999938964844,6802300
2025-12-24,297.2642517089844,298.79998779296875,299.1600036621094,296.2300109863281,297.739990234375,2753900
2025-12-26,301.2834777832031,302.8399963378906,303.3800048828125,298.5199890136719,299.8999938964844,5125900
2025-12-29,299.3733825683594,300.9200134277344,304.5,298.6499938964844,301.7799987792969,6205100
2025-12-30,298.0402526855469,299.5799865722656,304.54998779296875,299.45001220703125,302.3599853515625,6190600
